expert_id,initial_vector,initial_rank,hk_final_vector,hk_final_rank,ppo_final_vector,ppo_final_rank,valid_pairs,hk_reversal_count,hk_oprr,ppo_reversal_count,ppo_oprr,hk_reversed_pairs,ppo_reversed_pairs,initial_rank_text,hk_final_rank_text,ppo_final_rank_text,zero_valid_pairs,initial_u1,initial_u2,initial_u3,initial_u4,initial_u5,hk_final_u1,hk_final_u2,hk_final_u3,hk_final_u4,hk_final_u5,ppo_final_u1,ppo_final_u2,ppo_final_u3,ppo_final_u4,ppo_final_u5
专家01,"(0.374540119, 0.950714306, 0.731993942, 0.598658484, 0.156018640)",2≻3≻4≻1≻5,"(0.374540119, 0.950714306, 0.731993942, 0.598658484, 0.156018640)",2≻3≻4≻1≻5,"(0.992262136, 0.306699680, 0.974066578, 0.953784485, 0.738038117)",1≻3≻4≻5≻2,10,0,0.0,6,60.0,None,"(2,1); (2,3); (2,4); (2,5); (3,1); (4,1)",方案2 > 方案3 > 方案4 > 方案1 > 方案5,方案2 > 方案3 > 方案4 > 方案1 > 方案5,方案1 > 方案3 > 方案4 > 方案5 > 方案2,False,0.3745401188473625,0.9507143064099162,0.7319939418114051,0.5986584841970366,0.15601864044243652,0.3745401188473625,0.9507143064099162,0.7319939418114051,0.5986584841970366,0.15601864044243652,0.9922621357606216,0.3066996803490385,0.9740665784914423,0.9537844850181908,0.7380381168601855
专家02,"(0.155994520, 0.058083612, 0.866176146, 0.601115012, 0.708072578)",3≻5≻4≻1≻2,"(0.155994520, 0.058083612, 0.866176146, 0.601115012, 0.708072578)",3≻5≻4≻1≻2,"(0.776184211, 0.016050540, 0.980738652, 0.969329531, 0.975650858)",3≻5≻4≻1≻2,10,0,0.0,0,0.0,None,None,方案3 > 方案5 > 方案4 > 方案1 > 方案2,方案3 > 方案5 > 方案4 > 方案1 > 方案2,方案3 > 方案5 > 方案4 > 方案1 > 方案2,False,0.15599452033620265,0.05808361216819946,0.8661761457749352,0.6011150117432088,0.7080725777960455,0.15599452033620265,0.05808361216819946,0.8661761457749352,0.6011150117432088,0.7080725777960455,0.7761842112317144,0.0160505402373249,0.9807386521602497,0.969329530761968,0.9756508577795405
专家03,"(0.020584494, 0.969909852, 0.832442641, 0.212339111, 0.181824967)",2≻3≻4≻5≻1,"(0.020584494, 0.969909852, 0.832442641, 0.212339111, 0.181824967)",2≻3≻4≻5≻1,"(0.670584494, 0.319909852, 0.982442641, 0.862339111, 0.831824967)",3≻4≻5≻1≻2,10,0,0.0,4,40.0,None,"(2,1); (2,3); (2,4); (2,5)",方案2 > 方案3 > 方案4 > 方案5 > 方案1,方案2 > 方案3 > 方案4 > 方案5 > 方案1,方案3 > 方案4 > 方案5 > 方案1 > 方案2,False,0.020584494295802447,0.9699098521619943,0.8324426408004217,0.21233911067827616,0.18182496720710062,0.020584494295802447,0.9699098521619943,0.8324426408004217,0.21233911067827616,0.18182496720710062,0.6705844942958026,0.31990985216199397,0.9824426408004219,0.8623391106782764,0.8318249672071009
专家04,"(0.183404510, 0.304242243, 0.524756432, 0.431945019, 0.291229140)",3≻4≻2≻5≻1,"(0.183404510, 0.304242243, 0.524756432, 0.431945019, 0.291229140)",3≻4≻2≻5≻1,"(0.964490751, 0.006559384, 0.972149098, 0.969346633, 0.935181237)",3≻4≻1≻5≻2,10,0,0.0,3,30.0,None,"(2,1); (2,5); (5,1)",方案3 > 方案4 > 方案2 > 方案5 > 方案1,方案3 > 方案4 > 方案2 > 方案5 > 方案1,方案3 > 方案4 > 方案1 > 方案5 > 方案2,False,0.18340450985343382,0.3042422429595377,0.5247564316322378,0.43194501864211576,0.2912291401980419,0.18340450985343382,0.3042422429595377,0.5247564316322378,0.43194501864211576,0.2912291401980419,0.9644907508274699,0.006559383653782759,0.972149097898295,0.9693466332698614,0.9351812366933522
专家05,"(0.611852895, 0.139493861, 0.292144649, 0.366361843, 0.456069984)",1≻5≻4≻3≻2,"(0.611852895, 0.139493861, 0.292144649, 0.366361843, 0.456069984)",1≻5≻4≻3≻2,"(0.957583839, 0.009819231, 0.904443962, 0.964341617, 0.964270878)",4≻5≻1≻3≻2,10,0,0.0,3,30.0,None,"(1,4); (1,5); (5,4)",方案1 > 方案5 > 方案4 > 方案3 > 方案2,方案1 > 方案5 > 方案4 > 方案3 > 方案2,方案4 > 方案5 > 方案1 > 方案3 > 方案2,False,0.6118528947223795,0.13949386065204183,0.29214464853521815,0.3663618432936917,0.45606998421703593,0.6118528947223795,0.13949386065204183,0.29214464853521815,0.3663618432936917,0.45606998421703593,0.9575838390450997,0.009819230678972314,0.9044439615594375,0.964341617289555,0.9642708779335626
专家06,"(0.785175961, 0.199673782, 0.514234438, 0.592414569, 0.046450413)",1≻4≻3≻2≻5,"(0.785175961, 0.199673782, 0.514234438, 0.592414569, 0.046450413)",1≻4≻3≻2≻5,"(0.963845358, 0.026448409, 0.968442404, 0.961321661, 0.841962789)",3≻1≻4≻5≻2,10,0,0.0,3,30.0,None,"(1,3); (2,5); (4,3)",方案1 > 方案4 > 方案3 > 方案2 > 方案5,方案1 > 方案4 > 方案3 > 方案2 > 方案5,方案3 > 方案1 > 方案4 > 方案5 > 方案2,False,0.7851759613930136,0.19967378215835974,0.5142344384136116,0.5924145688620425,0.046450412719997725,0.7851759613930136,0.19967378215835974,0.5142344384136116,0.5924145688620425,0.046450412719997725,0.9638453584479912,0.026448409463842974,0.9684424039959607,0.9613216613928718,0.8419627885006381
专家07,"(0.607544852, 0.170524124, 0.065051593, 0.948885537, 0.965632033)",5≻4≻1≻2≻3,"(0.607544852, 0.170524124, 0.065051593, 0.948885537, 0.965632033)",5≻4≻1≻2≻3,"(0.955034525, 0.034501079, 0.784533019, 0.955056246, 0.958405535)",5≻4≻1≻3≻2,10,0,0.0,1,10.0,None,"(2,3)",方案5 > 方案4 > 方案1 > 方案2 > 方案3,方案5 > 方案4 > 方案1 > 方案2 > 方案3,方案5 > 方案4 > 方案1 > 方案3 > 方案2,False,0.6075448519014384,0.17052412368729153,0.06505159298527952,0.9488855372533332,0.9656320330745594,0.6075448519014384,0.17052412368729153,0.06505159298527952,0.9488855372533332,0.9656320330745594,0.9550345247945277,0.034501078875069036,0.7845330189169204,0.9550562457260863,0.9584055345530064
专家08,"(0.808397348, 0.304613769, 0.097672114, 0.684233027, 0.440152494)",1≻4≻5≻2≻3,"(0.808397348, 0.304613769, 0.097672114, 0.684233027, 0.440152494)",1≻4≻5≻2≻3,"(0.955034525, 0.034501079, 0.784533019, 0.955056246, 0.958405535)",5≻4≻1≻3≻2,10,0,0.0,4,40.0,None,"(1,4); (1,5); (2,3); (4,5)",方案1 > 方案4 > 方案5 > 方案2 > 方案3,方案1 > 方案4 > 方案5 > 方案2 > 方案3,方案5 > 方案4 > 方案1 > 方案3 > 方案2,False,0.8083973481164611,0.3046137691733707,0.09767211400638387,0.6842330265121569,0.4401524937396013,0.8083973481164611,0.3046137691733707,0.09767211400638387,0.6842330265121569,0.4401524937396013,0.9550345247945277,0.034501078875069036,0.7845330189169204,0.9550562457260863,0.9584055345530064
专家09,"(0.122038235, 0.495176910, 0.034388521, 0.909320402, 0.258779982)",4≻2≻5≻1≻3,"(0.122038235, 0.495176910, 0.034388521, 0.909320402, 0.258779982)",4≻2≻5≻1≻3,"(0.772038235, 0.045176910, 0.684388521, 0.959320402, 0.908779982)",4≻5≻1≻3≻2,10,0,0.0,3,30.0,None,"(2,1); (2,3); (2,5)",方案4 > 方案2 > 方案5 > 方案1 > 方案3,方案4 > 方案2 > 方案5 > 方案1 > 方案3,方案4 > 方案5 > 方案1 > 方案3 > 方案2,False,0.12203823484477883,0.4951769101112702,0.034388521115218396,0.9093204020787821,0.2587799816000169,0.12203823484477883,0.4951769101112702,0.034388521115218396,0.9093204020787821,0.2587799816000169,0.772038234844779,0.04517691011127026,0.6843885211152185,0.9593204020787821,0.9087799816000173
专家10,"(0.662522284, 0.311711076, 0.520068021, 0.546710279, 0.184854456)",1≻4≻3≻2≻5,"(0.662522284, 0.311711076, 0.520068021, 0.546710279, 0.184854456)",1≻4≻3≻2≻5,"(0.963845358, 0.026448409, 0.968442404, 0.961321661, 0.841962789)",3≻1≻4≻5≻2,10,0,0.0,3,30.0,None,"(1,3); (2,5); (4,3)",方案1 > 方案4 > 方案3 > 方案2 > 方案5,方案1 > 方案4 > 方案3 > 方案2 > 方案5,方案3 > 方案1 > 方案4 > 方案5 > 方案2,False,0.662522284353982,0.31171107608941095,0.5200680211778108,0.5467102793432796,0.18485445552552704,0.662522284353982,0.31171107608941095,0.5200680211778108,0.5467102793432796,0.18485445552552704,0.9638453584479912,0.026448409463842974,0.9684424039959607,0.9613216613928718,0.8419627885006381
专家11,"(0.969584628, 0.775132823, 0.939498942, 0.894827350, 0.597899979)",1≻3≻4≻2≻5,"(0.969584628, 0.775132823, 0.939498942, 0.894827350, 0.597899979)",1≻3≻4≻2≻5,"(0.962747230, 0.018903817, 0.964789487, 0.971129286, 0.998941446)",5≻4≻3≻1≻2,10,0,0.0,7,70.0,None,"(1,3); (1,4); (1,5); (2,5); (3,4); (3,5); (4,5)",方案1 > 方案3 > 方案4 > 方案2 > 方案5,方案1 > 方案3 > 方案4 > 方案2 > 方案5,方案5 > 方案4 > 方案3 > 方案1 > 方案2,False,0.9695846277645586,0.7751328233611146,0.9394989415641891,0.8948273504276488,0.5978999788110851,0.9695846277645586,0.7751328233611146,0.9394989415641891,0.8948273504276488,0.5978999788110851,0.9627472295133902,0.018903817492141983,0.9647894870941796,0.9711292857897442,0.9989414463363887
专家12,"(0.921874235, 0.088492502, 0.195982862, 0.045227289, 0.325330331)",1≻5≻3≻2≻4,"(0.921874235, 0.088492502, 0.195982862, 0.045227289, 0.325330331)",1≻5≻3≻2≻4,"(0.973426719, 0.027523565, 0.887799799, 0.699853594, 0.992401865)",5≻1≻3≻4≻2,10,0,0.0,2,20.0,None,"(1,5); (2,4)",方案1 > 方案5 > 方案3 > 方案2 > 方案4,方案1 > 方案5 > 方案3 > 方案2 > 方案4,方案5 > 方案1 > 方案3 > 方案4 > 方案2,False,0.9218742350231168,0.0884925020519195,0.1959828624191452,0.045227288910538066,0.32533033076326434,0.9218742350231168,0.0884925020519195,0.1959828624191452,0.045227288910538066,0.32533033076326434,0.9734267188293163,0.027523564617071086,0.8877997992238831,0.6998535935837753,0.9924018652223897
专家13,"(0.388677290, 0.271349032, 0.828737509, 0.356753327, 0.280934510)",3≻1≻4≻5≻2,"(0.388677290, 0.271349032, 0.828737509, 0.356753327, 0.280934510)",3≻1≻4≻5≻2,"(0.964329797, 0.012297341, 0.971543802, 0.969714631, 0.933633774)",3≻4≻1≻5≻2,10,0,0.0,1,10.0,None,"(1,4)",方案3 > 方案1 > 方案4 > 方案5 > 方案2,方案3 > 方案1 > 方案4 > 方案5 > 方案2,方案3 > 方案4 > 方案1 > 方案5 > 方案2,False,0.388677289689482,0.2713490317738959,0.8287375091519293,0.3567533266935893,0.28093450968738076,0.388677289689482,0.2713490317738959,0.8287375091519293,0.3567533266935893,0.28093450968738076,0.9643297970848526,0.012297341387619648,0.9715438019590509,0.9697146313086523,0.9336337743436058
专家14,"(0.542696083, 0.140924225, 0.802196981, 0.074550644, 0.986886937)",5≻3≻1≻2≻4,"(0.542696083, 0.140924225, 0.802196981, 0.074550644, 0.986886937)",5≻3≻1≻2≻4,"(0.959969709, 0.028968195, 0.974621404, 0.895757014, 0.983712683)",5≻3≻1≻4≻2,10,0,0.0,1,10.0,None,"(2,4)",方案5 > 方案3 > 方案1 > 方案2 > 方案4,方案5 > 方案3 > 方案1 > 方案2 > 方案4,方案5 > 方案3 > 方案1 > 方案4 > 方案2,False,0.5426960831582485,0.14092422497476265,0.8021969807540397,0.07455064367977082,0.9868869366005173,0.5426960831582485,0.14092422497476265,0.8021969807540397,0.07455064367977082,0.9868869366005173,0.959969708706613,0.0289681954015065,0.9746214039142369,0.895757014176613,0.9837126832160941
专家15,"(0.772244769, 0.198715682, 0.005522117, 0.815461428, 0.706857344)",4≻1≻5≻2≻3,"(0.772244769, 0.198715682, 0.005522117, 0.815461428, 0.706857344)",4≻1≻5≻2≻3,"(0.955034525, 0.034501079, 0.784533019, 0.955056246, 0.958405535)",5≻4≻1≻3≻2,10,0,0.0,3,30.0,None,"(1,5); (2,3); (4,5)",方案4 > 方案1 > 方案5 > 方案2 > 方案3,方案4 > 方案1 > 方案5 > 方案2 > 方案3,方案5 > 方案4 > 方案1 > 方案3 > 方案2,False,0.7722447692966574,0.1987156815341724,0.005522117123602399,0.8154614284548342,0.7068573438476171,0.7722447692966574,0.1987156815341724,0.005522117123602399,0.8154614284548342,0.7068573438476171,0.9550345247945277,0.034501078875069036,0.7845330189169204,0.9550562457260863,0.9584055345530064
专家16,"(0.729007168, 0.771270347, 0.074044652, 0.358465729, 0.115869060)",2≻1≻4≻5≻3,"(0.729007168, 0.771270347, 0.074044652, 0.358465729, 0.115869060)",2≻1≻4≻5≻3,"(0.980943157, 0.126960681, 0.777023927, 0.991925503, 0.736258428)",4≻1≻3≻5≻2,10,0,0.0,6,60.0,None,"(1,4); (2,1); (2,3); (2,4); (2,5); (5,3)",方案2 > 方案1 > 方案4 > 方案5 > 方案3,方案2 > 方案1 > 方案4 > 方案5 > 方案3,方案4 > 方案1 > 方案3 > 方案5 > 方案2,False,0.7290071680409873,0.7712703466859457,0.07404465173409036,0.3584657285442726,0.11586905952512971,0.7290071680409873,0.7712703466859457,0.07404465173409036,0.3584657285442726,0.11586905952512971,0.9809431572738804,0.12696068085970336,0.7770239274265415,0.9919255030219519,0.7362584281785142
专家17,"(0.863103426, 0.623298127, 0.330898025, 0.063558350, 0.310982322)",1≻2≻3≻5≻4,"(0.863103426, 0.623298127, 0.330898025, 0.063558350, 0.310982322)",1≻2≻3≻5≻4,"(0.971624540, 0.028301622, 0.917808347, 0.735469457, 0.951698368)",1≻5≻3≻4≻2,10,0,0.0,4,40.0,None,"(2,3); (2,4); (2,5); (3,5)",方案1 > 方案2 > 方案3 > 方案5 > 方案4,方案1 > 方案2 > 方案3 > 方案5 > 方案4,方案1 > 方案5 > 方案3 > 方案4 > 方案2,False,0.8631034258755935,0.6232981268275579,0.3308980248526492,0.06355835028602363,0.3109823217156622,0.8631034258755935,0.6232981268275579,0.3308980248526492,0.06355835028602363,0.3109823217156622,0.9716245397174579,0.028301621938127665,0.917808347228301,0.7354694569321337,0.9516983676662844
专家18,"(0.325183322, 0.729606178, 0.637557471, 0.887212743, 0.472214925)",4≻2≻3≻5≻1,"(0.325183322, 0.729606178, 0.637557471, 0.887212743, 0.472214925)",4≻2≻3≻5≻1,"(0.962747230, 0.018903817, 0.964789487, 0.971129286, 0.998941446)",5≻4≻3≻1≻2,10,0,0.0,5,50.0,None,"(2,1); (2,3); (2,5); (3,5); (4,5)",方案4 > 方案2 > 方案3 > 方案5 > 方案1,方案4 > 方案2 > 方案3 > 方案5 > 方案1,方案5 > 方案4 > 方案3 > 方案1 > 方案2,False,0.32518332202674705,0.7296061783380641,0.6375574713552131,0.8872127425763265,0.4722149251619493,0.32518332202674705,0.7296061783380641,0.6375574713552131,0.8872127425763265,0.4722149251619493,0.9627472295133902,0.018903817492141983,0.9647894870941796,0.9711292857897442,0.9989414463363887
专家19,"(0.119594246, 0.713244787, 0.760785049, 0.561277198, 0.770967180)",5≻3≻2≻4≻1,"(0.119594246, 0.713244787, 0.760785049, 0.561277198, 0.770967180)",5≻3≻2≻4≻1,"(0.776184211, 0.016050540, 0.980738652, 0.969329531, 0.975650858)",3≻5≻4≻1≻2,10,0,0.0,3,30.0,None,"(2,1); (2,4); (5,3)",方案5 > 方案3 > 方案2 > 方案4 > 方案1,方案5 > 方案3 > 方案2 > 方案4 > 方案1,方案3 > 方案5 > 方案4 > 方案1 > 方案2,False,0.1195942459383017,0.713244787222995,0.7607850486168974,0.5612771975694962,0.770967179954561,0.1195942459383017,0.713244787222995,0.7607850486168974,0.5612771975694962,0.770967179954561,0.7761842112317144,0.0160505402373249,0.9807386521602497,0.969329530761968,0.9756508577795405
专家20,"(0.493795596, 0.522732829, 0.427541018, 0.025419127, 0.107891427)",2≻1≻3≻5≻4,"(0.493795596, 0.522732829, 0.427541018, 0.025419127, 0.107891427)",2≻1≻3≻5≻4,"(0.993210350, 0.042043237, 0.998100830, 0.690861201, 0.763354672)",3≻1≻5≻4≻2,10,0,0.0,5,50.0,None,"(1,3); (2,1); (2,3); (2,4); (2,5)",方案2 > 方案1 > 方案3 > 方案5 > 方案4,方案2 > 方案1 > 方案3 > 方案5 > 方案4,方案3 > 方案1 > 方案5 > 方案4 > 方案2,False,0.49379559636439074,0.5227328293819941,0.42754101835854963,0.02541912674409519,0.10789142699330445,0.49379559636439074,0.5227328293819941,0.42754101835854963,0.02541912674409519,0.10789142699330445,0.9932103503276254,0.0420432370747066,0.9981008301763383,0.6908612012129663,0.7633546716306884
专家21,"(0.031429186, 0.636410411, 0.314355981, 0.508570691, 0.907566474)",5≻2≻4≻3≻1,"(0.031429186, 0.636410411, 0.314355981, 0.508570691, 0.907566474)",5≻2≻4≻3≻1,"(0.776184211, 0.016050540, 0.980738652, 0.969329531, 0.975650858)",3≻5≻4≻1≻2,10,0,0.0,5,50.0,None,"(2,1); (2,3); (2,4); (4,3); (5,3)",方案5 > 方案2 > 方案4 > 方案3 > 方案1,方案5 > 方案2 > 方案4 > 方案3 > 方案1,方案3 > 方案5 > 方案4 > 方案1 > 方案2,False,0.03142918568673425,0.6364104112637804,0.3143559810763267,0.5085706911647028,0.907566473926093,0.03142918568673425,0.6364104112637804,0.3143559810763267,0.5085706911647028,0.907566473926093,0.7761842112317144,0.0160505402373249,0.9807386521602497,0.969329530761968,0.9756508577795405
专家22,"(0.249292229, 0.410382923, 0.755551139, 0.228798165, 0.076979910)",3≻2≻1≻4≻5,"(0.249292229, 0.410382923, 0.755551139, 0.228798165, 0.076979910)",3≻2≻1≻4≻5,"(0.899292229, 0.010382923, 0.955551139, 0.878798165, 0.726979910)",3≻1≻4≻5≻2,10,0,0.0,3,30.0,None,"(2,1); (2,4); (2,5)",方案3 > 方案2 > 方案1 > 方案4 > 方案5,方案3 > 方案2 > 方案1 > 方案4 > 方案5,方案3 > 方案1 > 方案4 > 方案5 > 方案2,False,0.24929222914887494,0.41038292303562973,0.7555511385430487,0.22879816549162246,0.07697990982879299,0.24929222914887494,0.41038292303562973,0.7555511385430487,0.22879816549162246,0.07697990982879299,0.8992922291488752,0.01038292303562978,0.9555511385430489,0.8787981654916227,0.7269799098287931
专家23,"(0.289751453, 0.161221287, 0.929697652, 0.808120380, 0.633403757)",3≻4≻5≻1≻2,"(0.289751453, 0.161221287, 0.929697652, 0.808120380, 0.633403757)",3≻4≻5≻1≻2,"(0.776184211, 0.016050540, 0.980738652, 0.969329531, 0.975650858)",3≻5≻4≻1≻2,10,0,0.0,1,10.0,None,"(4,5)",方案3 > 方案4 > 方案5 > 方案1 > 方案2,方案3 > 方案4 > 方案5 > 方案1 > 方案2,方案3 > 方案5 > 方案4 > 方案1 > 方案2,False,0.289751452913768,0.16122128725400442,0.9296976523425731,0.808120379564417,0.6334037565104235,0.289751452913768,0.16122128725400442,0.9296976523425731,0.808120379564417,0.6334037565104235,0.7761842112317144,0.0160505402373249,0.9807386521602497,0.969329530761968,0.9756508577795405
专家24,"(0.871460590, 0.803672077, 0.186570059, 0.892558998, 0.539342242)",4≻1≻2≻5≻3,"(0.871460590, 0.803672077, 0.186570059, 0.892558998, 0.539342242)",4≻1≻2≻5≻3,"(0.971460590, 0.153672077, 0.836570059, 0.992558998, 0.989342242)",4≻5≻1≻3≻2,10,0,0.0,3,30.0,None,"(1,5); (2,3); (2,5)",方案4 > 方案1 > 方案2 > 方案5 > 方案3,方案4 > 方案1 > 方案2 > 方案5 > 方案3,方案4 > 方案5 > 方案1 > 方案3 > 方案2,False,0.8714605901877177,0.8036720768991145,0.18657005888603584,0.8925589984899778,0.5393422419156507,0.8714605901877177,0.8036720768991145,0.18657005888603584,0.8925589984899778,0.5393422419156507,0.9714605901877178,0.15367207689911427,0.8365700588860361,0.9925589984899779,0.9893422419156511
专家25,"(0.807440155, 0.896091300, 0.318003475, 0.110051925, 0.227935163)",2≻1≻3≻5≻4,"(0.807440155, 0.896091300, 0.318003475, 0.110051925, 0.227935163)",2≻1≻3≻5≻4,"(0.957440155, 0.246091300, 0.968003475, 0.760051925, 0.877935163)",3≻1≻5≻4≻2,10,0,0.0,5,50.0,None,"(1,3); (2,1); (2,3); (2,4); (2,5)",方案2 > 方案1 > 方案3 > 方案5 > 方案4,方案2 > 方案1 > 方案3 > 方案5 > 方案4,方案3 > 方案1 > 方案5 > 方案4 > 方案2,False,0.8074401551640625,0.8960912999234932,0.3180034749718639,0.11005192452767676,0.22793516254194168,0.8074401551640625,0.8960912999234932,0.3180034749718639,0.11005192452767676,0.22793516254194168,0.9574401551640627,0.246091299923493,0.9680034749718642,0.7600519245276769,0.8779351625419419
专家26,"(0.427107789, 0.818014766, 0.860730583, 0.006952131, 0.510747303)",3≻2≻5≻1≻4,"(0.427107789, 0.818014766, 0.860730583, 0.006952131, 0.510747303)",3≻2≻5≻1≻4,"(0.977107789, 0.168014766, 0.960730583, 0.656952131, 0.960747303)",1≻5≻3≻4≻2,10,0,0.0,6,60.0,None,"(2,1); (2,4); (2,5); (3,1); (3,5); (5,1)",方案3 > 方案2 > 方案5 > 方案1 > 方案4,方案3 > 方案2 > 方案5 > 方案1 > 方案4,方案1 > 方案5 > 方案3 > 方案4 > 方案2,False,0.4271077886262563,0.8180147659224931,0.8607305832563434,0.006952130531190703,0.5107473025775657,0.4271077886262563,0.8180147659224931,0.8607305832563434,0.006952130531190703,0.5107473025775657,0.9771077886262567,0.16801476592249293,0.9607305832563435,0.6569521305311908,0.9607473025775661
专家27,"(0.417411003, 0.222107810, 0.119865367, 0.337615171, 0.942909704)",5≻1≻4≻2≻3,"(0.417411003, 0.222107810, 0.119865367, 0.337615171, 0.942909704)",5≻1≻4≻2≻3,"(0.955034525, 0.034501079, 0.784533019, 0.955056246, 0.958405535)",5≻4≻1≻3≻2,10,0,0.0,2,20.0,None,"(1,4); (2,3)",方案5 > 方案1 > 方案4 > 方案2 > 方案3,方案5 > 方案1 > 方案4 > 方案2 > 方案3,方案5 > 方案4 > 方案1 > 方案3 > 方案2,False,0.417411003148779,0.22210781047073025,0.1198653673336828,0.33761517140362796,0.9429097039125192,0.417411003148779,0.22210781047073025,0.1198653673336828,0.33761517140362796,0.9429097039125192,0.9550345247945277,0.034501078875069036,0.7845330189169204,0.9550562457260863,0.9584055345530064
专家28,"(0.323202932, 0.518790622, 0.703018959, 0.363629602, 0.971782083)",5≻3≻2≻4≻1,"(0.323202932, 0.518790622, 0.703018959, 0.363629602, 0.971782083)",5≻3≻2≻4≻1,"(0.960181923, 0.030135975, 0.972263336, 0.911334770, 0.974498824)",5≻3≻1≻4≻2,10,0,0.0,3,30.0,None,"(2,1); (2,4); (4,1)",方案5 > 方案3 > 方案2 > 方案4 > 方案1,方案5 > 方案3 > 方案2 > 方案4 > 方案1,方案5 > 方案3 > 方案1 > 方案4 > 方案2,False,0.32320293202075523,0.5187906217433661,0.7030189588951778,0.363629602379294,0.9717820827209607,0.32320293202075523,0.5187906217433661,0.7030189588951778,0.363629602379294,0.9717820827209607,0.9601819226811555,0.030135974790497733,0.9722633356676507,0.9113347703481834,0.9744988244382982
专家29,"(0.962447295, 0.251782296, 0.497248506, 0.300878310, 0.284840494)",1≻3≻4≻5≻2,"(0.962447295, 0.251782296, 0.497248506, 0.300878310, 0.284840494)",1≻3≻4≻5≻2,"(0.964329797, 0.012297341, 0.971543802, 0.969714631, 0.933633774)",3≻4≻1≻5≻2,10,0,0.0,2,20.0,None,"(1,3); (1,4)",方案1 > 方案3 > 方案4 > 方案5 > 方案2,方案1 > 方案3 > 方案4 > 方案5 > 方案2,方案3 > 方案4 > 方案1 > 方案5 > 方案2,False,0.9624472949421112,0.25178229582536416,0.49724850589238545,0.30087830981676966,0.2848404943774676,0.9624472949421112,0.25178229582536416,0.49724850589238545,0.30087830981676966,0.2848404943774676,0.9643297970848526,0.012297341387619648,0.9715438019590509,0.9697146313086523,0.9336337743436058
专家30,"(0.036886947, 0.609564334, 0.502679023, 0.051478751, 0.278646464)",2≻3≻5≻4≻1,"(0.036886947, 0.609564334, 0.502679023, 0.051478751, 0.278646464)",2≻3≻5≻4≻1,"(0.673041999, 0.005517938, 0.958090396, 0.678270168, 0.869727258)",3≻5≻4≻1≻2,10,0,0.0,4,40.0,None,"(2,1); (2,3); (2,4); (2,5)",方案2 > 方案3 > 方案5 > 方案4 > 方案1,方案2 > 方案3 > 方案5 > 方案4 > 方案1,方案3 > 方案5 > 方案4 > 方案1 > 方案2,False,0.036886947354532795,0.6095643339798968,0.5026790232288615,0.05147875124998935,0.27864646423661144,0.036886947354532795,0.6095643339798968,0.5026790232288615,0.05147875124998935,0.27864646423661144,0.6730419994855814,0.005517938422964462,0.958090396168459,0.6782701675481042,0.8697272578270554
专家31,"(0.908265886, 0.239561891, 0.144894872, 0.489452760, 0.985650454)",5≻1≻4≻2≻3,"(0.908265886, 0.239561891, 0.144894872, 0.489452760, 0.985650454)",5≻1≻4≻2≻3,"(0.955034525, 0.034501079, 0.784533019, 0.955056246, 0.958405535)",5≻4≻1≻3≻2,10,0,0.0,2,20.0,None,"(1,4); (2,3)",方案5 > 方案1 > 方案4 > 方案2 > 方案3,方案5 > 方案1 > 方案4 > 方案2 > 方案3,方案5 > 方案4 > 方案1 > 方案3 > 方案2,False,0.9082658859666537,0.23956189066697242,0.1448948720912231,0.489452760277563,0.9856504541106007,0.9082658859666537,0.23956189066697242,0.1448948720912231,0.489452760277563,0.9856504541106007,0.9550345247945277,0.034501078875069036,0.7845330189169204,0.9550562457260863,0.9584055345530064
专家32,"(0.242055272, 0.672135547, 0.761619615, 0.237637544, 0.728216349)",3≻5≻2≻1≻4,"(0.242055272, 0.672135547, 0.761619615, 0.237637544, 0.728216349)",3≻5≻2≻1≻4,"(0.957116749, 0.026104189, 0.971281641, 0.867325681, 0.981000907)",5≻3≻1≻4≻2,10,0,0.0,3,30.0,None,"(2,1); (2,4); (3,5)",方案3 > 方案5 > 方案2 > 方案1 > 方案4,方案3 > 方案5 > 方案2 > 方案1 > 方案4,方案5 > 方案3 > 方案1 > 方案4 > 方案2,False,0.2420552715115004,0.6721355474058786,0.7616196153287176,0.23763754399239967,0.7282163486118596,0.2420552715115004,0.6721355474058786,0.7616196153287176,0.23763754399239967,0.7282163486118596,0.9571167488707221,0.026104189140386685,0.9712816407940087,0.8673256811312372,0.9810009070838548
专家33,"(0.367783133, 0.632305831, 0.633529711, 0.535774684, 0.090289770)",3≻2≻4≻1≻5,"(0.367783133, 0.632305831, 0.633529711, 0.535774684, 0.090289770)",3≻2≻4≻1≻5,"(0.963845358, 0.026448409, 0.968442404, 0.961321661, 0.841962789)",3≻1≻4≻5≻2,10,0,0.0,4,40.0,None,"(2,1); (2,4); (2,5); (4,1)",方案3 > 方案2 > 方案4 > 方案1 > 方案5,方案3 > 方案2 > 方案4 > 方案1 > 方案5,方案3 > 方案1 > 方案4 > 方案5 > 方案2,False,0.3677831327192532,0.6323058305935795,0.6335297107608947,0.5357746840747585,0.0902897700544083,0.3677831327192532,0.6323058305935795,0.6335297107608947,0.5357746840747585,0.0902897700544083,0.9638453584479912,0.026448409463842974,0.9684424039959607,0.9613216613928718,0.8419627885006381
专家34,"(0.835302496, 0.320780065, 0.186518510, 0.040775142, 0.590892943)",1≻5≻2≻3≻4,"(0.835302496, 0.320780065, 0.186518510, 0.040775142, 0.590892943)",1≻5≻2≻3≻4,"(0.973426719, 0.027523565, 0.887799799, 0.699853594, 0.992401865)",5≻1≻3≻4≻2,10,0,0.0,3,30.0,None,"(1,5); (2,3); (2,4)",方案1 > 方案5 > 方案2 > 方案3 > 方案4,方案1 > 方案5 > 方案2 > 方案3 > 方案4,方案5 > 方案1 > 方案3 > 方案4 > 方案2,False,0.835302495589238,0.32078006497173583,0.18651851039985423,0.040775141554763916,0.5908929431882418,0.835302495589238,0.32078006497173583,0.18651851039985423,0.040775141554763916,0.5908929431882418,0.9734267188293163,0.027523564617071086,0.8877997992238831,0.6998535935837753,0.9924018652223897
专家35,"(0.677564362, 0.016587829, 0.512093058, 0.226495775, 0.645172790)",1≻5≻3≻4≻2,"(0.677564362, 0.016587829, 0.512093058, 0.226495775, 0.645172790)",1≻5≻3≻4≻2,"(0.959969709, 0.028968195, 0.974621404, 0.895757014, 0.983712683)",5≻3≻1≻4≻2,10,0,0.0,2,20.0,None,"(1,3); (1,5)",方案1 > 方案5 > 方案3 > 方案4 > 方案2,方案1 > 方案5 > 方案3 > 方案4 > 方案2,方案5 > 方案3 > 方案1 > 方案4 > 方案2,False,0.6775643618422824,0.016587828927856152,0.512093058299281,0.22649577519793795,0.6451727904094499,0.6775643618422824,0.016587828927856152,0.512093058299281,0.22649577519793795,0.6451727904094499,0.959969708706613,0.0289681954015065,0.9746214039142369,0.895757014176613,0.9837126832160941
专家36,"(0.174366429, 0.690937738, 0.386735346, 0.936729989, 0.137520944)",4≻2≻3≻1≻5,"(0.174366429, 0.690937738, 0.386735346, 0.936729989, 0.137520944)",4≻2≻3≻1≻5,"(0.752433339, 0.014142963, 0.979667953, 0.973460315, 0.782290728)",3≻4≻5≻1≻2,10,0,0.0,5,50.0,None,"(1,5); (2,1); (2,3); (2,5); (4,3)",方案4 > 方案2 > 方案3 > 方案1 > 方案5,方案4 > 方案2 > 方案3 > 方案1 > 方案5,方案3 > 方案4 > 方案5 > 方案1 > 方案2,False,0.17436642900499144,0.690937738102466,0.3867353463005374,0.9367299887367345,0.13752094414599325,0.17436642900499144,0.690937738102466,0.3867353463005374,0.9367299887367345,0.13752094414599325,0.7524333394720206,0.014142963425840163,0.979667953480098,0.9734603150739989,0.7822907283989391
专家37,"(0.341066351, 0.113473521, 0.924693618, 0.877339353, 0.257941628)",3≻4≻1≻5≻2,"(0.341066351, 0.113473521, 0.924693618, 0.877339353, 0.257941628)",3≻4≻1≻5≻2,"(0.963845358, 0.026448409, 0.968442404, 0.961321661, 0.841962789)",3≻1≻4≻5≻2,10,0,0.0,1,10.0,None,"(4,1)",方案3 > 方案4 > 方案1 > 方案5 > 方案2,方案3 > 方案4 > 方案1 > 方案5 > 方案2,方案3 > 方案1 > 方案4 > 方案5 > 方案2,False,0.3410663510502585,0.11347352124058907,0.9246936182785628,0.877339353380981,0.2579416277151556,0.3410663510502585,0.11347352124058907,0.9246936182785628,0.877339353380981,0.2579416277151556,0.9638453584479912,0.026448409463842974,0.9684424039959607,0.9613216613928718,0.8419627885006381
专家38,"(0.659984046, 0.817222200, 0.555200812, 0.529650578, 0.241852291)",2≻1≻3≻4≻5,"(0.659984046, 0.817222200, 0.555200812, 0.529650578, 0.241852291)",2≻1≻3≻4≻5,"(0.975532858, 0.044221128, 0.962905341, 0.975381891, 0.907766058)",1≻4≻3≻5≻2,10,0,0.0,5,50.0,None,"(2,1); (2,3); (2,4); (2,5); (3,4)",方案2 > 方案1 > 方案3 > 方案4 > 方案5,方案2 > 方案1 > 方案3 > 方案4 > 方案5,方案1 > 方案4 > 方案3 > 方案5 > 方案2,False,0.659984046034179,0.8172222002012158,0.5552008115994623,0.5296505783560065,0.24185229090045168,0.659984046034179,0.8172222002012158,0.5552008115994623,0.5296505783560065,0.24185229090045168,0.9755328582568508,0.04422112777532916,0.9629053405428899,0.9753818912770392,0.9077660583683367
专家39,"(0.093102768, 0.897215758, 0.900418057, 0.633101457, 0.339029791)",3≻2≻4≻5≻1,"(0.093102768, 0.897215758, 0.900418057, 0.633101457, 0.339029791)",3≻2≻4≻5≻1,"(0.743688117, 0.278802748, 0.976647075, 0.960067023, 0.990626320)",5≻3≻4≻1≻2,10,0,0.0,5,50.0,None,"(2,1); (2,4); (2,5); (3,5); (4,5)",方案3 > 方案2 > 方案4 > 方案5 > 方案1,方案3 > 方案2 > 方案4 > 方案5 > 方案1,方案5 > 方案3 > 方案4 > 方案1 > 方案2,False,0.09310276780589921,0.8972157579533268,0.9004180571633305,0.6331014572732679,0.3390297910487007,0.09310276780589921,0.8972157579533268,0.9004180571633305,0.6331014572732679,0.3390297910487007,0.743688116909008,0.278802747711356,0.9766470751224362,0.9600670234826337,0.9906263197789386
专家40,"(0.349209575, 0.725955679, 0.897110260, 0.887086424, 0.779875546)",3≻4≻5≻2≻1,"(0.349209575, 0.725955679, 0.897110260, 0.887086424, 0.779875546)",3≻4≻5≻2≻1,"(0.962747230, 0.018903817, 0.964789487, 0.971129286, 0.998941446)",5≻4≻3≻1≻2,10,0,0.0,4,40.0,None,"(2,1); (3,4); (3,5); (4,5)",方案3 > 方案4 > 方案5 > 方案2 > 方案1,方案3 > 方案4 > 方案5 > 方案2 > 方案1,方案5 > 方案4 > 方案3 > 方案1 > 方案2,False,0.3492095746126609,0.7259556788702394,0.8971102599525771,0.8870864242651173,0.7798755458576239,0.3492095746126609,0.7259556788702394,0.8971102599525771,0.8870864242651173,0.7798755458576239,0.9627472295133902,0.018903817492141983,0.9647894870941796,0.9711292857897442,0.9989414463363887
专家41,"(0.642031646, 0.084139965, 0.161628714, 0.898554189, 0.606429060)",4≻1≻5≻3≻2,"(0.642031646, 0.084139965, 0.161628714, 0.898554189, 0.606429060)",4≻1≻5≻3≻2,"(0.955034525, 0.034501079, 0.784533019, 0.955056246, 0.958405535)",5≻4≻1≻3≻2,10,0,0.0,2,20.0,None,"(1,5); (4,5)",方案4 > 方案1 > 方案5 > 方案3 > 方案2,方案4 > 方案1 > 方案5 > 方案3 > 方案2,方案5 > 方案4 > 方案1 > 方案3 > 方案2,False,0.6420316461542878,0.08413996499504883,0.16162871409461377,0.8985541885270792,0.6064290596595899,0.6420316461542878,0.08413996499504883,0.16162871409461377,0.8985541885270792,0.6064290596595899,0.9550345247945277,0.034501078875069036,0.7845330189169204,0.9550562457260863,0.9584055345530064
专家42,"(0.009197052, 0.101471543, 0.663501769, 0.005061584, 0.160808051)",3≻5≻2≻1≻4,"(0.009197052, 0.101471543, 0.663501769, 0.005061584, 0.160808051)",3≻5≻2≻1≻4,"(0.673041999, 0.005517938, 0.958090396, 0.678270168, 0.869727258)",3≻5≻4≻1≻2,10,0,0.0,3,30.0,None,"(1,4); (2,1); (2,4)",方案3 > 方案5 > 方案2 > 方案1 > 方案4,方案3 > 方案5 > 方案2 > 方案1 > 方案4,方案3 > 方案5 > 方案4 > 方案1 > 方案2,False,0.009197051616629648,0.1014715428660321,0.6635017691080558,0.005061583846218687,0.16080805141749865,0.009197051616629648,0.1014715428660321,0.6635017691080558,0.005061583846218687,0.16080805141749865,0.6730419994855814,0.005517938422964462,0.958090396168459,0.6782701675481042,0.8697272578270554
专家43,"(0.548733789, 0.691895198, 0.651961260, 0.224269309, 0.712179221)",5≻2≻3≻1≻4,"(0.548733789, 0.691895198, 0.651961260, 0.224269309, 0.712179221)",5≻2≻3≻1≻4,"(0.959999951, 0.039249760, 0.969739785, 0.932765098, 0.971654254)",5≻3≻1≻4≻2,10,0,0.0,3,30.0,None,"(2,1); (2,3); (2,4)",方案5 > 方案2 > 方案3 > 方案1 > 方案4,方案5 > 方案2 > 方案3 > 方案1 > 方案4,方案5 > 方案3 > 方案1 > 方案4 > 方案2,False,0.5487337893665861,0.6918951976926933,0.6519612595026005,0.22426930946055978,0.7121792213475359,0.5487337893665861,0.6918951976926933,0.6519612595026005,0.22426930946055978,0.7121792213475359,0.9599999513629156,0.03924975957048783,0.9697397853195036,0.9327650976130708,0.9716542536219082
专家44,"(0.237249087, 0.325399698, 0.746491405, 0.649632899, 0.849223410)",5≻3≻4≻2≻1,"(0.237249087, 0.325399698, 0.746491405, 0.649632899, 0.849223410)",5≻3≻4≻2≻1,"(0.776184211, 0.016050540, 0.980738652, 0.969329531, 0.975650858)",3≻5≻4≻1≻2,10,0,0.0,2,20.0,None,"(2,1); (5,3)",方案5 > 方案3 > 方案4 > 方案2 > 方案1,方案5 > 方案3 > 方案4 > 方案2 > 方案1,方案3 > 方案5 > 方案4 > 方案1 > 方案2,False,0.23724908749680007,0.3253996981592677,0.7464914051180241,0.6496328990472147,0.8492234104941779,0.23724908749680007,0.3253996981592677,0.7464914051180241,0.6496328990472147,0.8492234104941779,0.7761842112317144,0.0160505402373249,0.9807386521602497,0.969329530761968,0.9756508577795405
专家45,"(0.657612892, 0.568308603, 0.093674768, 0.367715803, 0.265202368)",1≻2≻4≻5≻3,"(0.657612892, 0.568308603, 0.093674768, 0.367715803, 0.265202368)",1≻2≻4≻5≻3,"(0.955034525, 0.034501079, 0.784533019, 0.955056246, 0.958405535)",5≻4≻1≻3≻2,10,0,0.0,6,60.0,None,"(1,4); (1,5); (2,3); (2,4); (2,5); (4,5)",方案1 > 方案2 > 方案4 > 方案5 > 方案3,方案1 > 方案2 > 方案4 > 方案5 > 方案3,方案5 > 方案4 > 方案1 > 方案3 > 方案2,False,0.6576128923003434,0.5683086033354716,0.09367476782809248,0.3677158030594335,0.26520236768172545,0.6576128923003434,0.5683086033354716,0.09367476782809248,0.3677158030594335,0.26520236768172545,0.9550345247945277,0.034501078875069036,0.7845330189169204,0.9550562457260863,0.9584055345530064
专家46,"(0.243989643, 0.973010555, 0.393097725, 0.892046555, 0.631138626)",2≻4≻5≻3≻1,"(0.243989643, 0.973010555, 0.393097725, 0.892046555, 0.631138626)",2≻4≻5≻3≻1,"(0.931651640, 0.311536261, 0.996852436, 0.982742222, 0.981487919)",3≻4≻5≻1≻2,10,0,0.0,6,60.0,None,"(2,1); (2,3); (2,4); (2,5); (4,3); (5,3)",方案2 > 方案4 > 方案5 > 方案3 > 方案1,方案2 > 方案4 > 方案5 > 方案3 > 方案1,方案3 > 方案4 > 方案5 > 方案1 > 方案2,False,0.24398964337908358,0.9730105547524456,0.3930977246667604,0.8920465551771133,0.6311386259972629,0.24398964337908358,0.9730105547524456,0.3930977246667604,0.8920465551771133,0.6311386259972629,0.9316516404847495,0.3115362609016249,0.9968524358021584,0.9827422216502,0.9814879190835314
专家47,"(0.794811304, 0.502637093, 0.576903885, 0.492517694, 0.195242988)",1≻3≻2≻4≻5,"(0.794811304, 0.502637093, 0.576903885, 0.492517694, 0.195242988)",1≻3≻2≻4≻5,"(0.963504588, 0.029111971, 0.967819436, 0.960899146, 0.853244575)",3≻1≻4≻5≻2,10,0,0.0,3,30.0,None,"(1,3); (2,4); (2,5)",方案1 > 方案3 > 方案2 > 方案4 > 方案5,方案1 > 方案3 > 方案2 > 方案4 > 方案5,方案3 > 方案1 > 方案4 > 方案5 > 方案2,False,0.7948113035416484,0.5026370931051921,0.5769038846263591,0.4925176938188639,0.1952429877980445,0.7948113035416484,0.5026370931051921,0.5769038846263591,0.4925176938188639,0.1952429877980445,0.9635045877705927,0.029111971054812755,0.9678194362370551,0.9608991459226984,0.8532445750146662
专家48,"(0.722452115, 0.280772362, 0.024315966, 0.645472296, 0.177110679)",1≻4≻2≻5≻3,"(0.722452115, 0.280772362, 0.024315966, 0.645472296, 0.177110679)",1≻4≻2≻5≻3,"(0.983987672, 0.009987021, 0.667576809, 0.950427136, 0.784198678)",1≻4≻5≻3≻2,10,0,0.0,2,20.0,None,"(2,3); (2,5)",方案1 > 方案4 > 方案2 > 方案5 > 方案3,方案1 > 方案4 > 方案2 > 方案5 > 方案3,方案1 > 方案4 > 方案5 > 方案3 > 方案2,False,0.7224521152615053,0.2807723624408558,0.02431596643145384,0.6454722959071678,0.17711067940704894,0.7224521152615053,0.2807723624408558,0.02431596643145384,0.6454722959071678,0.17711067940704894,0.983987671878853,0.009987020587509492,0.6675768089558762,0.950427136163216,0.7841986780965914
专家49,"(0.940458584, 0.953928577, 0.914864390, 0.370158700, 0.015456617)",2≻1≻3≻4≻5,"(0.940458584, 0.953928577, 0.914864390, 0.370158700, 0.015456617)",2≻1≻3≻4≻5,"(0.992262136, 0.306699680, 0.974066578, 0.953784485, 0.738038117)",1≻3≻4≻5≻2,10,0,0.0,4,40.0,None,"(2,1); (2,3); (2,4); (2,5)",方案2 > 方案1 > 方案3 > 方案4 > 方案5,方案2 > 方案1 > 方案3 > 方案4 > 方案5,方案1 > 方案3 > 方案4 > 方案5 > 方案2,False,0.9404585843529143,0.9539285770025874,0.9148643902204485,0.3701587002554444,0.015456616528867428,0.9404585843529143,0.9539285770025874,0.9148643902204485,0.3701587002554444,0.015456616528867428,0.9922621357606216,0.3066996803490385,0.9740665784914423,0.9537844850181908,0.7380381168601855
专家50,"(0.928318563, 0.428184148, 0.966654819, 0.963619977, 0.853009455)",3≻4≻1≻5≻2,"(0.928318563, 0.428184148, 0.966654819, 0.963619977, 0.853009455)",3≻4≻1≻5≻2,"(0.963794240, 0.014334354, 0.964126159, 0.956982275, 0.951919655)",3≻1≻4≻5≻2,10,0,0.0,1,10.0,None,"(4,1)",方案3 > 方案4 > 方案1 > 方案5 > 方案2,方案3 > 方案4 > 方案1 > 方案5 > 方案2,方案3 > 方案1 > 方案4 > 方案5 > 方案2,False,0.9283185625877254,0.42818414831731433,0.9666548190436696,0.9636199770892528,0.8530094554673601,0.9283185625877254,0.42818414831731433,0.9666548190436696,0.9636199770892528,0.8530094554673601,0.9637942398331609,0.014334354072105718,0.9641261589984832,0.9569822752916666,0.9519196545197898
专家51,"(0.294448892, 0.385097729, 0.851136672, 0.316922005, 0.169492747)",3≻2≻4≻1≻5,"(0.294448892, 0.385097729, 0.851136672, 0.316922005, 0.169492747)",3≻2≻4≻1≻5,"(0.960762102, 0.026813887, 0.968580109, 0.958302267, 0.821405488)",3≻1≻4≻5≻2,10,0,0.0,4,40.0,None,"(2,1); (2,4); (2,5); (4,1)",方案3 > 方案2 > 方案4 > 方案1 > 方案5,方案3 > 方案2 > 方案4 > 方案1 > 方案5,方案3 > 方案1 > 方案4 > 方案5 > 方案2,False,0.2944488920695857,0.38509772860192526,0.8511366715168569,0.31692200515627766,0.1694927466860925,0.2944488920695857,0.38509772860192526,0.8511366715168569,0.31692200515627766,0.1694927466860925,0.9607621017515324,0.026813886585812796,0.9685801088448442,0.9583022666963871,0.8214054878881886
专家52,"(0.556801262, 0.936154774, 0.696029797, 0.570061170, 0.097176494)",2≻3≻4≻1≻5,"(0.556801262, 0.936154774, 0.696029797, 0.570061170, 0.097176494)",2≻3≻4≻1≻5,"(0.992262136, 0.306699680, 0.974066578, 0.953784485, 0.738038117)",1≻3≻4≻5≻2,10,0,0.0,6,60.0,None,"(2,1); (2,3); (2,4); (2,5); (3,1); (4,1)",方案2 > 方案3 > 方案4 > 方案1 > 方案5,方案2 > 方案3 > 方案4 > 方案1 > 方案5,方案1 > 方案3 > 方案4 > 方案5 > 方案2,False,0.5568012624583502,0.936154774160781,0.696029796674973,0.570061170089365,0.09717649377076854,0.5568012624583502,0.936154774160781,0.696029796674973,0.570061170089365,0.09717649377076854,0.9922621357606216,0.3066996803490385,0.9740665784914423,0.9537844850181908,0.7380381168601855
专家53,"(0.615007227, 0.990053850, 0.140084015, 0.518329652, 0.877373072)",2≻5≻1≻4≻3,"(0.615007227, 0.990053850, 0.140084015, 0.518329652, 0.877373072)",2≻5≻1≻4≻3,"(0.965007227, 0.340053850, 0.790084015, 0.968329652, 0.977373072)",5≻4≻1≻3≻2,10,0,0.0,5,50.0,None,"(1,4); (2,1); (2,3); (2,4); (2,5)",方案2 > 方案5 > 方案1 > 方案4 > 方案3,方案2 > 方案5 > 方案1 > 方案4 > 方案3,方案5 > 方案4 > 方案1 > 方案3 > 方案2,False,0.6150072266991697,0.9900538501042633,0.14008401523652403,0.5183296523637367,0.8773730719279554,0.6150072266991697,0.9900538501042633,0.14008401523652403,0.5183296523637367,0.8773730719279554,0.96500722669917,0.3400538501042629,0.7900840152365242,0.9683296523637371,0.9773730719279555
专家54,"(0.740768618, 0.697015741, 0.702484084, 0.359491151, 0.293591844)",1≻3≻2≻4≻5,"(0.740768618, 0.697015741, 0.702484084, 0.359491151, 0.293591844)",1≻3≻2≻4≻5,"(0.963358198, 0.000623331, 0.970743104, 0.950547778, 0.943967675)",3≻1≻4≻5≻2,10,0,0.0,3,30.0,None,"(1,3); (2,4); (2,5)",方案1 > 方案3 > 方案2 > 方案4 > 方案5,方案1 > 方案3 > 方案2 > 方案4 > 方案5,方案3 > 方案1 > 方案4 > 方案5 > 方案2,False,0.7407686177542044,0.697015740995268,0.7024840839871093,0.35949115121975517,0.29359184426449336,0.7407686177542044,0.697015740995268,0.7024840839871093,0.35949115121975517,0.29359184426449336,0.9633581979179278,0.0006233308703631479,0.9707431044740786,0.9505477775455513,0.9439676749171799
专家55,"(0.809361155, 0.810113395, 0.867072319, 0.913240553, 0.511342399)",4≻3≻2≻1≻5,"(0.809361155, 0.810113395, 0.867072319, 0.913240553, 0.511342399)",4≻3≻2≻1≻5,"(0.962747230, 0.018903817, 0.964789487, 0.971129286, 0.998941446)",5≻4≻3≻1≻2,10,0,0.0,5,50.0,None,"(1,5); (2,1); (2,5); (3,5); (4,5)",方案4 > 方案3 > 方案2 > 方案1 > 方案5,方案4 > 方案3 > 方案2 > 方案1 > 方案5,方案5 > 方案4 > 方案3 > 方案1 > 方案2,False,0.8093611554785136,0.8101133946791808,0.8670723185801037,0.9132405525564713,0.5113423988609378,0.8093611554785136,0.8101133946791808,0.8670723185801037,0.9132405525564713,0.5113423988609378,0.9627472295133902,0.018903817492141983,0.9647894870941796,0.9711292857897442,0.9989414463363887
专家56,"(0.501516295, 0.798295179, 0.649963931, 0.701966877, 0.795792669)",2≻5≻4≻3≻1,"(0.501516295, 0.798295179, 0.649963931, 0.701966877, 0.795792669)",2≻5≻4≻3≻1,"(0.962747230, 0.018903817, 0.964789487, 0.971129286, 0.998941446)",5≻4≻3≻1≻2,10,0,0.0,4,40.0,None,"(2,1); (2,3); (2,4); (2,5)",方案2 > 方案5 > 方案4 > 方案3 > 方案1,方案2 > 方案5 > 方案4 > 方案3 > 方案1,方案5 > 方案4 > 方案3 > 方案1 > 方案2,False,0.5015162946871996,0.7982951789667752,0.6499639307777652,0.7019668772577033,0.795792669436101,0.5015162946871996,0.7982951789667752,0.6499639307777652,0.7019668772577033,0.795792669436101,0.9627472295133902,0.018903817492141983,0.9647894870941796,0.9711292857897442,0.9989414463363887
专家57,"(0.890005342, 0.337995157, 0.375582953, 0.093981940, 0.578280141)",1≻5≻3≻2≻4,"(0.890005342, 0.337995157, 0.375582953, 0.093981940, 0.578280141)",1≻5≻3≻2≻4,"(0.960115694, 0.031411547, 0.970063950, 0.890143803, 0.976385494)",5≻3≻1≻4≻2,10,0,0.0,3,30.0,None,"(1,3); (1,5); (2,4)",方案1 > 方案5 > 方案3 > 方案2 > 方案4,方案1 > 方案5 > 方案3 > 方案2 > 方案4,方案5 > 方案3 > 方案1 > 方案4 > 方案2,False,0.8900053418175663,0.3379951568515358,0.375582952639944,0.093981939840869,0.578280140996174,0.8900053418175663,0.3379951568515358,0.375582952639944,0.093981939840869,0.578280140996174,0.9601156938411808,0.03141154689019377,0.970063950424741,0.8901438027360797,0.976385494100289
专家58,"(0.035942274, 0.465598018, 0.542644635, 0.286541252, 0.590833261)",5≻3≻2≻4≻1,"(0.035942274, 0.465598018, 0.542644635, 0.286541252, 0.590833261)",5≻3≻2≻4≻1,"(0.776184211, 0.016050540, 0.980738652, 0.969329531, 0.975650858)",3≻5≻4≻1≻2,10,0,0.0,3,30.0,None,"(2,1); (2,4); (5,3)",方案5 > 方案3 > 方案2 > 方案4 > 方案1,方案5 > 方案3 > 方案2 > 方案4 > 方案1,方案3 > 方案5 > 方案4 > 方案1 > 方案2,False,0.035942273796742086,0.46559801813246016,0.5426446347075766,0.2865412521282844,0.5908332605690108,0.035942273796742086,0.46559801813246016,0.5426446347075766,0.2865412521282844,0.5908332605690108,0.7761842112317144,0.0160505402373249,0.9807386521602497,0.969329530761968,0.9756508577795405
专家59,"(0.030500250, 0.037348189, 0.822600561, 0.360190641, 0.127060513)",3≻4≻5≻2≻1,"(0.030500250, 0.037348189, 0.822600561, 0.360190641, 0.127060513)",3≻4≻5≻2≻1,"(0.752433339, 0.014142963, 0.979667953, 0.973460315, 0.782290728)",3≻4≻5≻1≻2,10,0,0.0,1,10.0,None,"(2,1)",方案3 > 方案4 > 方案5 > 方案2 > 方案1,方案3 > 方案4 > 方案5 > 方案2 > 方案1,方案3 > 方案4 > 方案5 > 方案1 > 方案2,False,0.03050024993904943,0.03734818874921442,0.8226005606596583,0.3601906414112629,0.12706051265188478,0.03050024993904943,0.03734818874921442,0.8226005606596583,0.3601906414112629,0.12706051265188478,0.7524333394720206,0.014142963425840163,0.979667953480098,0.9734603150739989,0.7822907283989391
专家60,"(0.522243260, 0.769993553, 0.215821027, 0.622890476, 0.085347465)",2≻4≻1≻3≻5,"(0.522243260, 0.769993553, 0.215821027, 0.622890476, 0.085347465)",2≻4≻1≻3≻5,"(0.980943157, 0.126960681, 0.777023927, 0.991925503, 0.736258428)",4≻1≻3≻5≻2,10,0,0.0,4,40.0,None,"(2,1); (2,3); (2,4); (2,5)",方案2 > 方案4 > 方案1 > 方案3 > 方案5,方案2 > 方案4 > 方案1 > 方案3 > 方案5,方案4 > 方案1 > 方案3 > 方案5 > 方案2,False,0.5222432600548044,0.7699935530986108,0.21582102749684318,0.6228904758190003,0.085347464993768,0.5222432600548044,0.7699935530986108,0.21582102749684318,0.6228904758190003,0.085347464993768,0.9809431572738804,0.12696068085970336,0.7770239274265415,0.9919255030219519,0.7362584281785142
专家61,"(0.051681721, 0.531354632, 0.540635122, 0.637429901, 0.726091334)",5≻4≻3≻2≻1,"(0.051681721, 0.531354632, 0.540635122, 0.637429901, 0.726091334)",5≻4≻3≻2≻1,"(0.776184211, 0.016050540, 0.980738652, 0.969329531, 0.975650858)",3≻5≻4≻1≻2,10,0,0.0,3,30.0,None,"(2,1); (4,3); (5,3)",方案5 > 方案4 > 方案3 > 方案2 > 方案1,方案5 > 方案4 > 方案3 > 方案2 > 方案1,方案3 > 方案5 > 方案4 > 方案1 > 方案2,False,0.0516817211686077,0.531354631568148,0.5406351216101065,0.6374299014982066,0.7260913337226615,0.0516817211686077,0.531354631568148,0.5406351216101065,0.6374299014982066,0.7260913337226615,0.7761842112317144,0.0160505402373249,0.9807386521602497,0.969329530761968,0.9756508577795405
专家62,"(0.975852079, 0.516300348, 0.322956473, 0.795186195, 0.270832251)",1≻4≻2≻3≻5,"(0.975852079, 0.516300348, 0.322956473, 0.795186195, 0.270832251)",1≻4≻2≻3≻5,"(0.965340475, 0.004517581, 0.967070941, 0.974805556, 0.958543678)",4≻3≻1≻5≻2,10,0,0.0,4,40.0,None,"(1,3); (1,4); (2,3); (2,5)",方案1 > 方案4 > 方案2 > 方案3 > 方案5,方案1 > 方案4 > 方案2 > 方案3 > 方案5,方案4 > 方案3 > 方案1 > 方案5 > 方案2,False,0.9758520794625346,0.5163003483011953,0.32295647294124596,0.7951861947687037,0.2708322512620742,0.9758520794625346,0.5163003483011953,0.32295647294124596,0.7951861947687037,0.2708322512620742,0.9653404751510893,0.004517581007714808,0.9670709409854359,0.9748055561553287,0.9585436776123786
专家63,"(0.438971421, 0.078456381, 0.025350743, 0.962648415, 0.835980121)",4≻5≻1≻2≻3,"(0.438971421, 0.078456381, 0.025350743, 0.962648415, 0.835980121)",4≻5≻1≻2≻3,"(0.955034525, 0.034501079, 0.784533019, 0.955056246, 0.958405535)",5≻4≻1≻3≻2,10,0,0.0,2,20.0,None,"(2,3); (4,5)",方案4 > 方案5 > 方案1 > 方案2 > 方案3,方案4 > 方案5 > 方案1 > 方案2 > 方案3,方案5 > 方案4 > 方案1 > 方案3 > 方案2,False,0.4389714207056361,0.07845638134226596,0.02535074341545751,0.9626484146779251,0.8359801205122058,0.4389714207056361,0.07845638134226596,0.02535074341545751,0.9626484146779251,0.8359801205122058,0.9550345247945277,0.034501078875069036,0.7845330189169204,0.9550562457260863,0.9584055345530064
专家64,"(0.695974206, 0.408952944, 0.173294320, 0.156437043, 0.250242898)",1≻2≻5≻3≻4,"(0.695974206, 0.408952944, 0.173294320, 0.156437043, 0.250242898)",1≻2≻5≻3≻4,"(0.995974206, 0.008952944, 0.823294320, 0.806437043, 0.900242898)",1≻5≻3≻4≻2,10,0,0.0,3,30.0,None,"(2,3); (2,4); (2,5)",方案1 > 方案2 > 方案5 > 方案3 > 方案4,方案1 > 方案2 > 方案5 > 方案3 > 方案4,方案1 > 方案5 > 方案3 > 方案4 > 方案2,False,0.695974206093698,0.4089529444142699,0.17329432007084578,0.15643704267108605,0.25024289816459533,0.695974206093698,0.4089529444142699,0.17329432007084578,0.15643704267108605,0.25024289816459533,0.9959742060936982,0.008952944414269928,0.823294320070846,0.8064370426710863,0.9002428981645957
专家65,"(0.549226665, 0.714595923, 0.660197377, 0.279933897, 0.954865281)",5≻2≻3≻1≻4,"(0.549226665, 0.714595923, 0.660197377, 0.279933897, 0.954865281)",5≻2≻3≻1≻4,"(0.959999951, 0.039249760, 0.969739785, 0.932765098, 0.971654254)",5≻3≻1≻4≻2,10,0,0.0,3,30.0,None,"(2,1); (2,3); (2,4)",方案5 > 方案2 > 方案3 > 方案1 > 方案4,方案5 > 方案2 > 方案3 > 方案1 > 方案4,方案5 > 方案3 > 方案1 > 方案4 > 方案2,False,0.5492266647061205,0.7145959227000623,0.6601973767177313,0.27993389694594284,0.9548652806631941,0.5492266647061205,0.7145959227000623,0.6601973767177313,0.27993389694594284,0.9548652806631941,0.9599999513629156,0.03924975957048783,0.9697397853195036,0.9327650976130708,0.9716542536219082
专家66,"(0.737896917, 0.554354053, 0.611720746, 0.419600062, 0.247730990)",1≻3≻2≻4≻5,"(0.737896917, 0.554354053, 0.611720746, 0.419600062, 0.247730990)",1≻3≻2≻4≻5,"(0.963504588, 0.029111971, 0.967819436, 0.960899146, 0.853244575)",3≻1≻4≻5≻2,10,0,0.0,3,30.0,None,"(1,3); (2,4); (2,5)",方案1 > 方案3 > 方案2 > 方案4 > 方案5,方案1 > 方案3 > 方案2 > 方案4 > 方案5,方案3 > 方案1 > 方案4 > 方案5 > 方案2,False,0.7378969166957685,0.5543540525114007,0.6117207462343522,0.4196000624277899,0.24773098950115746,0.7378969166957685,0.5543540525114007,0.6117207462343522,0.4196000624277899,0.24773098950115746,0.9635045877705927,0.029111971054812755,0.9678194362370551,0.9608991459226984,0.8532445750146662
专家67,"(0.355972679, 0.757846110, 0.014393489, 0.116072641, 0.046002642)",2≻1≻4≻5≻3,"(0.355972679, 0.757846110, 0.014393489, 0.116072641, 0.046002642)",2≻1≻4≻5≻3,"(0.955972679, 0.107846110, 0.664393489, 0.766072641, 0.696002642)",1≻4≻5≻3≻2,10,0,0.0,4,40.0,None,"(2,1); (2,3); (2,4); (2,5)",方案2 > 方案1 > 方案4 > 方案5 > 方案3,方案2 > 方案1 > 方案4 > 方案5 > 方案3,方案1 > 方案4 > 方案5 > 方案3 > 方案2,False,0.3559726786512616,0.7578461104643691,0.014393488629755868,0.11607264050691624,0.04600264202175275,0.3559726786512616,0.7578461104643691,0.014393488629755868,0.11607264050691624,0.04600264202175275,0.955972678651262,0.10784611046436897,0.664393488629756,0.7660726405069164,0.6960026420217529
专家68,"(0.040728802, 0.855460584, 0.703657859, 0.474173829, 0.097834161)",2≻3≻4≻5≻1,"(0.040728802, 0.855460584, 0.703657859, 0.474173829, 0.097834161)",2≻3≻4≻5≻1,"(0.690728802, 0.205460584, 0.953657859, 0.974173829, 0.747834161)",4≻3≻5≻1≻2,10,0,0.0,5,50.0,None,"(2,1); (2,3); (2,4); (2,5); (3,4)",方案2 > 方案3 > 方案4 > 方案5 > 方案1,方案2 > 方案3 > 方案4 > 方案5 > 方案1,方案4 > 方案3 > 方案5 > 方案1 > 方案2,False,0.040728802318970136,0.8554605840110072,0.7036578593800237,0.4741738290873252,0.09783416065100148,0.040728802318970136,0.8554605840110072,0.7036578593800237,0.4741738290873252,0.09783416065100148,0.6907288023189703,0.20546058401100697,0.9536578593800239,0.9741738290873256,0.7478341606510016
专家69,"(0.491615875, 0.473471771, 0.173201870, 0.433851649, 0.398504734)",1≻2≻4≻5≻3,"(0.491615875, 0.473471771, 0.173201870, 0.433851649, 0.398504734)",1≻2≻4≻5≻3,"(0.955034525, 0.034501079, 0.784533019, 0.955056246, 0.958405535)",5≻4≻1≻3≻2,10,0,0.0,6,60.0,None,"(1,4); (1,5); (2,3); (2,4); (2,5); (4,5)",方案1 > 方案2 > 方案4 > 方案5 > 方案3,方案1 > 方案2 > 方案4 > 方案5 > 方案3,方案5 > 方案4 > 方案1 > 方案3 > 方案2,False,0.49161587511683236,0.4734717707805657,0.17320186991001518,0.43385164923797304,0.39850473439737344,0.49161587511683236,0.4734717707805657,0.17320186991001518,0.43385164923797304,0.39850473439737344,0.9550345247945277,0.034501078875069036,0.7845330189169204,0.9550562457260863,0.9584055345530064
专家70,"(0.615850098, 0.635093651, 0.045304010, 0.374612615, 0.625859916)",2≻5≻1≻4≻3,"(0.615850098, 0.635093651, 0.045304010, 0.374612615, 0.625859916)",2≻5≻1≻4≻3,"(0.955034525, 0.034501079, 0.784533019, 0.955056246, 0.958405535)",5≻4≻1≻3≻2,10,0,0.0,5,50.0,None,"(1,4); (2,1); (2,3); (2,4); (2,5)",方案2 > 方案5 > 方案1 > 方案4 > 方案3,方案2 > 方案5 > 方案1 > 方案4 > 方案3,方案5 > 方案4 > 方案1 > 方案3 > 方案2,False,0.6158500980522165,0.6350936508676438,0.04530400977204452,0.3746126146264712,0.6258599157142364,0.6158500980522165,0.6350936508676438,0.04530400977204452,0.3746126146264712,0.6258599157142364,0.9550345247945277,0.034501078875069036,0.7845330189169204,0.9550562457260863,0.9584055345530064
专家71,"(0.503136259, 0.856489841, 0.658693632, 0.162934427, 0.070568747)",2≻3≻1≻4≻5,"(0.503136259, 0.856489841, 0.658693632, 0.162934427, 0.070568747)",2≻3≻1≻4≻5,"(0.969619448, 0.258840203, 0.957022137, 0.829362781, 0.719965024)",1≻3≻4≻5≻2,10,0,0.0,5,50.0,None,"(2,1); (2,3); (2,4); (2,5); (3,1)",方案2 > 方案3 > 方案1 > 方案4 > 方案5,方案2 > 方案3 > 方案1 > 方案4 > 方案5,方案1 > 方案3 > 方案4 > 方案5 > 方案2,False,0.5031362585800877,0.8564898411883223,0.658693631618945,0.1629344270814297,0.07056874740042984,0.5031362585800877,0.8564898411883223,0.658693631618945,0.1629344270814297,0.07056874740042984,0.9696194481904314,0.25884020250611794,0.9570221367875045,0.8293627809353633,0.7199650241377977
专家72,"(0.642419278, 0.026511311, 0.585775581, 0.940230241, 0.575474178)",4≻1≻3≻5≻2,"(0.642419278, 0.026511311, 0.585775581, 0.940230241, 0.575474178)",4≻1≻3≻5≻2,"(0.963794240, 0.064334354, 0.964126159, 0.956982275, 0.951919655)",3≻1≻4≻5≻2,10,0,0.0,3,30.0,None,"(1,3); (4,1); (4,3)",方案4 > 方案1 > 方案3 > 方案5 > 方案2,方案4 > 方案1 > 方案3 > 方案5 > 方案2,方案3 > 方案1 > 方案4 > 方案5 > 方案2,False,0.6424192782063156,0.026511310541621813,0.5857755812734633,0.9402302414249576,0.575474177875879,0.6424192782063156,0.026511310541621813,0.5857755812734633,0.9402302414249576,0.575474177875879,0.9637942398331609,0.06433435407210572,0.9641261589984832,0.9569822752916666,0.9519196545197898
专家73,"(0.388169926, 0.643288218, 0.458252890, 0.545616789, 0.941464809)",5≻2≻4≻3≻1,"(0.388169926, 0.643288218, 0.458252890, 0.545616789, 0.941464809)",5≻2≻4≻3≻1,"(0.962747230, 0.068903817, 0.964789487, 0.971129286, 0.948941446)",4≻3≻1≻5≻2,10,0,0.0,6,60.0,None,"(2,1); (2,3); (2,4); (5,1); (5,3); (5,4)",方案5 > 方案2 > 方案4 > 方案3 > 方案1,方案5 > 方案2 > 方案4 > 方案3 > 方案1,方案4 > 方案3 > 方案1 > 方案5 > 方案2,False,0.3881699262065219,0.6432882184423532,0.45825289049151663,0.5456167893159349,0.9414648087765252,0.3881699262065219,0.6432882184423532,0.45825289049151663,0.5456167893159349,0.9414648087765252,0.9627472295133902,0.06890381749214199,0.9647894870941796,0.9711292857897442,0.9489414463363887
专家74,"(0.386102638, 0.961190564, 0.905350642, 0.195791135, 0.069361301)",2≻3≻1≻4≻5,"(0.386102638, 0.961190564, 0.905350642, 0.195791135, 0.069361301)",2≻3≻1≻4≻5,"(0.969619448, 0.308840203, 0.957022137, 0.779362781, 0.669965024)",1≻3≻4≻5≻2,10,0,0.0,5,50.0,None,"(2,1); (2,3); (2,4); (2,5); (3,1)",方案2 > 方案3 > 方案1 > 方案4 > 方案5,方案2 > 方案3 > 方案1 > 方案4 > 方案5,方案1 > 方案3 > 方案4 > 方案5 > 方案2,False,0.38610263780077425,0.9611905638239142,0.9053506419560637,0.19579113478929644,0.06936130087516545,0.38610263780077425,0.9611905638239142,0.9053506419560637,0.19579113478929644,0.06936130087516545,0.9696194481904314,0.30884020250611793,0.9570221367875045,0.7793627809353633,0.6699650241377977
专家75,"(0.100778001, 0.018221826, 0.094442961, 0.683006773, 0.071188648)",4≻1≻3≻5≻2,"(0.100778001, 0.018221826, 0.094442961, 0.683006773, 0.071188648)",4≻1≻3≻5≻2,"(0.700778001, 0.018221826, 0.694442961, 0.983006773, 0.671188648)",4≻1≻3≻5≻2,10,0,0.0,0,0.0,None,None,方案4 > 方案1 > 方案3 > 方案5 > 方案2,方案4 > 方案1 > 方案3 > 方案5 > 方案2,方案4 > 方案1 > 方案3 > 方案5 > 方案2,False,0.10077800137742665,0.018221825651549728,0.0944429607559284,0.6830067734163568,0.07118864846022899,0.10077800137742665,0.018221825651549728,0.0944429607559284,0.6830067734163568,0.07118864846022899,0.7007780013774267,0.018221825651549728,0.6944429607559285,0.9830067734163571,0.6711886484602291
专家76,"(0.318975630, 0.844875311, 0.023271936, 0.814468483, 0.281854775)",2≻4≻1≻5≻3,"(0.318975630, 0.844875311, 0.023271936, 0.814468483, 0.281854775)",2≻4≻1≻5≻3,"(0.918975630, 0.244875311, 0.623271936, 0.964468483, 0.881854775)",4≻1≻5≻3≻2,10,0,0.0,4,40.0,None,"(2,1); (2,3); (2,4); (2,5)",方案2 > 方案4 > 方案1 > 方案5 > 方案3,方案2 > 方案4 > 方案1 > 方案5 > 方案3,方案4 > 方案1 > 方案5 > 方案3 > 方案2,False,0.3189756302937613,0.8448753109694546,0.023271935735825866,0.8144684825889358,0.28185477477339993,0.3189756302937613,0.8448753109694546,0.023271935735825866,0.8144684825889358,0.28185477477339993,0.9189756302937616,0.24487531096945436,0.623271935735826,0.9644684825889359,0.8818547747734002
专家77,"(0.118164828, 0.696737165, 0.628942847, 0.877472014, 0.735071044)",4≻5≻2≻3≻1,"(0.118164828, 0.696737165, 0.628942847, 0.877472014, 0.735071044)",4≻5≻2≻3≻1,"(0.726184211, 0.016050540, 0.980738652, 0.969329531, 0.975650858)",3≻5≻4≻1≻2,10,0,0.0,5,50.0,None,"(2,1); (2,3); (4,3); (4,5); (5,3)",方案4 > 方案5 > 方案2 > 方案3 > 方案1,方案4 > 方案5 > 方案2 > 方案3 > 方案1,方案3 > 方案5 > 方案4 > 方案1 > 方案2,False,0.11816482762165625,0.6967371653641506,0.628942846779884,0.877472013527053,0.7350710438038858,0.11816482762165625,0.6967371653641506,0.628942846779884,0.877472013527053,0.7350710438038858,0.7261842112317144,0.0160505402373249,0.9807386521602497,0.969329530761968,0.9756508577795405
专家78,"(0.803480930, 0.282034573, 0.177439544, 0.750614752, 0.806834739)",5≻1≻4≻2≻3,"(0.803480930, 0.282034573, 0.177439544, 0.750614752, 0.806834739)",5≻1≻4≻2≻3,"(0.955034525, 0.034501079, 0.734533019, 0.955056246, 0.958405535)",5≻4≻1≻3≻2,10,0,0.0,2,20.0,None,"(1,4); (2,3)",方案5 > 方案1 > 方案4 > 方案2 > 方案3,方案5 > 方案1 > 方案4 > 方案2 > 方案3,方案5 > 方案4 > 方案1 > 方案3 > 方案2,False,0.8034809303848486,0.2820345725713065,0.17743954377972282,0.7506147516408583,0.806834739267264,0.8034809303848486,0.2820345725713065,0.17743954377972282,0.7506147516408583,0.806834739267264,0.9550345247945277,0.034501078875069036,0.7345330189169204,0.9550562457260863,0.9584055345530064
专家79,"(0.990505142, 0.412617677, 0.372018086, 0.776412961, 0.340803540)",1≻4≻2≻3≻5,"(0.990505142, 0.412617677, 0.372018086, 0.776412961, 0.340803540)",1≻4≻2≻3≻5,"(0.965340475, 0.054517581, 0.967070941, 0.924805556, 0.958543678)",3≻1≻5≻4≻2,10,0,0.0,5,50.0,None,"(1,3); (2,3); (2,5); (4,3); (4,5)",方案1 > 方案4 > 方案2 > 方案3 > 方案5,方案1 > 方案4 > 方案2 > 方案3 > 方案5,方案3 > 方案1 > 方案5 > 方案4 > 方案2,False,0.9905051420006733,0.4126176769114265,0.37201808579278317,0.7764129607419968,0.34080354025301784,0.9905051420006733,0.4126176769114265,0.37201808579278317,0.7764129607419968,0.34080354025301784,0.9653404751510893,0.05451758100771481,0.9670709409854359,0.9248055561553287,0.9585436776123786
专家80,"(0.930757326, 0.858412752, 0.428994027, 0.750871068, 0.754542874)",1≻2≻5≻4≻3,"(0.930757326, 0.858412752, 0.428994027, 0.750871068, 0.754542874)",1≻2≻5≻4≻3,"(0.962747230, 0.068903817, 0.964789487, 0.971129286, 0.948941446)",4≻3≻1≻5≻2,10,0,0.0,7,70.0,None,"(1,3); (1,4); (2,3); (2,4); (2,5); (5,3); (5,4)",方案1 > 方案2 > 方案5 > 方案4 > 方案3,方案1 > 方案2 > 方案5 > 方案4 > 方案3,方案4 > 方案3 > 方案1 > 方案5 > 方案2,False,0.9307573256035647,0.8584127518430118,0.42899402737501835,0.7508710677914974,0.7545428740846823,0.9307573256035647,0.8584127518430118,0.42899402737501835,0.7508710677914974,0.7545428740846823,0.9627472295133902,0.06890381749214199,0.9647894870941796,0.9711292857897442,0.9489414463363887
专家81,"(0.103123869, 0.902552907, 0.505252372, 0.826457466, 0.320049601)",2≻4≻3≻5≻1,"(0.103123869, 0.902552907, 0.505252372, 0.826457466, 0.320049601)",2≻4≻3≻5≻1,"(0.693688117, 0.328802748, 0.976647075, 0.960067023, 0.940626320)",3≻4≻5≻1≻2,10,0,0.0,5,50.0,None,"(2,1); (2,3); (2,4); (2,5); (4,3)",方案2 > 方案4 > 方案3 > 方案5 > 方案1,方案2 > 方案4 > 方案3 > 方案5 > 方案1,方案3 > 方案4 > 方案5 > 方案1 > 方案2,False,0.10312386883593261,0.9025529066795667,0.5052523724478571,0.8264574661077416,0.32004960103061175,0.10312386883593261,0.9025529066795667,0.5052523724478571,0.8264574661077416,0.32004960103061175,0.693688116909008,0.328802747711356,0.9766470751224362,0.9600670234826337,0.9406263197789385
专家82,"(0.895523228, 0.389201679, 0.010837651, 0.905381976, 0.091286677)",4≻1≻2≻5≻3,"(0.895523228, 0.389201679, 0.010837651, 0.905381976, 0.091286677)",4≻1≻2≻5≻3,"(0.983987672, 0.009987021, 0.617576809, 0.950427136, 0.734198678)",1≻4≻5≻3≻2,10,0,0.0,3,30.0,None,"(2,3); (2,5); (4,1)",方案4 > 方案1 > 方案2 > 方案5 > 方案3,方案4 > 方案1 > 方案2 > 方案5 > 方案3,方案1 > 方案4 > 方案5 > 方案3 > 方案2,False,0.8955232284962005,0.3892016787341631,0.01083765148029836,0.9053819764192637,0.09128667678613356,0.8955232284962005,0.3892016787341631,0.01083765148029836,0.9053819764192637,0.09128667678613356,0.983987671878853,0.009987020587509492,0.6175768089558762,0.950427136163216,0.7341986780965913
专家83,"(0.319313638, 0.950061967, 0.950607147, 0.573437888, 0.631837212)",3≻2≻5≻4≻1,"(0.319313638, 0.950061967, 0.950607147, 0.573437888, 0.631837212)",3≻2≻5≻4≻1,"(0.881651640, 0.361536261, 0.996852436, 0.982742222, 0.981487919)",3≻4≻5≻1≻2,10,0,0.0,4,40.0,None,"(2,1); (2,4); (2,5); (5,4)",方案3 > 方案2 > 方案5 > 方案4 > 方案1,方案3 > 方案2 > 方案5 > 方案4 > 方案1,方案3 > 方案4 > 方案5 > 方案1 > 方案2,False,0.31931363759041487,0.9500619670508049,0.9506071469375561,0.5734378881232861,0.6318372121697993,0.31931363759041487,0.9500619670508049,0.9506071469375561,0.5734378881232861,0.6318372121697993,0.8816516404847494,0.3615362609016249,0.9968524358021584,0.9827422216502,0.9814879190835314
专家84,"(0.448445522, 0.293210772, 0.328664545, 0.672518456, 0.752374529)",5≻4≻1≻3≻2,"(0.448445522, 0.293210772, 0.328664545, 0.672518456, 0.752374529)",5≻4≻1≻3≻2,"(0.964513330, 0.055251184, 0.965537851, 0.935707028, 0.943391476)",3≻1≻5≻4≻2,10,0,0.0,5,50.0,None,"(1,3); (4,1); (4,3); (5,1); (5,3)",方案5 > 方案4 > 方案1 > 方案3 > 方案2,方案5 > 方案4 > 方案1 > 方案3 > 方案2,方案3 > 方案1 > 方案5 > 方案4 > 方案2,False,0.44844552197831977,0.29321077169806453,0.32866454536991596,0.6725184560770384,0.75237452943768,0.44844552197831977,0.29321077169806453,0.32866454536991596,0.6725184560770384,0.75237452943768,0.9645133301193939,0.05525118439646555,0.965537851079789,0.9357070284718434,0.9433914756319007
专家85,"(0.791579044, 0.789618143, 0.091206103, 0.494420305, 0.057558760)",1≻2≻4≻3≻5,"(0.791579044, 0.789618143, 0.091206103, 0.494420305, 0.057558760)",1≻2≻4≻3≻5,"(0.980943157, 0.176960681, 0.727023927, 0.991925503, 0.686258428)",4≻1≻3≻5≻2,10,0,0.0,4,40.0,None,"(1,4); (2,3); (2,4); (2,5)",方案1 > 方案2 > 方案4 > 方案3 > 方案5,方案1 > 方案2 > 方案4 > 方案3 > 方案5,方案4 > 方案1 > 方案3 > 方案5 > 方案2,False,0.7915790437258485,0.7896181427945539,0.09120610304869037,0.49442030470258147,0.057558760016644284,0.7915790437258485,0.7896181427945539,0.09120610304869037,0.49442030470258147,0.057558760016644284,0.9809431572738804,0.17696068085970337,0.7270239274265414,0.9919255030219519,0.6862584281785141
专家86,"(0.549528882, 0.441530501, 0.887704183, 0.350915013, 0.117067016)",3≻1≻2≻4≻5,"(0.549528882, 0.441530501, 0.887704183, 0.350915013, 0.117067016)",3≻1≻2≻4≻5,"(0.963845358, 0.026448409, 0.968442404, 0.961321661, 0.791962789)",3≻1≻4≻5≻2,10,0,0.0,2,20.0,None,"(2,4); (2,5)",方案3 > 方案1 > 方案2 > 方案4 > 方案5,方案3 > 方案1 > 方案2 > 方案4 > 方案5,方案3 > 方案1 > 方案4 > 方案5 > 方案2,False,0.5495288823237355,0.441530501373377,0.8877041827582998,0.3509150125520787,0.11706701642760586,0.5495288823237355,0.441530501373377,0.8877041827582998,0.3509150125520787,0.11706701642760586,0.9638453584479912,0.026448409463842974,0.9684424039959607,0.9613216613928718,0.7919627885006381
专家87,"(0.142991682, 0.761510632, 0.618218063, 0.101122676, 0.084106806)",2≻3≻1≻4≻5,"(0.142991682, 0.761510632, 0.618218063, 0.101122676, 0.084106806)",2≻3≻1≻4≻5,"(0.742991682, 0.161510632, 0.968218063, 0.701122676, 0.684106806)",3≻1≻4≻5≻2,10,0,0.0,4,40.0,None,"(2,1); (2,3); (2,4); (2,5)",方案2 > 方案3 > 方案1 > 方案4 > 方案5,方案2 > 方案3 > 方案1 > 方案4 > 方案5,方案3 > 方案1 > 方案4 > 方案5 > 方案2,False,0.14299168205283586,0.7615106317174722,0.6182180633162611,0.10112267612279024,0.08410680611499743,0.14299168205283586,0.7615106317174722,0.6182180633162611,0.10112267612279024,0.08410680611499743,0.7429916820528359,0.1615106317174721,0.9682180633162614,0.7011226761227903,0.6841068061149975
专家88,"(0.700969131, 0.072763006, 0.821860059, 0.706242227, 0.081348781)",3≻4≻1≻5≻2,"(0.700969131, 0.072763006, 0.821860059, 0.706242227, 0.081348781)",3≻4≻1≻5≻2,"(0.963845358, 0.026448409, 0.968442404, 0.961321661, 0.791962789)",3≻1≻4≻5≻2,10,0,0.0,1,10.0,None,"(4,1)",方案3 > 方案4 > 方案1 > 方案5 > 方案2,方案3 > 方案4 > 方案1 > 方案5 > 方案2,方案3 > 方案1 > 方案4 > 方案5 > 方案2,False,0.70096913145912,0.07276300636419353,0.8218600592903562,0.7062422271564962,0.08134878064189976,0.70096913145912,0.07276300636419353,0.8218600592903562,0.7062422271564962,0.08134878064189976,0.9638453584479912,0.026448409463842974,0.9684424039959607,0.9613216613928718,0.7919627885006381
专家89,"(0.084837714, 0.986639579, 0.374270796, 0.370642147, 0.812799567)",2≻5≻3≻4≻1,"(0.084837714, 0.986639579, 0.374270796, 0.370642147, 0.812799567)",2≻5≻3≻4≻1,"(0.693688117, 0.328802748, 0.976647075, 0.960067023, 0.940626320)",3≻4≻5≻1≻2,10,0,0.0,6,60.0,None,"(2,1); (2,3); (2,4); (2,5); (5,3); (5,4)",方案2 > 方案5 > 方案3 > 方案4 > 方案1,方案2 > 方案5 > 方案3 > 方案4 > 方案1,方案3 > 方案4 > 方案5 > 方案1 > 方案2,False,0.08483771408519192,0.9866395785011755,0.3742707957561203,0.3706421470668909,0.8127995672575026,0.08483771408519192,0.9866395785011755,0.3742707957561203,0.3706421470668909,0.8127995672575026,0.693688116909008,0.328802747711356,0.9766470751224362,0.9600670234826337,0.9406263197789385
专家90,"(0.947248577, 0.986001064, 0.753378185, 0.376259586, 0.083500717)",2≻1≻3≻4≻5,"(0.947248577, 0.986001064, 0.753378185, 0.376259586, 0.083500717)",2≻1≻3≻4≻5,"(0.992262136, 0.356699680, 0.974066578, 0.953784485, 0.688038117)",1≻3≻4≻5≻2,10,0,0.0,4,40.0,None,"(2,1); (2,3); (2,4); (2,5)",方案2 > 方案1 > 方案3 > 方案4 > 方案5,方案2 > 方案1 > 方案3 > 方案4 > 方案5,方案1 > 方案3 > 方案4 > 方案5 > 方案2,False,0.9472485773838587,0.9860010638228709,0.7533781852589416,0.37625958553091576,0.08350071669866876,0.9472485773838587,0.9860010638228709,0.7533781852589416,0.37625958553091576,0.08350071669866876,0.9922621357606216,0.3566996803490385,0.9740665784914423,0.9537844850181908,0.6880381168601855
专家91,"(0.777146916, 0.558404250, 0.424222009, 0.906354385, 0.111197482)",4≻1≻2≻3≻5,"(0.777146916, 0.558404250, 0.424222009, 0.906354385, 0.111197482)",4≻1≻2≻3≻5,"(0.963845358, 0.026448409, 0.968442404, 0.961321661, 0.791962789)",3≻1≻4≻5≻2,10,0,0.0,5,50.0,None,"(1,3); (2,3); (2,5); (4,1); (4,3)",方案4 > 方案1 > 方案2 > 方案3 > 方案5,方案4 > 方案1 > 方案2 > 方案3 > 方案5,方案3 > 方案1 > 方案4 > 方案5 > 方案2,False,0.7771469159274368,0.558404249735805,0.4242220092469763,0.906354385094736,0.11119748230615134,0.7771469159274368,0.558404249735805,0.4242220092469763,0.906354385094736,0.11119748230615134,0.9638453584479912,0.026448409463842974,0.9684424039959607,0.9613216613928718,0.7919627885006381
专家92,"(0.492625104, 0.011353645, 0.468660642, 0.056303276, 0.118817916)",1≻3≻5≻4≻2,"(0.492625104, 0.011353645, 0.468660642, 0.056303276, 0.118817916)",1≻3≻5≻4≻2,"(0.993210350, 0.042043237, 0.998100830, 0.640861201, 0.713354672)",3≻1≻5≻4≻2,10,0,0.0,1,10.0,None,"(1,3)",方案1 > 方案3 > 方案5 > 方案4 > 方案2,方案1 > 方案3 > 方案5 > 方案4 > 方案2,方案3 > 方案1 > 方案5 > 方案4 > 方案2,False,0.49262510429085915,0.011353644767419069,0.46866064199412627,0.05630327568183735,0.11881791626807192,0.49262510429085915,0.011353644767419069,0.46866064199412627,0.05630327568183735,0.11881791626807192,0.9932103503276254,0.0420432370747066,0.9981008301763383,0.6408612012129663,0.7133546716306883
专家93,"(0.117526247, 0.649210302, 0.746044879, 0.583368765, 0.962172548)",5≻3≻2≻4≻1,"(0.117526247, 0.649210302, 0.746044879, 0.583368765, 0.962172548)",5≻3≻2≻4≻1,"(0.726184211, 0.016050540, 0.980738652, 0.969329531, 0.975650858)",3≻5≻4≻1≻2,10,0,0.0,3,30.0,None,"(2,1); (2,4); (5,3)",方案5 > 方案3 > 方案2 > 方案4 > 方案1,方案5 > 方案3 > 方案2 > 方案4 > 方案1,方案3 > 方案5 > 方案4 > 方案1 > 方案2,False,0.11752624677710488,0.6492103021160636,0.7460448792654233,0.5833687650971596,0.9621725484745419,0.11752624677710488,0.6492103021160636,0.7460448792654233,0.5833687650971596,0.9621725484745419,0.7261842112317144,0.0160505402373249,0.9807386521602497,0.969329530761968,0.9756508577795405
专家94,"(0.374870580, 0.285712086, 0.868599128, 0.223595839, 0.963222539)",5≻3≻1≻2≻4,"(0.374870580, 0.285712086, 0.868599128, 0.223595839, 0.963222539)",5≻3≻1≻2≻4,"(0.960181923, 0.030135975, 0.972263336, 0.861334770, 0.974498824)",5≻3≻1≻4≻2,10,0,0.0,1,10.0,None,"(2,4)",方案5 > 方案3 > 方案1 > 方案2 > 方案4,方案5 > 方案3 > 方案1 > 方案2 > 方案4,方案5 > 方案3 > 方案1 > 方案4 > 方案2,False,0.37487057952370406,0.28571208628186073,0.8685991281894603,0.22359583851945264,0.9632225394406113,0.37487057952370406,0.28571208628186073,0.8685991281894603,0.22359583851945264,0.9632225394406113,0.9601819226811555,0.030135974790497733,0.9722633356676507,0.8613347703481834,0.9744988244382982
专家95,"(0.012154475, 0.969878827, 0.043159912, 0.891143114, 0.527701109)",2≻4≻5≻3≻1,"(0.012154475, 0.969878827, 0.043159912, 0.891143114, 0.527701109)",2≻4≻5≻3≻1,"(0.612154475, 0.369878827, 0.643159912, 0.991143114, 0.977701109)",4≻5≻3≻1≻2,10,0,0.0,4,40.0,None,"(2,1); (2,3); (2,4); (2,5)",方案2 > 方案4 > 方案5 > 方案3 > 方案1,方案2 > 方案4 > 方案5 > 方案3 > 方案1,方案4 > 方案5 > 方案3 > 方案1 > 方案2,False,0.012154474689816341,0.969878826707639,0.04315991195057611,0.8911431136980711,0.5277011090862999,0.012154474689816341,0.969878826707639,0.04315991195057611,0.8911431136980711,0.5277011090862999,0.6121544746898164,0.36987882670763866,0.6431599119505762,0.9911431136980712,0.9777011090863003
专家96,"(0.992964796, 0.073796565, 0.553854284, 0.969302536, 0.523097844)",1≻4≻3≻5≻2,"(0.992964796, 0.073796565, 0.553854284, 0.969302536, 0.523097844)",1≻4≻3≻5≻2,"(0.963794240, 0.064334354, 0.964126159, 0.956982275, 0.951919655)",3≻1≻4≻5≻2,10,0,0.0,2,20.0,None,"(1,3); (4,3)",方案1 > 方案4 > 方案3 > 方案5 > 方案2,方案1 > 方案4 > 方案3 > 方案5 > 方案2,方案3 > 方案1 > 方案4 > 方案5 > 方案2,False,0.9929647961193003,0.07379656473539886,0.5538542844013208,0.969302535619099,0.5230978441701488,0.9929647961193003,0.07379656473539886,0.5538542844013208,0.969302535619099,0.5230978441701488,0.9637942398331609,0.06433435407210572,0.9641261589984832,0.9569822752916666,0.9519196545197898
专家97,"(0.629398638, 0.695748689, 0.454541065, 0.627558080, 0.584314312)",2≻1≻4≻5≻3,"(0.629398638, 0.695748689, 0.454541065, 0.627558080, 0.584314312)",2≻1≻4≻5≻3,"(0.962747230, 0.068903817, 0.964789487, 0.971129286, 0.948941446)",4≻3≻1≻5≻2,10,0,0.0,7,70.0,None,"(1,3); (1,4); (2,1); (2,3); (2,4); (2,5); (5,3)",方案2 > 方案1 > 方案4 > 方案5 > 方案3,方案2 > 方案1 > 方案4 > 方案5 > 方案3,方案4 > 方案3 > 方案1 > 方案5 > 方案2,False,0.6293986381352625,0.6957486889846172,0.45454106476777323,0.6275580800840634,0.5843143119231002,0.6293986381352625,0.6957486889846172,0.45454106476777323,0.6275580800840634,0.5843143119231002,0.9627472295133902,0.06890381749214199,0.9647894870941796,0.9711292857897442,0.9489414463363887
专家98,"(0.901158010, 0.045446380, 0.280963190, 0.950411484, 0.890263784)",4≻1≻5≻3≻2,"(0.901158010, 0.045446380, 0.280963190, 0.950411484, 0.890263784)",4≻1≻5≻3≻2,"(0.955034525, 0.034501079, 0.734533019, 0.955056246, 0.958405535)",5≻4≻1≻3≻2,10,0,0.0,2,20.0,None,"(1,5); (4,5)",方案4 > 方案1 > 方案5 > 方案3 > 方案2,方案4 > 方案1 > 方案5 > 方案3 > 方案2,方案5 > 方案4 > 方案1 > 方案3 > 方案2,False,0.901158010490989,0.04544638034145787,0.2809631895922303,0.9504114840765587,0.8902637838909163,0.901158010490989,0.04544638034145787,0.2809631895922303,0.9504114840765587,0.8902637838909163,0.9550345247945277,0.034501078875069036,0.7345330189169204,0.9550562457260863,0.9584055345530064
专家99,"(0.455656753, 0.620132598, 0.277381183, 0.188121160, 0.463698405)",2≻5≻1≻3≻4,"(0.455656753, 0.620132598, 0.277381183, 0.188121160, 0.463698405)",2≻5≻1≻3≻4,"(0.959866716, 0.032087665, 0.973327778, 0.854859257, 0.981835758)",5≻3≻1≻4≻2,10,0,0.0,5,50.0,None,"(1,3); (2,1); (2,3); (2,4); (2,5)",方案2 > 方案5 > 方案1 > 方案3 > 方案4,方案2 > 方案5 > 方案1 > 方案3 > 方案4,方案5 > 方案3 > 方案1 > 方案4 > 方案2,False,0.45565675278571294,0.6201325978015367,0.2773811829811327,0.1881211597237613,0.46369840493998216,0.45565675278571294,0.6201325978015367,0.2773811829811327,0.1881211597237613,0.46369840493998216,0.9598667161716463,0.032087665228746766,0.9733277775557484,0.8548592571069177,0.9818357584656745
专家100,"(0.353352228, 0.583656112, 0.077734637, 0.974394808, 0.986210744)",5≻4≻2≻1≻3,"(0.353352228, 0.583656112, 0.077734637, 0.974394808, 0.986210744)",5≻4≻2≻1≻3,"(0.955034525, 0.034501079, 0.734533019, 0.955056246, 0.958405535)",5≻4≻1≻3≻2,10,0,0.0,2,20.0,None,"(2,1); (2,3)",方案5 > 方案4 > 方案2 > 方案1 > 方案3,方案5 > 方案4 > 方案2 > 方案1 > 方案3,方案5 > 方案4 > 方案1 > 方案3 > 方案2,False,0.3533522280260528,0.5836561118508721,0.07773463696498484,0.9743948076661665,0.9862107444796029,0.3533522280260528,0.5836561118508721,0.07773463696498484,0.9743948076661665,0.9862107444796029,0.9550345247945277,0.034501078875069036,0.7345330189169204,0.9550562457260863,0.9584055345530064
