section,model,N,M,epsilon,seed,rng,distribution,intervention_steps,equivalent_rounds,final_variance,gravity_shift,final_oprr,joint_success,completed_synchronous_updates,episode_reward,failure_reason,gravity_feasible,initial_state_sha256,initial_variance,remaining_micro_steps,reversal_count,valid_pairs,variance_feasible
3.5,full_model,100,5,0.05,10000,numpy.random.default_rng,uniform,1200,12,0.049206380942286486,0.412332640143657,32.9,true,12,56.92342525656545,,True,cf25c9953adf26f363547dc292902f9dc92de856f0976a8f14771ce6eabc7457,0.3719765903851501,0,329,1000,True
3.5,full_model,100,5,0.05,10001,numpy.random.default_rng,uniform,1200,12,0.048974775586470606,0.39155165460420766,32.5,true,12,68.70702498739507,,True,1f77bb0d2f9849bf469695836b2ef4df50e72c2e040635d00f29ffe4d8f990e4,0.43215778843709735,0,325,1000,True
3.5,full_model,100,5,0.05,10002,numpy.random.default_rng,uniform,1210,12.1,0.049937801349561314,0.41628412455770225,39.9,true,12,59.354925910156055,,True,d6b74ec27001d0132e8ec26d83568c6d4ad6b68ebed7f5fcf03c8ba266b34356,0.3896165019314812,10,399,1000,True
3.5,full_model,100,5,0.05,10003,numpy.random.default_rng,uniform,1200,12,0.04639653698633535,0.3956165570115365,33.4,true,12,68.21247507396595,,True,4cffed5b347198978fecf500a129b996c36a58578d60fadeb1baf4da951e9917,0.42695781649541803,0,334,1000,True
3.5,full_model,100,5,0.05,10004,numpy.random.default_rng,uniform,1207,12.07,0.049770003745837,0.4205161099459989,33.0,true,12,63.392209964803584,,True,a01a898b7df3e3ea77ce22563a8e81daaa4e730215a35ee48af66dc191c70fe9,0.4056861825973417,7,330,1000,True
3.5,full_model,100,5,0.05,10005,numpy.random.default_rng,uniform,1236,12.36,0.04922882314040177,0.41580481157705473,37.7,true,12,67.39480690754667,,True,a199e5a8fd66c314b28699c0a8e0b6bb4ba01dc0dcfaecd30862671909621166,0.4313068088810294,36,377,1000,True
3.5,full_model,100,5,0.05,10006,numpy.random.default_rng,uniform,1225,12.25,0.049854816460365645,0.40983151114211885,36.3,true,12,64.08838925917661,,True,ba2f72cfbd7bb4d350aa9926f4031643abe31ee77bd4919a8535e9782c956261,0.4143992206340344,25,363,1000,True
3.5,full_model,100,5,0.05,10007,numpy.random.default_rng,uniform,1214,12.14,0.049666299897004114,0.4141112839569063,35.5,true,12,59.23796054414615,,True,600936d91f71f59f33b2dd55ebc1c4c85582d7522e8e7026a15ce5fcbdab7f53,0.38910963043872404,14,355,1000,True
3.5,full_model,100,5,0.05,10008,numpy.random.default_rng,uniform,1238,12.38,0.04993829009683507,0.42734530004396276,37.9,true,12,59.87365577490347,,True,599419fb950153ea31a8cbd3b639a0ef1f93fc8c8ed5e40ab887eae28c5b19a8,0.39366340529636346,38,379,1000,True
3.5,full_model,100,5,0.05,10009,numpy.random.default_rng,uniform,1223,12.23,0.04965814874930814,0.41293030866252406,38.5,true,12,59.81882519673806,,True,5a41b2eece5ad56283e1a0730a4033655e6103a915ee2fda87fc726efc9550b7,0.3932555073101643,23,385,1000,True
3.5,full_model,100,5,0.05,10010,numpy.random.default_rng,uniform,1268,12.68,0.049394224562692615,0.4185305010599343,33.6,true,12,69.15867865509222,,True,0bc6885df922028bc0544a733c2fc7a49e6f6deea4e976cfa65509e026672941,0.4415422504634192,68,336,1000,True
3.5,full_model,100,5,0.05,10011,numpy.random.default_rng,uniform,1200,12,0.04828384761673944,0.4235408487406511,35.3,true,12,58.876069118978975,,True,27a82b744750c11044598d91a65af2a42a74f626b79c997f06a78ec9c37059d6,0.3829700784238191,0,353,1000,True
3.5,full_model,100,5,0.05,10012,numpy.random.default_rng,uniform,1200,12,0.04389783976808183,0.3856521347698611,30.5,true,12,66.0961036306791,,True,f8b38cc03a7fee65191fd7ad815ba5ecf32fae9ff4c2cf4468471c830818f0ce,0.4116747709551704,0,305,1000,True
3.5,full_model,100,5,0.05,10013,numpy.random.default_rng,uniform,1211,12.11,0.049973524744948386,0.41218299504569333,33.8,true,12,70.44118808334372,,True,5bb5f15d40ac4560042fdcc8ab406da1638f80ba62822bc54818aab3642fbe2f,0.44268251091042915,11,338,1000,True
3.5,full_model,100,5,0.05,10014,numpy.random.default_rng,uniform,1201,12.01,0.04979266917573552,0.3972472640054679,36.6,true,12,66.74627273057885,,True,a424ed65debd98c6e4f5cce1c0755edb44c40232ef609e5049244742918d274d,0.42357334464463153,1,366,1000,True
3.5,full_model,100,5,0.05,10015,numpy.random.default_rng,uniform,1223,12.23,0.04981250216800222,0.41721109290854,35.8,true,12,63.66422751786081,,True,298843e731d109666cebf540fffa4ef120df21e7cf55e7034d3d7ce046298b37,0.4103379425305337,23,358,1000,True
3.5,full_model,100,5,0.05,10016,numpy.random.default_rng,uniform,1233,12.33,0.049985463749626584,0.41120287509991843,34.4,true,12,66.85873815688689,,True,af0afe247825f19259f548b7621be62d265cf931216e2938dde2c572e576d4ee,0.4277319552528362,33,344,1000,True
3.5,full_model,100,5,0.05,10017,numpy.random.default_rng,uniform,1200,12,0.04880827877696815,0.4248991070709967,37.5,true,12,61.44681506313009,,True,02848b0c85ac8a325707be4d783b10621fdbb5bd908ae071b69a605befcf10f1,0.3973985788693863,0,375,1000,True
3.5,full_model,100,5,0.05,10018,numpy.random.default_rng,uniform,1264,12.64,0.0499131328201809,0.42023633799028925,36.2,true,12,65.35415263865767,,True,99132cb3b6a5470c4341191a7dcf53d2efaff838c0f979eff8127ac883aa9107,0.4238389550979674,64,362,1000,True
3.5,full_model,100,5,0.05,10019,numpy.random.default_rng,uniform,1200,12,0.04895768154592965,0.39997677267948917,31.8,true,12,62.77157644043842,,True,029ec1af5b1a83ec523292c90ca74b129f525a5c85a6bd5d57db37829ae613e4,0.40171555794129216,0,318,1000,True
3.5,no_gravity_penalty,100,5,0.05,10000,numpy.random.default_rng,uniform,1200,12,0.04452376738385085,0.3923016027847959,37.5,true,12,57.140564600259964,,True,cf25c9953adf26f363547dc292902f9dc92de856f0976a8f14771ce6eabc7457,0.3719765903851501,0,375,1000,True
3.5,no_gravity_penalty,100,5,0.05,10001,numpy.random.default_rng,uniform,1231,12.31,0.04983015186963835,0.4034831374471837,39.6,true,12,67.36552731349184,,True,1f77bb0d2f9849bf469695836b2ef4df50e72c2e040635d00f29ffe4d8f990e4,0.43215778843709735,31,396,1000,True
3.5,no_gravity_penalty,100,5,0.05,10002,numpy.random.default_rng,uniform,1289,12.89,0.04985418379140845,0.44172760771238545,44.0,true,12,57.302463628014564,,True,d6b74ec27001d0132e8ec26d83568c6d4ad6b68ebed7f5fcf03c8ba266b34356,0.3896165019314812,89,440,1000,True
3.5,no_gravity_penalty,100,5,0.05,10003,numpy.random.default_rng,uniform,1200,12,0.04795571008897159,0.4037771085280859,39.5,true,12,67.43042128128923,,True,4cffed5b347198978fecf500a129b996c36a58578d60fadeb1baf4da951e9917,0.42695781649541803,0,395,1000,True
3.5,no_gravity_penalty,100,5,0.05,10004,numpy.random.default_rng,uniform,1234,12.34,0.04981394718986888,0.4152086139639536,40.1,true,12,61.96444708149464,,True,a01a898b7df3e3ea77ce22563a8e81daaa4e730215a35ee48af66dc191c70fe9,0.4056861825973417,34,401,1000,True
3.5,no_gravity_penalty,100,5,0.05,10005,numpy.random.default_rng,uniform,1271,12.71,0.049622325619088165,0.42811342658874824,42.2,true,12,66.27689665238826,,True,a199e5a8fd66c314b28699c0a8e0b6bb4ba01dc0dcfaecd30862671909621166,0.4313068088810294,71,422,1000,True
3.5,no_gravity_penalty,100,5,0.05,10006,numpy.random.default_rng,uniform,1200,12,0.049625049820655874,0.40385887499052614,40.0,true,12,64.49483416267573,,True,ba2f72cfbd7bb4d350aa9926f4031643abe31ee77bd4919a8535e9782c956261,0.4143992206340344,0,400,1000,True
3.5,no_gravity_penalty,100,5,0.05,10007,numpy.random.default_rng,uniform,1200,12,0.04635208021893038,0.4090637907714889,41.7,true,12,60.001510043958774,,True,600936d91f71f59f33b2dd55ebc1c4c85582d7522e8e7026a15ce5fcbdab7f53,0.38910963043872404,0,417,1000,True
3.5,no_gravity_penalty,100,5,0.05,10008,numpy.random.default_rng,uniform,1200,12,0.049692304680232516,0.4084004411501614,41.4,true,12,60.24422012322629,,True,599419fb950153ea31a8cbd3b639a0ef1f93fc8c8ed5e40ab887eae28c5b19a8,0.39366340529636346,0,414,1000,True
3.5,no_gravity_penalty,100,5,0.05,10009,numpy.random.default_rng,uniform,1243,12.43,0.04994848067011397,0.4291377184651698,41.7,true,12,59.14140532801005,,True,5a41b2eece5ad56283e1a0730a4033655e6103a915ee2fda87fc726efc9550b7,0.3932555073101643,43,417,1000,True
3.5,no_gravity_penalty,100,5,0.05,10010,numpy.random.default_rng,uniform,1263,12.63,0.049877091992774285,0.4178903381080241,40.7,true,12,68.643031694129,,True,0bc6885df922028bc0544a733c2fc7a49e6f6deea4e976cfa65509e026672941,0.4415422504634192,63,407,1000,True
3.5,no_gravity_penalty,100,5,0.05,10011,numpy.random.default_rng,uniform,1229,12.29,0.04996172945557453,0.431980400704185,41.0,true,12,57.571669793648994,,True,27a82b744750c11044598d91a65af2a42a74f626b79c997f06a78ec9c37059d6,0.3829700784238191,29,410,1000,True
3.5,no_gravity_penalty,100,5,0.05,10012,numpy.random.default_rng,uniform,1200,12,0.04957710468867696,0.3901097924900545,37.9,true,12,64.26953325329865,,True,f8b38cc03a7fee65191fd7ad815ba5ecf32fae9ff4c2cf4468471c830818f0ce,0.4116747709551704,0,379,1000,True
3.5,no_gravity_penalty,100,5,0.05,10013,numpy.random.default_rng,uniform,1244,12.44,0.049914507628639526,0.4038520800636132,41.5,true,12,69.24360065635798,,True,5bb5f15d40ac4560042fdcc8ab406da1638f80ba62822bc54818aab3642fbe2f,0.44268251091042915,44,415,1000,True
3.5,no_gravity_penalty,100,5,0.05,10014,numpy.random.default_rng,uniform,1222,12.22,0.049881594021025905,0.4002574111926981,38.7,true,12,66.26835012472111,,True,a424ed65debd98c6e4f5cce1c0755edb44c40232ef609e5049244742918d274d,0.42357334464463153,22,387,1000,True
3.5,no_gravity_penalty,100,5,0.05,10015,numpy.random.default_rng,uniform,1226,12.26,0.04984814805686256,0.41198315943561803,39.9,true,12,63.32795889473425,,True,298843e731d109666cebf540fffa4ef120df21e7cf55e7034d3d7ce046298b37,0.4103379425305337,26,399,1000,True
3.5,no_gravity_penalty,100,5,0.05,10016,numpy.random.default_rng,uniform,1241,12.41,0.049871396261938775,0.4081532598474952,39.6,true,12,66.26211179817957,,True,af0afe247825f19259f548b7621be62d265cf931216e2938dde2c572e576d4ee,0.4277319552528362,41,396,1000,True
3.5,no_gravity_penalty,100,5,0.05,10017,numpy.random.default_rng,uniform,1200,12,0.048786022836755566,0.41110501899371993,39.0,true,12,61.37251120652614,,True,02848b0c85ac8a325707be4d783b10621fdbb5bd908ae071b69a605befcf10f1,0.3973985788693863,0,390,1000,True
3.5,no_gravity_penalty,100,5,0.05,10018,numpy.random.default_rng,uniform,1254,12.54,0.04984243183778507,0.4180757498542645,40.9,true,12,65.22930465203648,,True,99132cb3b6a5470c4341191a7dcf53d2efaff838c0f979eff8127ac883aa9107,0.4238389550979674,54,409,1000,True
3.5,no_gravity_penalty,100,5,0.05,10019,numpy.random.default_rng,uniform,1206,12.06,0.04995658463219507,0.4053980324860631,38.8,true,12,62.11179466181934,,True,029ec1af5b1a83ec523292c90ca74b129f525a5c85a6bd5d57db37829ae613e4,0.40171555794129216,6,388,1000,True
3.5,no_mask,100,5,0.05,10000,numpy.random.default_rng,uniform,20000,200,0.0,0.5094341402942342,30.4,false,200,-338.5401536299663,gravity_above_threshold;max_HK_rounds_reached,False,cf25c9953adf26f363547dc292902f9dc92de856f0976a8f14771ce6eabc7457,0.3719765903851501,0,304,1000,True
3.5,no_mask,100,5,0.05,10001,numpy.random.default_rng,uniform,1293,12.93,0.049988615865958916,0.4311814378592476,28.4,true,12,65.69227544233476,,True,1f77bb0d2f9849bf469695836b2ef4df50e72c2e040635d00f29ffe4d8f990e4,0.43215778843709735,93,284,1000,True
3.5,no_mask,100,5,0.05,10002,numpy.random.default_rng,uniform,1240,12.4,0.04988215214667821,0.4320840979486013,36.1,true,12,57.725265752063194,,True,d6b74ec27001d0132e8ec26d83568c6d4ad6b68ebed7f5fcf03c8ba266b34356,0.3896165019314812,40,361,1000,True
3.5,no_mask,100,5,0.05,10003,numpy.random.default_rng,uniform,1260,12.6,0.04992364729646273,0.431160972050517,31.6,true,12,64.92527579118847,,True,4cffed5b347198978fecf500a129b996c36a58578d60fadeb1baf4da951e9917,0.42695781649541803,60,316,1000,True
3.5,no_mask,100,5,0.05,10004,numpy.random.default_rng,uniform,20000,200,0.0,0.5153728453753809,30.8,false,200,-332.40853212278756,gravity_above_threshold;max_HK_rounds_reached,False,a01a898b7df3e3ea77ce22563a8e81daaa4e730215a35ee48af66dc191c70fe9,0.4056861825973417,0,308,1000,True
3.5,no_mask,100,5,0.05,10005,numpy.random.default_rng,uniform,1300,13,0.04471046463634669,0.4455138761778291,41.6,true,13,64.92699315512769,,True,a199e5a8fd66c314b28699c0a8e0b6bb4ba01dc0dcfaecd30862671909621166,0.4313068088810294,0,416,1000,True
3.5,no_mask,100,5,0.05,10006,numpy.random.default_rng,uniform,1282,12.82,0.049993109157563005,0.4487562975012269,34.5,true,12,62.458784480419226,,True,ba2f72cfbd7bb4d350aa9926f4031643abe31ee77bd4919a8535e9782c956261,0.4143992206340344,82,345,1000,True
3.5,no_mask,100,5,0.05,10007,numpy.random.default_rng,uniform,20000,200,0.0,0.5097563515020207,34.0,false,200,-335.02356172981496,gravity_above_threshold;max_HK_rounds_reached,False,600936d91f71f59f33b2dd55ebc1c4c85582d7522e8e7026a15ce5fcbdab7f53,0.38910963043872404,0,340,1000,True
3.5,no_mask,100,5,0.05,10008,numpy.random.default_rng,uniform,1230,12.3,0.04939661022591166,0.44417535780347467,36.7,true,12,59.151150246200274,,True,599419fb950153ea31a8cbd3b639a0ef1f93fc8c8ed5e40ab887eae28c5b19a8,0.39366340529636346,30,367,1000,True
3.5,no_mask,100,5,0.05,10009,numpy.random.default_rng,uniform,1279,12.79,0.049586762472786906,0.44528071718448436,32.5,true,12,58.221484931616274,,True,5a41b2eece5ad56283e1a0730a4033655e6103a915ee2fda87fc726efc9550b7,0.3932555073101643,79,325,1000,True
3.5,no_mask,100,5,0.05,10010,numpy.random.default_rng,uniform,1274,12.74,0.0498179164748433,0.42175628616451266,28.9,true,12,67.263778983407,,True,0bc6885df922028bc0544a733c2fc7a49e6f6deea4e976cfa65509e026672941,0.4415422504634192,74,289,1000,True
3.5,no_mask,100,5,0.05,10011,numpy.random.default_rng,uniform,1262,12.62,0.04961858053922971,0.44651886835794463,32.7,true,12,55.75797363349998,,True,27a82b744750c11044598d91a65af2a42a74f626b79c997f06a78ec9c37059d6,0.3829700784238191,62,327,1000,True
3.5,no_mask,100,5,0.05,10012,numpy.random.default_rng,uniform,1268,12.68,0.0498457491360364,0.4298997212822927,31.5,true,12,61.754309377762745,,True,f8b38cc03a7fee65191fd7ad815ba5ecf32fae9ff4c2cf4468471c830818f0ce,0.4116747709551704,68,315,1000,True
3.5,no_mask,100,5,0.05,10013,numpy.random.default_rng,uniform,1265,12.65,0.0498111629879396,0.4305275314101819,30.5,true,12,67.95274320792747,,True,5bb5f15d40ac4560042fdcc8ab406da1638f80ba62822bc54818aab3642fbe2f,0.44268251091042915,65,305,1000,True
3.5,no_mask,100,5,0.05,10014,numpy.random.default_rng,uniform,1241,12.41,0.04999738046432649,0.4269633041748688,37.4,true,12,64.83384467085227,,True,a424ed65debd98c6e4f5cce1c0755edb44c40232ef609e5049244742918d274d,0.42357334464463153,41,374,1000,True
3.5,no_mask,100,5,0.05,10015,numpy.random.default_rng,uniform,1232,12.32,0.04942626673114174,0.4351289605702773,36.4,true,12,62.260578711849895,,True,298843e731d109666cebf540fffa4ef120df21e7cf55e7034d3d7ce046298b37,0.4103379425305337,32,364,1000,True
3.5,no_mask,100,5,0.05,10016,numpy.random.default_rng,uniform,20000,200,0.0,0.5093199354700939,30.6,false,200,-328.05907494619754,gravity_above_threshold;max_HK_rounds_reached,False,af0afe247825f19259f548b7621be62d265cf931216e2938dde2c572e576d4ee,0.4277319552528362,0,306,1000,True
3.5,no_mask,100,5,0.05,10017,numpy.random.default_rng,uniform,20000,200,0.0,0.5117789913935451,31.0,false,200,-333.68587317567847,gravity_above_threshold;max_HK_rounds_reached,False,02848b0c85ac8a325707be4d783b10621fdbb5bd908ae071b69a605befcf10f1,0.3973985788693863,0,310,1000,True
3.5,no_mask,100,5,0.05,10018,numpy.random.default_rng,uniform,1280,12.8,0.049932462018542505,0.44865526421466806,36.3,true,12,64.01886585267431,,True,99132cb3b6a5470c4341191a7dcf53d2efaff838c0f979eff8127ac883aa9107,0.4238389550979674,80,363,1000,True
3.5,no_mask,100,5,0.05,10019,numpy.random.default_rng,uniform,1250,12.5,0.049968411925638605,0.42926233887601256,33.2,true,12,60.08796608618692,,True,029ec1af5b1a83ec523292c90ca74b129f525a5c85a6bd5d57db37829ae613e4,0.40171555794129216,50,332,1000,True
