section,model,N,M,epsilon,seed,rng,distribution,intervention_steps,equivalent_rounds,final_variance,gravity_shift,final_oprr,joint_success,episode_reward,gravity_feasible,variance_feasible
3.8.2,full_model,100,5,0.03,10000,numpy.random.default_rng,uniform,1238,12.38,0.049783386716632294,0.4146254729243629,31.6,true,56.37790946005731,True,True
3.8.2,full_model,100,5,0.03,10001,numpy.random.default_rng,uniform,1231,12.31,0.04970359460586826,0.38856712542929156,30.0,true,68.74141040997422,True,True
3.8.2,full_model,100,5,0.03,10002,numpy.random.default_rng,uniform,1245,12.45,0.049905581561093745,0.4189992598749461,33.4,true,59.56123411108369,True,True
3.8.2,full_model,100,5,0.03,10003,numpy.random.default_rng,uniform,1240,12.4,0.04976139510157106,0.39501567423033646,32.3,true,67.25953349505765,True,True
3.8.2,full_model,100,5,0.03,10004,numpy.random.default_rng,uniform,1260,12.6,0.0499958576985074,0.42342263049901474,31.9,true,62.55689384824195,True,True
3.8.2,full_model,100,5,0.03,10005,numpy.random.default_rng,uniform,1276,12.76,0.049839414937817524,0.415681771494012,33.8,true,67.18269470006767,True,True
3.8.2,full_model,100,5,0.03,10006,numpy.random.default_rng,uniform,1265,12.65,0.04969456558868281,0.41131170010233126,35.5,true,63.90036542406517,True,True
3.8.2,full_model,100,5,0.03,10007,numpy.random.default_rng,uniform,1239,12.39,0.04996744519844869,0.4134409704993321,37.6,true,59.11776499953008,True,True
3.8.2,full_model,100,5,0.03,10008,numpy.random.default_rng,uniform,1267,12.67,0.049993671983545845,0.42441097705609304,34.8,true,59.812726113710745,True,True
3.8.2,full_model,100,5,0.03,10009,numpy.random.default_rng,uniform,1251,12.51,0.049964245533314716,0.407773767589235,33.4,true,60.13786366699024,True,True
3.8.2,full_model,100,5,0.03,10010,numpy.random.default_rng,uniform,1290,12.9,0.049740240622466195,0.41521357120335795,34.0,true,69.01964128963034,True,True
3.8.2,full_model,100,5,0.03,10011,numpy.random.default_rng,uniform,1250,12.5,0.04992520577891876,0.4267737301404171,35.4,true,58.03763584247294,True,True
3.8.2,full_model,100,5,0.03,10012,numpy.random.default_rng,uniform,1214,12.14,0.04992285896991439,0.3860976156675708,31.6,true,64.79107751626778,True,True
3.8.2,full_model,100,5,0.03,10013,numpy.random.default_rng,uniform,1269,12.69,0.049964198351640746,0.414083973789457,32.6,true,69.74295831306807,True,True
3.8.2,full_model,100,5,0.03,10014,numpy.random.default_rng,uniform,1242,12.42,0.04979190172977277,0.4023102281753085,34.2,true,66.21617307156296,True,True
3.8.2,full_model,100,5,0.03,10015,numpy.random.default_rng,uniform,1253,12.53,0.04985095670414728,0.41630291065342695,32.6,true,63.67658201974443,True,True
3.8.2,full_model,100,5,0.03,10016,numpy.random.default_rng,uniform,1277,12.77,0.049782167845785354,0.4139997116394779,34.6,true,66.49925749582806,True,True
3.8.2,full_model,100,5,0.03,10017,numpy.random.default_rng,uniform,1256,12.56,0.049739759219556895,0.42732867822585724,35.6,true,60.740397496054534,True,True
3.8.2,full_model,100,5,0.03,10018,numpy.random.default_rng,uniform,1276,12.76,0.04980306945712279,0.41822126000895216,34.4,true,65.74626606516837,True,True
3.8.2,full_model,100,5,0.03,10019,numpy.random.default_rng,uniform,1248,12.48,0.04969669445587328,0.4039997258129768,32.6,true,62.00357271079304,True,True
3.8.2,full_model,100,5,0.35,10000,numpy.random.default_rng,uniform,100,1,0.025094412593071096,0.049956032540301606,22.7,true,85.10393775678878,True,True
3.8.2,full_model,100,5,0.35,10001,numpy.random.default_rng,uniform,100,1,0.04192211328677818,0.050498376169787106,18.5,true,94.19461011125534,True,True
3.8.2,full_model,100,5,0.35,10002,numpy.random.default_rng,uniform,100,1,0.030314192606257173,0.04770074338670499,23.0,true,87.55807682787547,True,True
3.8.2,full_model,100,5,0.35,10003,numpy.random.default_rng,uniform,100,1,0.038736941064980115,0.050327530745953,18.7,true,93.7716587095503,True,True
3.8.2,full_model,100,5,0.35,10004,numpy.random.default_rng,uniform,100,1,0.032457369575039675,0.047138579790959735,19.6,true,90.68338655206199,True,True
3.8.2,full_model,100,5,0.35,10005,numpy.random.default_rng,uniform,100,1,0.04518885960011616,0.04907364441287586,19.1,true,93.311136173962,True,True
3.8.2,full_model,100,5,0.35,10006,numpy.random.default_rng,uniform,100,1,0.04182014865669591,0.0516349630404588,22.8,true,90.23323264731567,True,True
3.8.2,full_model,100,5,0.35,10007,numpy.random.default_rng,uniform,100,1,0.029207180231093494,0.047699672955052855,20.3,true,87.94810505787837,True,True
3.8.2,full_model,100,5,0.35,10008,numpy.random.default_rng,uniform,100,1,0.03328335051648994,0.049357112659363885,24.5,true,87.62354310034173,True,True
3.8.2,full_model,100,5,0.35,10009,numpy.random.default_rng,uniform,100,1,0.03554801436836842,0.051256874324725026,19.2,true,87.61893574464294,True,True
3.8.2,full_model,100,5,0.35,10010,numpy.random.default_rng,uniform,100,1,0.04715606111827747,0.050472578446372186,19.4,true,94.93471424010605,True,True
3.8.2,full_model,100,5,0.35,10011,numpy.random.default_rng,uniform,100,1,0.03014478037593275,0.04810732304635961,15.0,true,87.06265424342496,True,True
3.8.2,full_model,100,5,0.35,10012,numpy.random.default_rng,uniform,100,1,0.03543418335669737,0.051740647257107066,20.5,true,91.19553048733175,True,True
3.8.2,full_model,100,5,0.35,10013,numpy.random.default_rng,uniform,100,1,0.04837186151492861,0.04745912361393932,18.2,true,95.03975692291942,True,True
3.8.2,full_model,100,5,0.35,10014,numpy.random.default_rng,uniform,100,1,0.04316949230179773,0.04849563362575155,20.2,true,92.05834568688549,True,True
3.8.2,full_model,100,5,0.35,10015,numpy.random.default_rng,uniform,100,1,0.038195378015112906,0.04836146645052703,18.7,true,90.55609482976162,True,True
3.8.2,full_model,100,5,0.35,10016,numpy.random.default_rng,uniform,100,1,0.04257002569896579,0.048002819860024575,20.8,true,92.94998576978108,True,True
3.8.2,full_model,100,5,0.35,10017,numpy.random.default_rng,uniform,100,1,0.03149893676286113,0.04439304355533146,18.4,true,89.33758769492205,True,True
3.8.2,full_model,100,5,0.35,10018,numpy.random.default_rng,uniform,100,1,0.04135568818566356,0.04965242000899766,15.1,true,92.9841707614603,True,True
3.8.2,full_model,100,5,0.35,10019,numpy.random.default_rng,uniform,100,1,0.033962367695182606,0.05223825705568062,20.3,true,89.51802613636913,True,True
