section,model,N,M,epsilon,seed,rng,distribution,intervention_steps,equivalent_rounds,final_variance,gravity_shift,final_oprr,joint_success
3.7,N_100_M_10,100,10,0.05,42,numpy.random.default_rng,uniform,1500,15.0,0.04340550381518344,0.43404657384359974,46.75555555555555,true
3.7,N_100_M_10,100,10,0.1,42,numpy.random.default_rng,uniform,1294,12.94,0.049066244912064266,0.4328049750490827,47.044444444444444,true
3.7,N_100_M_10,100,10,0.15,42,numpy.random.default_rng,uniform,1100,11.0,0.015449024108139808,0.4290194353297931,49.022222222222226,true
3.7,N_100_M_10,100,10,0.2,42,numpy.random.default_rng,uniform,400,4.0,0.03926134485603968,0.18934985257343237,46.82222222222222,true
3.7,N_100_M_10,100,10,0.25,42,numpy.random.default_rng,uniform,200,2.0,0.0025843716718101884,0.09598791995806007,46.4,true
3.7,N_100_M_10,100,10,0.3,42,numpy.random.default_rng,uniform,200,2.0,4.948869585097441e-30,0.09526261843752078,48.06666666666667,true
3.7,N_100_M_3,100,3,0.05,42,numpy.random.default_rng,uniform,1100,11.0,0.048533379659830664,0.3930730501488532,43.0,true
3.7,N_100_M_3,100,3,0.1,42,numpy.random.default_rng,uniform,1016,10.16,0.04968209241684895,0.39550270036336543,48.333333333333336,true
3.7,N_100_M_3,100,3,0.15,42,numpy.random.default_rng,uniform,690,6.9,0.049981524828270556,0.31586622701004874,42.666666666666664,true
3.7,N_100_M_3,100,3,0.2,42,numpy.random.default_rng,uniform,300,3.0,0.02187337800466225,0.13836502854889043,41.333333333333336,true
3.7,N_100_M_3,100,3,0.25,42,numpy.random.default_rng,uniform,200,2.0,0.016199562678326684,0.0930175832035134,40.0,true
3.7,N_100_M_3,100,3,0.3,42,numpy.random.default_rng,uniform,200,2.0,0.0003539251571498109,0.09494853971798815,48.666666666666664,true
3.7,N_200_M_5,200,5,0.05,42,numpy.random.default_rng,uniform,2439,12.195,0.04997838527697321,0.42209279446531633,44.0,true
3.7,N_200_M_5,200,5,0.1,42,numpy.random.default_rng,uniform,2200,11.0,0.03522099648320884,0.4409974532884255,46.85,true
3.7,N_200_M_5,200,5,0.15,42,numpy.random.default_rng,uniform,1000,5.0,0.03768457600900789,0.24360993916870655,45.25,true
3.7,N_200_M_5,200,5,0.2,42,numpy.random.default_rng,uniform,600,3.0,0.0004017734115158422,0.14476681027802948,48.35,true
3.7,N_200_M_5,200,5,0.25,42,numpy.random.default_rng,uniform,400,2.0,0.0030144272733899765,0.09580865868733703,43.1,true
3.7,N_200_M_5,200,5,0.3,42,numpy.random.default_rng,uniform,400,2.0,2.290942516657827e-06,0.09634895134029504,50.85,true
3.7,N_50_M_5,50,5,0.05,42,numpy.random.default_rng,uniform,615,12.3,0.049801885680741786,0.42482420163753964,37.0,true
3.7,N_50_M_5,50,5,0.1,42,numpy.random.default_rng,uniform,558,11.16,0.04964071929153187,0.4279795246390117,41.2,true
3.7,N_50_M_5,50,5,0.15,42,numpy.random.default_rng,uniform,450,9.0,0.04814680673702129,0.3958442987172334,42.8,true
3.7,N_50_M_5,50,5,0.2,42,numpy.random.default_rng,uniform,150,3.0,0.01614520626398129,0.14689961498519685,36.6,true
3.7,N_50_M_5,50,5,0.25,42,numpy.random.default_rng,uniform,100,2.0,0.007006359403687856,0.09746130178158602,37.4,true
3.7,N_50_M_5,50,5,0.3,42,numpy.random.default_rng,uniform,100,2.0,4.352177366623841e-06,0.09697269146750231,47.2,true
3.7,full_model,100,5,0.05,42,numpy.random.default_rng,uniform,1260,12.6,0.049902769733102925,0.4244274392743045,39.1,true
3.7,full_model,100,5,0.1,42,numpy.random.default_rng,uniform,1100,11.0,0.03194777209407185,0.4233208050787646,40.4,true
3.7,full_model,100,5,0.15,42,numpy.random.default_rng,uniform,600,6.0,0.04158542308848821,0.3050966492507522,43.3,true
3.7,full_model,100,5,0.2,42,numpy.random.default_rng,uniform,300,3.0,0.0005315026286430671,0.14899815600374272,45.9,true
3.7,full_model,100,5,0.25,42,numpy.random.default_rng,uniform,200,2.0,0.002996522530423224,0.0987300206375934,42.8,true
3.7,full_model,100,5,0.3,42,numpy.random.default_rng,uniform,200,2.0,1.0690142941142355e-06,0.09889972811661199,48.3,true
