section,model,N,M,epsilon,seed,rng,distribution,intervention_steps,equivalent_rounds,final_variance,gravity_shift,final_oprr,joint_success,episode_reward,gravity_feasible,initial_opinion_mean,initial_variance,variance_feasible
3.8.3,full_model,100,5,0.05,10000,numpy.random.default_rng,beta_center,1095,10.95,0.049832088729500706,0.4255689125868122,31.8,true,33.7534557023194,1,0.48556897079160494,0.24650575946924436,1
3.8.3,full_model,100,5,0.05,10000,numpy.random.default_rng,beta_extremes,1374,13.74,0.0498151986528345,0.4188163321729602,36.8,true,96.73273244947255,1,0.5087470623995629,0.5925335649832395,1
3.8.3,full_model,100,5,0.05,10000,numpy.random.default_rng,beta_high,600,6,0.04660256312288684,0.2425965548514772,41.8,true,19.510553965059483,1,0.7100459724323563,0.12706598208689712,1
3.8.3,full_model,100,5,0.05,10000,numpy.random.default_rng,bimodal,1237,12.37,0.04988730933232073,0.3830029424705345,40.4,true,86.47964679378211,1,0.5072941594552226,0.5278312940368485,1
3.8.3,full_model,100,5,0.05,10001,numpy.random.default_rng,beta_center,1033,10.33,0.04997091534372153,0.3981724331930497,36.3,true,33.94903662458282,1,0.511401704504798,0.2423156415749339,1
3.8.3,full_model,100,5,0.05,10001,numpy.random.default_rng,beta_extremes,1382,13.82,0.049838536344586896,0.4024309098296554,31.8,true,104.00792688539798,1,0.4804815515234378,0.6265787784990328,1
3.8.3,full_model,100,5,0.05,10001,numpy.random.default_rng,beta_high,593,5.93,0.04998695580752878,0.22985745885595324,37.0,true,19.821962674701478,1,0.718741438035148,0.12795423354575017,1
3.8.3,full_model,100,5,0.05,10001,numpy.random.default_rng,bimodal,1223,12.23,0.04975875674564556,0.3887158092517755,40.4,true,82.93096353542,1,0.5003945927141288,0.5083607533750585,1
3.8.3,full_model,100,5,0.05,10002,numpy.random.default_rng,beta_center,1000,10,0.04804521215560706,0.3870742611023139,34.7,true,35.898312480184146,1,0.5154785573749142,0.24643354312180335,1
3.8.3,full_model,100,5,0.05,10002,numpy.random.default_rng,beta_extremes,1383,13.83,0.04998593917475047,0.42307458262217174,33.5,true,103.7663566273056,1,0.489730104581653,0.6263234909569337,1
3.8.3,full_model,100,5,0.05,10002,numpy.random.default_rng,beta_high,536,5.36,0.04941862217729846,0.21338691082716574,37.4,true,18.971096746722168,1,0.7250722556526836,0.1178774526386161,1
3.8.3,full_model,100,5,0.05,10002,numpy.random.default_rng,bimodal,1200,12,0.04906065134526947,0.37266050288274455,37.9,true,84.54757481708393,1,0.5149858219765542,0.5117916905564102,1
3.8.3,full_model,100,5,0.05,10003,numpy.random.default_rng,beta_center,1065,10.65,0.04974370375206566,0.41745595919047845,36.1,true,31.923361258688054,1,0.5021161310553548,0.23651487403530352,1
3.8.3,full_model,100,5,0.05,10003,numpy.random.default_rng,beta_extremes,1374,13.74,0.04994492265038704,0.39383415234702857,33.5,true,108.4783097217311,1,0.5171668190287485,0.6495849297971268,1
3.8.3,full_model,100,5,0.05,10003,numpy.random.default_rng,beta_high,535,5.35,0.04986779260302755,0.21797698483226824,36.1,true,18.789262043958388,1,0.7259842219447746,0.11686859706902757,1
3.8.3,full_model,100,5,0.05,10003,numpy.random.default_rng,bimodal,1251,12.51,0.04993538194999988,0.3910132112832263,45.2,true,86.99451753484847,1,0.5058677184211142,0.5339557389811346,1
3.8.3,full_model,100,5,0.05,10004,numpy.random.default_rng,beta_center,1059,10.59,0.049864833423172085,0.4113820607065256,35.7,true,36.430528523008014,1,0.5063050105519953,0.25762034693003233,1
3.8.3,full_model,100,5,0.05,10004,numpy.random.default_rng,beta_extremes,1376,13.76,0.049552288636615,0.40321732801258825,36.3,true,106.02683381283504,1,0.48924068664123754,0.637687262032792,1
3.8.3,full_model,100,5,0.05,10004,numpy.random.default_rng,beta_high,600,6,0.04592026375182653,0.23618117991168397,38.4,true,20.6446559126031,1,0.7123305313957745,0.12945258860981995,1
3.8.3,full_model,100,5,0.05,10004,numpy.random.default_rng,bimodal,1244,12.44,0.04949730617882542,0.39275663419526946,40.0,true,85.13326889369552,1,0.49601843783178307,0.520911839805852,1
3.8.3,full_model,100,5,0.05,10005,numpy.random.default_rng,beta_center,1100,11,0.044990228993745794,0.42723417860624907,38.4,true,35.39279962420346,1,0.4967290004055881,0.2532610356594147,1
3.8.3,full_model,100,5,0.05,10005,numpy.random.default_rng,beta_extremes,1366,13.66,0.049865899820903045,0.40499670954701394,39.1,true,102.33155052890096,1,0.5386664846767876,0.6200249016427944,1
3.8.3,full_model,100,5,0.05,10005,numpy.random.default_rng,beta_high,600,6,0.04919840932760322,0.2401213230720792,37.4,true,20.581227577065604,1,0.7066586644300258,0.13206457754369927,1
3.8.3,full_model,100,5,0.05,10005,numpy.random.default_rng,bimodal,1192,11.92,0.049755430710478124,0.3796426476100084,41.7,true,81.94841273145825,1,0.4988001600974525,0.5018425786857154,1
3.8.3,full_model,100,5,0.05,10006,numpy.random.default_rng,beta_center,1054,10.54,0.04987248280671381,0.4079281324904367,32.5,true,35.00130805649968,1,0.4970974096292183,0.2478310051223349,1
3.8.3,full_model,100,5,0.05,10006,numpy.random.default_rng,beta_extremes,1380,13.8,0.049815664402465765,0.42751384361222516,34.8,true,100.40271750080954,1,0.4936370730586133,0.6090861303674159,1
3.8.3,full_model,100,5,0.05,10006,numpy.random.default_rng,beta_high,600,6,0.04354301312032878,0.23625164782089353,39.7,true,19.323843792322787,1,0.7149154835151071,0.12217129499389795,1
3.8.3,full_model,100,5,0.05,10006,numpy.random.default_rng,bimodal,1229,12.29,0.04981389234645779,0.3853224469269757,39.3,true,85.81419638496087,1,0.5067024992850522,0.5233812048829939,1
3.8.3,full_model,100,5,0.05,10007,numpy.random.default_rng,beta_center,1043,10.43,0.049939068495670896,0.40619695718272886,36.6,true,32.08946252434029,1,0.5100013088593861,0.23458793035666803,1
3.8.3,full_model,100,5,0.05,10007,numpy.random.default_rng,beta_extremes,1387,13.87,0.049426710247780704,0.4266526938440243,32.7,true,101.99342207859632,1,0.47551283086892115,0.6163004838142241,1
3.8.3,full_model,100,5,0.05,10007,numpy.random.default_rng,beta_high,512,5.12,0.04998724257471273,0.21182050604321184,36.2,true,18.03378674141922,1,0.7205116689639115,0.11105913140831963,1
3.8.3,full_model,100,5,0.05,10007,numpy.random.default_rng,bimodal,1217,12.17,0.04973617445685053,0.37962514065398467,38.7,true,85.33614973158991,1,0.5075982744587595,0.5184618293999638,1
3.8.3,full_model,100,5,0.05,10008,numpy.random.default_rng,beta_center,1070,10.7,0.049608856520153954,0.416867173350741,35.5,true,32.82641678580234,1,0.5022572235187859,0.24134515724250333,1
3.8.3,full_model,100,5,0.05,10008,numpy.random.default_rng,beta_extremes,1341,13.41,0.049590233005102013,0.3957934584890163,37.2,true,98.35081620913803,1,0.5224074844011338,0.5960932624154145,1
3.8.3,full_model,100,5,0.05,10008,numpy.random.default_rng,beta_high,600,6,0.046628431298118396,0.23750429180323032,33.7,true,21.002629248010066,1,0.7059843792790986,0.13015095361111953,1
3.8.3,full_model,100,5,0.05,10008,numpy.random.default_rng,bimodal,1266,12.66,0.0495339700827893,0.39336992016826416,37.5,true,85.81195393211394,1,0.5001028749011842,0.5258420822234017,1
3.8.3,full_model,100,5,0.05,10009,numpy.random.default_rng,beta_center,1092,10.92,0.049943963472881214,0.4270303100530666,35.6,true,32.31560111014987,1,0.49679082054054907,0.2402787266011439,1
3.8.3,full_model,100,5,0.05,10009,numpy.random.default_rng,beta_extremes,1375,13.75,0.0498803892710024,0.414512321351134,32.5,true,106.39634877222733,1,0.49507648861732134,0.6375657612124771,1
3.8.3,full_model,100,5,0.05,10009,numpy.random.default_rng,beta_high,616,6.16,0.049821369199681206,0.2449996464260609,38.3,true,19.254127371407733,1,0.7066860767296508,0.1289532559683264,1
3.8.3,full_model,100,5,0.05,10009,numpy.random.default_rng,bimodal,1219,12.19,0.04979447058323922,0.38551869101837866,40.3,true,84.17046764692037,1,0.49944508569753865,0.5140431884905955,1
3.8.3,full_model,100,5,0.05,10010,numpy.random.default_rng,beta_center,1047,10.47,0.04999354544607994,0.41380930539000144,34.6,true,32.673410067641946,1,0.4966854418447232,0.23726404811063714,1
3.8.3,full_model,100,5,0.05,10010,numpy.random.default_rng,beta_extremes,1368,13.68,0.04961356361183409,0.39208042278325117,33.7,true,109.4890409011326,1,0.5058127564040529,0.6536567882231923,1
3.8.3,full_model,100,5,0.05,10010,numpy.random.default_rng,beta_high,589,5.89,0.04980474344763209,0.23350226286407436,38.4,true,18.20420033312658,1,0.715548449965383,0.11933412067898101,1
3.8.3,full_model,100,5,0.05,10010,numpy.random.default_rng,bimodal,1201,12.01,0.049941336597706366,0.3810622337465099,41.4,true,83.00857093921253,1,0.5115014034595098,0.5067294568522062,1
3.8.3,full_model,100,5,0.05,10011,numpy.random.default_rng,beta_center,1074,10.74,0.0492334394261257,0.4111180622881044,37.6,true,35.10290335476057,1,0.5145738377653424,0.2527007357155006,1
3.8.3,full_model,100,5,0.05,10011,numpy.random.default_rng,beta_extremes,1354,13.54,0.04995452467562479,0.42003114875532205,35.6,true,97.93923792964581,1,0.47685656139951765,0.5960557221110424,1
3.8.3,full_model,100,5,0.05,10011,numpy.random.default_rng,beta_high,584,5.84,0.04998620619575621,0.23127555708767347,35.7,true,18.65215947102753,1,0.7134290506870921,0.12065482244016579,1
3.8.3,full_model,100,5,0.05,10011,numpy.random.default_rng,bimodal,1215,12.15,0.04973633777223096,0.38131452874998917,38.1,true,82.96890546834094,1,0.5083189200810398,0.5071262362441654,1
3.8.3,full_model,100,5,0.05,10012,numpy.random.default_rng,beta_center,1007,10.07,0.04987039743305757,0.3863187726809534,32.8,true,32.75507450265423,1,0.5161928596077171,0.23174234963949886,1
3.8.3,full_model,100,5,0.05,10012,numpy.random.default_rng,beta_extremes,1371,13.71,0.04987371527806519,0.41950593121628926,31.8,true,102.47910173581135,1,0.4677604022156259,0.6163741004399259,1
3.8.3,full_model,100,5,0.05,10012,numpy.random.default_rng,beta_high,585,5.85,0.049937699282942095,0.23361714488950186,38.3,true,18.35075307081739,1,0.7079015452795282,0.12134986892325142,1
3.8.3,full_model,100,5,0.05,10012,numpy.random.default_rng,bimodal,1237,12.37,0.049767006183488054,0.3956263645823346,38.6,true,80.82317438154044,1,0.5022532313580098,0.5009317846823356,1
3.8.3,full_model,100,5,0.05,10013,numpy.random.default_rng,beta_center,1010,10.1,0.04957833487213727,0.3978414701492216,34.8,true,35.54412566886168,1,0.5174855858152269,0.247198423583983,1
3.8.3,full_model,100,5,0.05,10013,numpy.random.default_rng,beta_extremes,1359,13.59,0.04970143740245676,0.4086560063222014,32.0,true,101.96999328874179,1,0.48319435820049905,0.6140535678477457,1
3.8.3,full_model,100,5,0.05,10013,numpy.random.default_rng,beta_high,600,6,0.0440648403102621,0.23309995602978037,35.5,true,20.66902222247025,1,0.713502745872458,0.1267182264116208,1
3.8.3,full_model,100,5,0.05,10013,numpy.random.default_rng,bimodal,1206,12.06,0.04967661575136628,0.3839999776985291,37.2,true,82.28441652021638,1,0.5044996339481665,0.5028946983468732,1
3.8.3,full_model,100,5,0.05,10014,numpy.random.default_rng,beta_center,1100,11,0.04470351332224361,0.4261029268412281,39.0,true,33.07778234766152,1,0.5050284876700588,0.24134895079226149,1
3.8.3,full_model,100,5,0.05,10014,numpy.random.default_rng,beta_extremes,1377,13.77,0.049943611139813354,0.4078930904600185,33.3,true,107.1675584694905,1,0.49904492611272183,0.64223337675988,1
3.8.3,full_model,100,5,0.05,10014,numpy.random.default_rng,beta_high,551,5.51,0.049856828927610196,0.22171415132682346,37.5,true,18.243393483255353,1,0.7171877762194844,0.11622922488171866,1
3.8.3,full_model,100,5,0.05,10014,numpy.random.default_rng,bimodal,1247,12.47,0.04982218108150856,0.39387103231746057,43.8,true,83.87924620468,1,0.5042489849292005,0.5171168798629879,1
3.8.3,full_model,100,5,0.05,10015,numpy.random.default_rng,beta_center,1072,10.72,0.04976498502333821,0.4150461498794511,33.0,true,34.86326481301524,1,0.49256802245634573,0.24873507062588435,1
3.8.3,full_model,100,5,0.05,10015,numpy.random.default_rng,beta_extremes,1372,13.72,0.04966516093384407,0.4028517722203869,37.6,true,103.482682816578,1,0.5130658626693255,0.6246292879597884,1
3.8.3,full_model,100,5,0.05,10015,numpy.random.default_rng,beta_high,581,5.81,0.0499155275786255,0.22729347004072617,35.3,true,17.854713811122647,1,0.7222464147727113,0.11629592000174893,1
3.8.3,full_model,100,5,0.05,10015,numpy.random.default_rng,bimodal,1238,12.38,0.0499498159062524,0.37940052537062846,37.5,true,90.3325668415724,1,0.5005044898456107,0.5460075002454573,1
3.8.3,full_model,100,5,0.05,10016,numpy.random.default_rng,beta_center,1076,10.76,0.04991971385843265,0.4210803698507446,34.9,true,33.529727987241586,1,0.4905713504233228,0.2449236238871033,1
3.8.3,full_model,100,5,0.05,10016,numpy.random.default_rng,beta_extremes,1392,13.92,0.04988112114052606,0.40348797870555947,40.0,true,106.76057706536788,1,0.5227637189510133,0.6445348784620424,1
3.8.3,full_model,100,5,0.05,10016,numpy.random.default_rng,beta_high,583,5.83,0.04972515516735428,0.23876519590963158,34.6,true,17.925279844973222,1,0.7045278838696114,0.11621124569119781,1
3.8.3,full_model,100,5,0.05,10016,numpy.random.default_rng,bimodal,1220,12.2,0.049670489821735095,0.3856359829991322,37.9,true,84.4693301652798,1,0.5041648497804158,0.5141635496438842,1
3.8.3,full_model,100,5,0.05,10017,numpy.random.default_rng,beta_center,1048,10.48,0.049552483509874165,0.4112833688413098,33.5,true,33.70785082690554,1,0.49618918601930595,0.24094455848661225,1
3.8.3,full_model,100,5,0.05,10017,numpy.random.default_rng,beta_extremes,1388,13.88,0.04955015899483041,0.41213333086604065,34.3,true,100.93887989271994,1,0.49607184594898196,0.6118975917911461,1
3.8.3,full_model,100,5,0.05,10017,numpy.random.default_rng,beta_high,599,5.99,0.049881795146784855,0.2323658887147728,37.2,true,19.12338190823118,1,0.7170831243592432,0.12685679616011947,1
3.8.3,full_model,100,5,0.05,10017,numpy.random.default_rng,bimodal,1208,12.08,0.049738102555480376,0.383161891559211,36.9,true,82.97535682900715,1,0.504400784522886,0.5078106771734057,1
3.8.3,full_model,100,5,0.05,10018,numpy.random.default_rng,beta_center,1072,10.72,0.049926830856516086,0.41190918959282186,37.0,true,35.39867251680084,1,0.5062218417075316,0.25382317073791855,1
3.8.3,full_model,100,5,0.05,10018,numpy.random.default_rng,beta_extremes,1400,14,0.043651391911702184,0.4332670598935647,36.3,true,105.3645873175731,1,0.48518893259405044,0.6299826767843518,1
3.8.3,full_model,100,5,0.05,10018,numpy.random.default_rng,beta_high,669,6.69,0.049970448001898135,0.2538902960465121,43.9,true,20.01800312277372,1,0.7144764406182434,0.14182393618977837,1
3.8.3,full_model,100,5,0.05,10018,numpy.random.default_rng,bimodal,1238,12.38,0.04957781073605109,0.39507112241742504,42.2,true,85.29808141029037,1,0.49511274547402306,0.524516985568107,1
3.8.3,full_model,100,5,0.05,10019,numpy.random.default_rng,beta_center,1086,10.86,0.049934189085596735,0.42085887802495303,33.5,true,35.29343639013009,1,0.4892120962680099,0.25350658575575347,1
3.8.3,full_model,100,5,0.05,10019,numpy.random.default_rng,beta_extremes,1395,13.95,0.049497554105406544,0.4056924467173834,36.4,true,100.73622253571331,1,0.5056508886898924,0.6136300898956523,1
3.8.3,full_model,100,5,0.05,10019,numpy.random.default_rng,beta_high,600,6,0.043764154475293526,0.23738847843396077,37.6,true,20.20055375972453,1,0.7136483461949265,0.12607627039352468,1
3.8.3,full_model,100,5,0.05,10019,numpy.random.default_rng,bimodal,1217,12.17,0.049951008314296316,0.3851690139556311,37.8,true,84.88371498527788,1,0.49428907080730133,0.516365875494175,1
3.8.3,full_model,100,5,0.1,10000,numpy.random.default_rng,beta_center,900,9,0.040012704492612156,0.40682199275005126,36.2,true,39.338269895688946,1,0.48556897079160494,0.24650575946924436,1
3.8.3,full_model,100,5,0.1,10000,numpy.random.default_rng,beta_extremes,1253,12.53,0.04999634263111686,0.42024227392139935,41.7,true,98.46643235672826,1,0.5087470623995629,0.5925335649832395,1
3.8.3,full_model,100,5,0.1,10000,numpy.random.default_rng,beta_high,200,2,0.0442476603139832,0.09992828341653949,33.2,true,29.23866794041196,1,0.7100459724323563,0.12706598208689712,1
3.8.3,full_model,100,5,0.1,10000,numpy.random.default_rng,bimodal,1175,11.75,0.049857309272258135,0.3723369858607076,49.7,true,86.76617578122719,1,0.5072941594552226,0.5278312940368485,1
3.8.3,full_model,100,5,0.1,10001,numpy.random.default_rng,beta_center,900,9,0.04727524467706765,0.3947180278987827,40.5,true,36.69834150701997,1,0.511401704504798,0.2423156415749339,1
3.8.3,full_model,100,5,0.1,10001,numpy.random.default_rng,beta_extremes,1246,12.46,0.049938168901410854,0.39953681287430426,35.1,true,106.12814507888059,1,0.4804815515234378,0.6265787784990328,1
3.8.3,full_model,100,5,0.1,10001,numpy.random.default_rng,beta_high,200,2,0.04767267903282803,0.10341193917719523,28.0,true,29.23114030562557,1,0.718741438035148,0.12795423354575017,1
3.8.3,full_model,100,5,0.1,10001,numpy.random.default_rng,bimodal,1189,11.89,0.049993943052746674,0.39083777634996614,49.2,true,82.5038201756448,1,0.5003945927141288,0.5083607533750585,1
3.8.3,full_model,100,5,0.1,10002,numpy.random.default_rng,beta_center,900,9,0.02919014155945459,0.3863071962204672,39.9,true,41.08936495265874,1,0.5154785573749142,0.24643354312180335,1
3.8.3,full_model,100,5,0.1,10002,numpy.random.default_rng,beta_extremes,1200,12,0.04134762992227156,0.4030307527040041,43.7,true,108.08502066929722,1,0.489730104581653,0.6263234909569337,1
3.8.3,full_model,100,5,0.1,10002,numpy.random.default_rng,beta_high,200,2,0.03427799171010934,0.10655761556267179,30.8,true,29.634564304923217,1,0.7250722556526836,0.1178774526386161,1
3.8.3,full_model,100,5,0.1,10002,numpy.random.default_rng,bimodal,1152,11.52,0.049919277070647916,0.36229453396287364,44.1,true,84.90636797045443,1,0.5149858219765542,0.5117916905564102,1
3.8.3,full_model,100,5,0.1,10003,numpy.random.default_rng,beta_center,900,9,0.04444791111117138,0.41369374198274395,41.6,true,35.89270789772729,1,0.5021161310553548,0.23651487403530352,1
3.8.3,full_model,100,5,0.1,10003,numpy.random.default_rng,beta_extremes,1240,12.4,0.049855324277072594,0.39764030094762465,39.5,true,110.05603054408792,1,0.5171668190287485,0.6495849297971268,1
3.8.3,full_model,100,5,0.1,10003,numpy.random.default_rng,beta_high,200,2,0.036781858048906685,0.10502823352765396,29.1,true,29.102096392347796,1,0.7259842219447746,0.11686859706902757,1
3.8.3,full_model,100,5,0.1,10003,numpy.random.default_rng,bimodal,1184,11.84,0.049888360176997784,0.37014218908036295,51.8,true,87.9149478286325,1,0.5058677184211142,0.5339557389811346,1
3.8.3,full_model,100,5,0.1,10004,numpy.random.default_rng,beta_center,900,9,0.0322553082814766,0.3921783461194887,43.4,true,42.36337273434316,1,0.5063050105519953,0.25762034693003233,1
3.8.3,full_model,100,5,0.1,10004,numpy.random.default_rng,beta_extremes,1241,12.41,0.04997239799488618,0.40179789373627295,38.2,true,107.75288291289422,1,0.48924068664123754,0.637687262032792,1
3.8.3,full_model,100,5,0.1,10004,numpy.random.default_rng,beta_high,200,2,0.049131219279613725,0.09902932568122193,30.4,true,29.019322399757183,1,0.7123305313957745,0.12945258860981995,1
3.8.3,full_model,100,5,0.1,10004,numpy.random.default_rng,bimodal,1195,11.95,0.049984241513086856,0.38795878974995757,49.7,true,84.87608303755967,1,0.49601843783178307,0.520911839805852,1
3.8.3,full_model,100,5,0.1,10005,numpy.random.default_rng,beta_center,900,9,0.03945607774036351,0.39973133428939733,40.2,true,40.570996944614365,1,0.4967290004055881,0.2532610356594147,1
3.8.3,full_model,100,5,0.1,10005,numpy.random.default_rng,beta_extremes,1252,12.52,0.04970557537094025,0.4091649836780711,42.0,true,103.45340700518693,1,0.5386664846767876,0.6200249016427944,1
3.8.3,full_model,100,5,0.1,10005,numpy.random.default_rng,beta_high,300,3,0.0311057221358427,0.1555755325580985,37.9,true,30.393992304943396,1,0.7066586644300258,0.13206457754369927,1
3.8.3,full_model,100,5,0.1,10005,numpy.random.default_rng,bimodal,1156,11.56,0.04972379541069169,0.37786778920366665,47.9,true,82.05486326554453,1,0.4988001600974525,0.5018425786857154,1
3.8.3,full_model,100,5,0.1,10006,numpy.random.default_rng,beta_center,867,8.67,0.04976033796856879,0.3885170438404215,34.3,true,38.734694271807264,1,0.4970974096292183,0.2478310051223349,1
3.8.3,full_model,100,5,0.1,10006,numpy.random.default_rng,beta_extremes,1200,12,0.044823442797255475,0.41796688782082253,42.1,true,104.02163400026514,1,0.4936370730586133,0.6090861303674159,1
3.8.3,full_model,100,5,0.1,10006,numpy.random.default_rng,beta_high,200,2,0.0343509326282586,0.1022804196525453,26.8,true,30.87895845214525,1,0.7149154835151071,0.12217129499389795,1
3.8.3,full_model,100,5,0.1,10006,numpy.random.default_rng,bimodal,1189,11.89,0.04999879483891537,0.3790152147603959,48.9,true,85.63750891830469,1,0.5067024992850522,0.5233812048829939,1
3.8.3,full_model,100,5,0.1,10007,numpy.random.default_rng,beta_center,900,9,0.04349310144015641,0.41626275812795893,43.0,true,35.48815264539593,1,0.5100013088593861,0.23458793035666803,1
3.8.3,full_model,100,5,0.1,10007,numpy.random.default_rng,beta_extremes,1292,12.92,0.04935784276060425,0.42738440479097234,35.8,true,103.07713883111795,1,0.47551283086892115,0.6163004838142241,1
3.8.3,full_model,100,5,0.1,10007,numpy.random.default_rng,beta_high,200,2,0.024576116771702967,0.10459578600761181,29.7,true,30.301373138022953,1,0.7205116689639115,0.11105913140831963,1
3.8.3,full_model,100,5,0.1,10007,numpy.random.default_rng,bimodal,1157,11.57,0.049881198475492494,0.364898665907481,44.1,true,86.14786427262966,1,0.5075982744587595,0.5184618293999638,1
3.8.3,full_model,100,5,0.1,10008,numpy.random.default_rng,beta_center,912,9.12,0.049292221136213066,0.40654751449791277,44.6,true,35.170226433187956,1,0.5022572235187859,0.24134515724250333,1
3.8.3,full_model,100,5,0.1,10008,numpy.random.default_rng,beta_extremes,1200,12,0.02936621819603666,0.3871028744945757,42.2,true,104.10605329821942,1,0.5224074844011338,0.5960932624154145,1
3.8.3,full_model,100,5,0.1,10008,numpy.random.default_rng,beta_high,200,2,0.04576662362163669,0.10304977784763608,27.3,true,30.131713509004186,1,0.7059843792790986,0.13015095361111953,1
3.8.3,full_model,100,5,0.1,10008,numpy.random.default_rng,bimodal,1173,11.73,0.0495628829195475,0.3790098047668359,49.9,true,86.1168893705325,1,0.5001028749011842,0.5258420822234017,1
3.8.3,full_model,100,5,0.1,10009,numpy.random.default_rng,beta_center,1000,10,0.03487533402565297,0.43660121520479883,47.1,true,35.89878704024504,1,0.49679082054054907,0.2402787266011439,1
3.8.3,full_model,100,5,0.1,10009,numpy.random.default_rng,beta_extremes,1200,12,0.04550333831052248,0.39084543420070955,40.6,true,109.9529407354751,1,0.49507648861732134,0.6375657612124771,1
3.8.3,full_model,100,5,0.1,10009,numpy.random.default_rng,beta_high,200,2,0.04608614850005488,0.10506720372340562,27.4,true,29.82816813346814,1,0.7066860767296508,0.1289532559683264,1
3.8.3,full_model,100,5,0.1,10009,numpy.random.default_rng,bimodal,1166,11.66,0.04990926353786007,0.3755297867975006,50.3,true,84.06800717039326,1,0.49944508569753865,0.5140431884905955,1
3.8.3,full_model,100,5,0.1,10010,numpy.random.default_rng,beta_center,900,9,0.0406420746574368,0.39804985049362646,41.3,true,36.914479223924104,1,0.4966854418447232,0.23726404811063714,1
3.8.3,full_model,100,5,0.1,10010,numpy.random.default_rng,beta_extremes,1200,12,0.04366670196295767,0.3795189567677607,39.5,true,113.36904130420851,1,0.5058127564040529,0.6536567882231923,1
3.8.3,full_model,100,5,0.1,10010,numpy.random.default_rng,beta_high,200,2,0.03965765948260934,0.10033568355763808,28.3,true,29.10027545509645,1,0.715548449965383,0.11933412067898101,1
3.8.3,full_model,100,5,0.1,10010,numpy.random.default_rng,bimodal,1138,11.38,0.04992888897184852,0.36322124876317324,49.4,true,83.64195251363338,1,0.5115014034595098,0.5067294568522062,1
3.8.3,full_model,100,5,0.1,10011,numpy.random.default_rng,beta_center,900,9,0.046978407780670084,0.41291480963031474,43.3,true,38.55381730134382,1,0.5145738377653424,0.2527007357155006,1
3.8.3,full_model,100,5,0.1,10011,numpy.random.default_rng,beta_extremes,1200,12,0.030404657191020465,0.4210065928580962,43.3,true,103.92916265436133,1,0.47685656139951765,0.5960557221110424,1
3.8.3,full_model,100,5,0.1,10011,numpy.random.default_rng,beta_high,200,2,0.04277257059166422,0.1040328746333086,32.2,true,28.341248725968647,1,0.7134290506870921,0.12065482244016579,1
3.8.3,full_model,100,5,0.1,10011,numpy.random.default_rng,bimodal,1147,11.47,0.04996667115267714,0.3653905391263937,44.6,true,83.47364349134129,1,0.5083189200810398,0.5071262362441654,1
3.8.3,full_model,100,5,0.1,10012,numpy.random.default_rng,beta_center,900,9,0.027112803995434767,0.39637343710228046,40.1,true,38.50609045695769,1,0.5161928596077171,0.23174234963949886,1
3.8.3,full_model,100,5,0.1,10012,numpy.random.default_rng,beta_extremes,1200,12,0.041399760096211186,0.41478936079800416,40.3,true,106.35412860070304,1,0.4677604022156259,0.6163741004399259,1
3.8.3,full_model,100,5,0.1,10012,numpy.random.default_rng,beta_high,200,2,0.036649467267649456,0.10335287046252221,29.7,true,29.954912687597265,1,0.7079015452795282,0.12134986892325142,1
3.8.3,full_model,100,5,0.1,10012,numpy.random.default_rng,bimodal,1174,11.74,0.0498345216612071,0.37737632365153134,48.8,true,80.91055820198522,1,0.5022532313580098,0.5009317846823356,1
3.8.3,full_model,100,5,0.1,10013,numpy.random.default_rng,beta_center,900,9,0.03711552978005296,0.3956039866240941,44.6,true,39.27679856145481,1,0.5174855858152269,0.247198423583983,1
3.8.3,full_model,100,5,0.1,10013,numpy.random.default_rng,beta_extremes,1200,12,0.04532090320611267,0.4080897826483675,37.9,true,105.33611595168838,1,0.48319435820049905,0.6140535678477457,1
3.8.3,full_model,100,5,0.1,10013,numpy.random.default_rng,beta_high,200,2,0.049806936749889494,0.10270978358121918,29.0,true,28.467122443167206,1,0.713502745872458,0.1267182264116208,1
3.8.3,full_model,100,5,0.1,10013,numpy.random.default_rng,bimodal,1150,11.5,0.04973752368809459,0.3731859211711334,52.0,true,81.94277563569716,1,0.5044996339481665,0.5028946983468732,1
3.8.3,full_model,100,5,0.1,10014,numpy.random.default_rng,beta_center,919,9.19,0.04983692398548485,0.40535417659801104,39.5,true,35.80211027083861,1,0.5050284876700588,0.24134895079226149,1
3.8.3,full_model,100,5,0.1,10014,numpy.random.default_rng,beta_extremes,1200,12,0.04437462709616724,0.3942648382244373,39.7,true,110.76203669083144,1,0.49904492611272183,0.64223337675988,1
3.8.3,full_model,100,5,0.1,10014,numpy.random.default_rng,beta_high,200,2,0.028867554533961955,0.10585829729277986,29.3,true,30.537041154686705,1,0.7171877762194844,0.11622922488171866,1
3.8.3,full_model,100,5,0.1,10014,numpy.random.default_rng,bimodal,1165,11.65,0.04984161628857664,0.371234123612829,50.8,true,84.72649100870169,1,0.5042489849292005,0.5171168798629879,1
3.8.3,full_model,100,5,0.1,10015,numpy.random.default_rng,beta_center,900,9,0.04354639099917673,0.3970893681461175,39.7,true,38.89785785823576,1,0.49256802245634573,0.24873507062588435,1
3.8.3,full_model,100,5,0.1,10015,numpy.random.default_rng,beta_extremes,1227,12.27,0.049882815827724365,0.4028361619193157,40.5,true,105.12914648274122,1,0.5130658626693255,0.6246292879597884,1
3.8.3,full_model,100,5,0.1,10015,numpy.random.default_rng,beta_high,200,2,0.03927407074154887,0.10459956895228581,27.9,true,28.6091398735924,1,0.7222464147727113,0.11629592000174893,1
3.8.3,full_model,100,5,0.1,10015,numpy.random.default_rng,bimodal,1188,11.88,0.049570306355938884,0.3693867762726934,44.5,true,91.04896943909003,1,0.5005044898456107,0.5460075002454573,1
3.8.3,full_model,100,5,0.1,10016,numpy.random.default_rng,beta_center,900,9,0.04559004636154852,0.39805255022773495,36.9,true,37.85681287759955,1,0.4905713504233228,0.2449236238871033,1
3.8.3,full_model,100,5,0.1,10016,numpy.random.default_rng,beta_extremes,1200,12,0.033907186074974144,0.39829786624664343,46.9,true,112.56562358410129,1,0.5227637189510133,0.6445348784620424,1
3.8.3,full_model,100,5,0.1,10016,numpy.random.default_rng,beta_high,200,2,0.032995120721802974,0.09989060571722704,29.1,true,29.72823046359311,1,0.7045278838696114,0.11621124569119781,1
3.8.3,full_model,100,5,0.1,10016,numpy.random.default_rng,bimodal,1184,11.84,0.04973269625019443,0.37963178422397303,50.3,true,83.8771890895267,1,0.5041648497804158,0.5141635496438842,1
3.8.3,full_model,100,5,0.1,10017,numpy.random.default_rng,beta_center,931,9.31,0.04989279157272914,0.4065256225277081,42.0,true,35.15002710165024,1,0.49618918601930595,0.24094455848661225,1
3.8.3,full_model,100,5,0.1,10017,numpy.random.default_rng,beta_extremes,1200,12,0.045883271937931173,0.39800948176279793,37.8,true,104.75296349655494,1,0.49607184594898196,0.6118975917911461,1
3.8.3,full_model,100,5,0.1,10017,numpy.random.default_rng,beta_high,285,2.85,0.04999246921815341,0.14889837319530924,27.6,true,26.895420469733445,1,0.7170831243592432,0.12685679616011947,1
3.8.3,full_model,100,5,0.1,10017,numpy.random.default_rng,bimodal,1140,11.4,0.04969994274356967,0.36533903890789765,48.3,true,83.43387126029019,1,0.504400784522886,0.5078106771734057,1
3.8.3,full_model,100,5,0.1,10018,numpy.random.default_rng,beta_center,900,9,0.04458975917397736,0.39384717337461017,37.9,true,39.666989954119515,1,0.5062218417075316,0.25382317073791855,1
3.8.3,full_model,100,5,0.1,10018,numpy.random.default_rng,beta_extremes,1225,12.25,0.04957177021597424,0.41476112860328185,38.0,true,107.20136326270301,1,0.48518893259405044,0.6299826767843518,1
3.8.3,full_model,100,5,0.1,10018,numpy.random.default_rng,beta_high,300,3,0.043398496696926706,0.14949586167860202,37.9,true,29.8576131054864,1,0.7144764406182434,0.14182393618977837,1
3.8.3,full_model,100,5,0.1,10018,numpy.random.default_rng,bimodal,1201,12.01,0.04972748830591146,0.38999624851021314,49.6,true,85.00839964001358,1,0.49511274547402306,0.524516985568107,1
3.8.3,full_model,100,5,0.1,10019,numpy.random.default_rng,beta_center,900,9,0.039596519244961347,0.4031609029576978,36.6,true,40.8918541627953,1,0.4892120962680099,0.25350658575575347,1
3.8.3,full_model,100,5,0.1,10019,numpy.random.default_rng,beta_extremes,1214,12.14,0.04973515658302958,0.4061401490536429,43.0,true,102.95867965507192,1,0.5056508886898924,0.6136300898956523,1
3.8.3,full_model,100,5,0.1,10019,numpy.random.default_rng,beta_high,200,2,0.03745005295895193,0.10645152313894178,29.8,true,30.7399209107576,1,0.7136483461949265,0.12607627039352468,1
3.8.3,full_model,100,5,0.1,10019,numpy.random.default_rng,bimodal,1165,11.65,0.04975147053610934,0.37440584886842615,48.5,true,84.2741606991697,1,0.49428907080730133,0.516365875494175,1
3.8.3,full_model,100,5,0.15,10000,numpy.random.default_rng,beta_center,300,3,0.010034410990904505,0.15189708339910832,40.3,true,57.24667484149802,1,0.48556897079160494,0.24650575946924436,1
3.8.3,full_model,100,5,0.15,10000,numpy.random.default_rng,beta_extremes,1000,10,0.04529519516207196,0.39058978767129,48.3,true,103.94808360449468,1,0.5087470623995629,0.5925335649832395,1
3.8.3,full_model,100,5,0.15,10000,numpy.random.default_rng,beta_high,100,1,0.032010124570822564,0.05219878836172022,21.8,true,34.828561563796825,1,0.7100459724323563,0.12706598208689712,1
3.8.3,full_model,100,5,0.15,10000,numpy.random.default_rng,bimodal,1157,11.57,0.04996394161899301,0.3671058057548755,50.0,true,87.02507371977227,1,0.5072941594552226,0.5278312940368485,1
3.8.3,full_model,100,5,0.15,10001,numpy.random.default_rng,beta_center,202,2.02,0.0497649056116945,0.1049257086997913,25.7,true,51.88490090721288,1,0.511401704504798,0.2423156415749339,1
3.8.3,full_model,100,5,0.15,10001,numpy.random.default_rng,beta_extremes,1051,10.51,0.04969806512333783,0.3832559111301601,41.4,true,109.35697987958237,1,0.4804815515234378,0.6265787784990328,1
3.8.3,full_model,100,5,0.15,10001,numpy.random.default_rng,beta_high,100,1,0.03222422586456644,0.05468488538240952,19.2,true,35.22326729196762,1,0.718741438035148,0.12795423354575017,1
3.8.3,full_model,100,5,0.15,10001,numpy.random.default_rng,bimodal,1186,11.86,0.04981220744207124,0.3893573680728448,49.2,true,82.59024131819379,1,0.5003945927141288,0.5083607533750585,1
3.8.3,full_model,100,5,0.15,10002,numpy.random.default_rng,beta_center,300,3,0.02500005221681614,0.14603283774192194,35.7,true,54.65928946744758,1,0.5154785573749142,0.24643354312180335,1
3.8.3,full_model,100,5,0.15,10002,numpy.random.default_rng,beta_extremes,1000,10,0.035872693630399716,0.38649632034333564,40.9,true,113.5908065730428,1,0.489730104581653,0.6263234909569337,1
3.8.3,full_model,100,5,0.15,10002,numpy.random.default_rng,beta_high,100,1,0.024689528708116297,0.055671517705983956,22.0,true,34.43480121021466,1,0.7250722556526836,0.1178774526386161,1
3.8.3,full_model,100,5,0.15,10002,numpy.random.default_rng,bimodal,1118,11.18,0.04993156423098801,0.3528444029815268,45.2,true,85.4743830449354,1,0.5149858219765542,0.5117916905564102,1
3.8.3,full_model,100,5,0.15,10003,numpy.random.default_rng,beta_center,200,2,0.04624102759056205,0.10013796714722396,25.7,true,51.469758635743766,1,0.5021161310553548,0.23651487403530352,1
3.8.3,full_model,100,5,0.15,10003,numpy.random.default_rng,beta_extremes,1074,10.74,0.0497154109377196,0.38105111005949244,40.7,true,112.95485121637832,1,0.5171668190287485,0.6495849297971268,1
3.8.3,full_model,100,5,0.15,10003,numpy.random.default_rng,beta_high,100,1,0.02587903733566725,0.0551554639829463,19.8,true,34.21515417347292,1,0.7259842219447746,0.11686859706902757,1
3.8.3,full_model,100,5,0.15,10003,numpy.random.default_rng,bimodal,1168,11.68,0.04979426468916388,0.3682799402078136,51.4,true,88.31382770183822,1,0.5058677184211142,0.5339557389811346,1
3.8.3,full_model,100,5,0.15,10004,numpy.random.default_rng,beta_center,300,3,0.014893007212599927,0.14060050889322193,39.6,true,58.49807313121887,1,0.5063050105519953,0.25762034693003233,1
3.8.3,full_model,100,5,0.15,10004,numpy.random.default_rng,beta_extremes,1000,10,0.0479534845903546,0.3796321784736009,45.5,true,112.89777387956399,1,0.48924068664123754,0.637687262032792,1
3.8.3,full_model,100,5,0.15,10004,numpy.random.default_rng,beta_high,100,1,0.030986731809852834,0.051899792398792666,20.4,true,35.650576370373486,1,0.7123305313957745,0.12945258860981995,1
3.8.3,full_model,100,5,0.15,10004,numpy.random.default_rng,bimodal,1194,11.94,0.049931628364996435,0.3916765268007895,49.5,true,85.00645846183112,1,0.49601843783178307,0.520911839805852,1
3.8.3,full_model,100,5,0.15,10005,numpy.random.default_rng,beta_center,300,3,0.010391419674762379,0.15023087265737142,44.5,true,58.1064116532976,1,0.4967290004055881,0.2532610356594147,1
3.8.3,full_model,100,5,0.15,10005,numpy.random.default_rng,beta_extremes,981,9.81,0.049438129264443395,0.37145730056072673,42.7,true,109.36866266918462,1,0.5386664846767876,0.6200249016427944,1
3.8.3,full_model,100,5,0.15,10005,numpy.random.default_rng,beta_high,100,1,0.03391960475006771,0.05346876730852664,18.4,true,35.78632112036089,1,0.7066586644300258,0.13206457754369927,1
3.8.3,full_model,100,5,0.15,10005,numpy.random.default_rng,bimodal,1147,11.47,0.049982614817395285,0.3766867805635715,48.4,true,82.15315843463587,1,0.4988001600974525,0.5018425786857154,1
3.8.3,full_model,100,5,0.15,10006,numpy.random.default_rng,beta_center,300,3,0.027417740616995073,0.14689092614698263,33.8,true,54.685250075316866,1,0.4970974096292183,0.2478310051223349,1
3.8.3,full_model,100,5,0.15,10006,numpy.random.default_rng,beta_extremes,1100,11,0.049535559653415155,0.4281843531417063,44.3,true,104.70863904404823,1,0.4936370730586133,0.6090861303674159,1
3.8.3,full_model,100,5,0.15,10006,numpy.random.default_rng,beta_high,100,1,0.027136591325529744,0.05417665052936491,20.6,true,34.94423190114718,1,0.7149154835151071,0.12217129499389795,1
3.8.3,full_model,100,5,0.15,10006,numpy.random.default_rng,bimodal,1177,11.77,0.049704612968799855,0.37740943371113705,48.9,true,85.92644791115319,1,0.5067024992850522,0.5233812048829939,1
3.8.3,full_model,100,5,0.15,10007,numpy.random.default_rng,beta_center,200,2,0.04023088764781507,0.10272383949270263,29.7,true,51.89627234979597,1,0.5100013088593861,0.23458793035666803,1
3.8.3,full_model,100,5,0.15,10007,numpy.random.default_rng,beta_extremes,1000,10,0.0471138189504366,0.39346675378776536,40.8,true,109.0576288595289,1,0.47551283086892115,0.6163004838142241,1
3.8.3,full_model,100,5,0.15,10007,numpy.random.default_rng,beta_high,100,1,0.022623457204941164,0.053962627689607176,21.7,true,33.51443670929122,1,0.7205116689639115,0.11105913140831963,1
3.8.3,full_model,100,5,0.15,10007,numpy.random.default_rng,bimodal,1129,11.29,0.04999762207120452,0.3573614778233978,44.5,true,86.64497339186079,1,0.5075982744587595,0.5184618293999638,1
3.8.3,full_model,100,5,0.15,10008,numpy.random.default_rng,beta_center,200,2,0.04893430748695292,0.10379294343628799,27.4,true,51.73698030393825,1,0.5022572235187859,0.24134515724250333,1
3.8.3,full_model,100,5,0.15,10008,numpy.random.default_rng,beta_extremes,1000,10,0.028540902349632108,0.37317880896621186,46.4,true,108.28179174960128,1,0.5224074844011338,0.5960932624154145,1
3.8.3,full_model,100,5,0.15,10008,numpy.random.default_rng,beta_high,100,1,0.03337906245764038,0.05455089789145794,19.3,true,35.42165068580126,1,0.7059843792790986,0.13015095361111953,1
3.8.3,full_model,100,5,0.15,10008,numpy.random.default_rng,bimodal,1165,11.65,0.04968200590520949,0.37548790788691383,49.9,true,86.54324086824407,1,0.5001028749011842,0.5258420822234017,1
3.8.3,full_model,100,5,0.15,10009,numpy.random.default_rng,beta_center,300,3,0.015547627186271827,0.15489605245196958,39.4,true,54.9784750803518,1,0.49679082054054907,0.2402787266011439,1
3.8.3,full_model,100,5,0.15,10009,numpy.random.default_rng,beta_extremes,1000,10,0.04194241695880397,0.364536518376179,40.7,true,114.63620061074623,1,0.49507648861732134,0.6375657612124771,1
3.8.3,full_model,100,5,0.15,10009,numpy.random.default_rng,beta_high,100,1,0.034098826449862826,0.055780842635889824,20.2,true,34.94809686156092,1,0.7066860767296508,0.1289532559683264,1
3.8.3,full_model,100,5,0.15,10009,numpy.random.default_rng,bimodal,1154,11.54,0.04995199000243489,0.3747565225484647,50.3,true,84.31950187150471,1,0.49944508569753865,0.5140431884905955,1
3.8.3,full_model,100,5,0.15,10010,numpy.random.default_rng,beta_center,300,3,0.022153098237849243,0.14509180480543615,41.8,true,52.824752047500475,1,0.4966854418447232,0.23726404811063714,1
3.8.3,full_model,100,5,0.15,10010,numpy.random.default_rng,beta_extremes,1060,10.6,0.049442626196671745,0.3954700282620035,45.1,true,114.353058903891,1,0.5058127564040529,0.6536567882231923,1
3.8.3,full_model,100,5,0.15,10010,numpy.random.default_rng,beta_high,100,1,0.02817194034929236,0.050665815293460405,18.3,true,34.399902775173054,1,0.715548449965383,0.11933412067898101,1
3.8.3,full_model,100,5,0.15,10010,numpy.random.default_rng,bimodal,1122,11.22,0.04997191590912861,0.3586809608125313,49.0,true,83.99357414057482,1,0.5115014034595098,0.5067294568522062,1
3.8.3,full_model,100,5,0.15,10011,numpy.random.default_rng,beta_center,300,3,0.0164140515301336,0.1584106829897744,39.5,true,57.29941630292391,1,0.5145738377653424,0.2527007357155006,1
3.8.3,full_model,100,5,0.15,10011,numpy.random.default_rng,beta_extremes,1000,10,0.034772290141376144,0.3944991719778662,45.4,true,106.98696143533428,1,0.47685656139951765,0.5960557221110424,1
3.8.3,full_model,100,5,0.15,10011,numpy.random.default_rng,beta_high,100,1,0.025780009516423424,0.0552654593002279,21.9,true,34.782199311783465,1,0.7134290506870921,0.12065482244016579,1
3.8.3,full_model,100,5,0.15,10011,numpy.random.default_rng,bimodal,1125,11.25,0.04968923642553193,0.35954788807466564,44.0,true,84.56942256932295,1,0.5083189200810398,0.5071262362441654,1
3.8.3,full_model,100,5,0.15,10012,numpy.random.default_rng,beta_center,200,2,0.04530042386042517,0.10435588577664434,26.8,true,50.603167361525884,1,0.5161928596077171,0.23174234963949886,1
3.8.3,full_model,100,5,0.15,10012,numpy.random.default_rng,beta_extremes,1000,10,0.03289019646218006,0.37564105624296473,40.0,true,112.39776741846805,1,0.4677604022156259,0.6163741004399259,1
3.8.3,full_model,100,5,0.15,10012,numpy.random.default_rng,beta_high,100,1,0.027829131402840372,0.05274349976074596,21.6,true,34.54151032909417,1,0.7079015452795282,0.12134986892325142,1
3.8.3,full_model,100,5,0.15,10012,numpy.random.default_rng,bimodal,1179,11.79,0.049811357896019925,0.38809789771281533,50.3,true,80.89466948615143,1,0.5022532313580098,0.5009317846823356,1
3.8.3,full_model,100,5,0.15,10013,numpy.random.default_rng,beta_center,300,3,0.017322455783466098,0.14835602482227794,38.8,true,56.06767514590317,1,0.5174855858152269,0.247198423583983,1
3.8.3,full_model,100,5,0.15,10013,numpy.random.default_rng,beta_extremes,1089,10.89,0.049710529400510586,0.4053910627095969,39.7,true,106.10826478318612,1,0.48319435820049905,0.6140535678477457,1
3.8.3,full_model,100,5,0.15,10013,numpy.random.default_rng,beta_high,100,1,0.035772062835171974,0.05599787608766333,22.3,true,33.956432821485386,1,0.713502745872458,0.1267182264116208,1
3.8.3,full_model,100,5,0.15,10013,numpy.random.default_rng,bimodal,1154,11.54,0.04977586734018035,0.37723729293487196,48.7,true,82.4549043366918,1,0.5044996339481665,0.5028946983468732,1
3.8.3,full_model,100,5,0.15,10014,numpy.random.default_rng,beta_center,300,3,0.00838995994154372,0.1600648445463697,42.5,true,56.33379492791623,1,0.5050284876700588,0.24134895079226149,1
3.8.3,full_model,100,5,0.15,10014,numpy.random.default_rng,beta_extremes,1100,11,0.019790199445416694,0.40307671827005115,43.2,true,117.15841533936634,1,0.49904492611272183,0.64223337675988,1
3.8.3,full_model,100,5,0.15,10014,numpy.random.default_rng,beta_high,100,1,0.02490949308580521,0.055276397570334986,20.2,true,34.24118253930417,1,0.7171877762194844,0.11622922488171866,1
3.8.3,full_model,100,5,0.15,10014,numpy.random.default_rng,bimodal,1165,11.65,0.04996400157437519,0.375810662651938,51.3,true,84.65178512458994,1,0.5042489849292005,0.5171168798629879,1
3.8.3,full_model,100,5,0.15,10015,numpy.random.default_rng,beta_center,300,3,0.009159820931128387,0.15416820786062363,38.5,true,58.05734152855817,1,0.49256802245634573,0.24873507062588435,1
3.8.3,full_model,100,5,0.15,10015,numpy.random.default_rng,beta_extremes,1200,12,0.014602436609347133,0.42964421847346884,44.7,true,112.06388805916481,1,0.5130658626693255,0.6246292879597884,1
3.8.3,full_model,100,5,0.15,10015,numpy.random.default_rng,beta_high,100,1,0.027282845172264238,0.055104465126188495,22.8,true,33.51985974264063,1,0.7222464147727113,0.11629592000174893,1
3.8.3,full_model,100,5,0.15,10015,numpy.random.default_rng,bimodal,1166,11.66,0.049678345015101835,0.36395987952141856,45.3,true,91.3976330520951,1,0.5005044898456107,0.5460075002454573,1
3.8.3,full_model,100,5,0.15,10016,numpy.random.default_rng,beta_center,300,3,0.015438242667254833,0.14887714105919317,42.9,true,55.58958131658392,1,0.4905713504233228,0.2449236238871033,1
3.8.3,full_model,100,5,0.15,10016,numpy.random.default_rng,beta_extremes,1000,10,0.03933179391362519,0.38761834338326884,48.5,true,115.49120529967432,1,0.5227637189510133,0.6445348784620424,1
3.8.3,full_model,100,5,0.15,10016,numpy.random.default_rng,beta_high,100,1,0.02468454778098279,0.05014897719009999,21.8,true,34.12283213318349,1,0.7045278838696114,0.11621124569119781,1
3.8.3,full_model,100,5,0.15,10016,numpy.random.default_rng,bimodal,1183,11.83,0.04969806671673273,0.3829213742877749,50.6,true,83.8639505167159,1,0.5041648497804158,0.5141635496438842,1
3.8.3,full_model,100,5,0.15,10017,numpy.random.default_rng,beta_center,300,3,0.011330521745091606,0.14808909578311,39.7,true,55.94538776098199,1,0.49618918601930595,0.24094455848661225,1
3.8.3,full_model,100,5,0.15,10017,numpy.random.default_rng,beta_extremes,1000,10,0.04383873856115941,0.3815393943844545,47.1,true,108.17268185699828,1,0.49607184594898196,0.6118975917911461,1
3.8.3,full_model,100,5,0.15,10017,numpy.random.default_rng,beta_high,100,1,0.03206313539147505,0.05594095592812176,21.4,true,34.815935105932475,1,0.7170831243592432,0.12685679616011947,1
3.8.3,full_model,100,5,0.15,10017,numpy.random.default_rng,bimodal,1127,11.27,0.049995415860140974,0.3615175000186384,48.3,true,83.66497638765206,1,0.504400784522886,0.5078106771734057,1
3.8.3,full_model,100,5,0.15,10018,numpy.random.default_rng,beta_center,300,3,0.028002967274607594,0.15325834730032317,38.6,true,55.29637280111169,1,0.5062218417075316,0.25382317073791855,1
3.8.3,full_model,100,5,0.15,10018,numpy.random.default_rng,beta_extremes,1000,10,0.0422575477812648,0.3919994953335673,41.8,true,112.77525427936533,1,0.48518893259405044,0.6299826767843518,1
3.8.3,full_model,100,5,0.15,10018,numpy.random.default_rng,beta_high,100,1,0.045091294075043656,0.054708796500886385,19.6,true,35.3837929831219,1,0.7144764406182434,0.14182393618977837,1
3.8.3,full_model,100,5,0.15,10018,numpy.random.default_rng,bimodal,1187,11.87,0.04972935537067563,0.38611306906349935,48.8,true,86.07822038603307,1,0.49511274547402306,0.524516985568107,1
3.8.3,full_model,100,5,0.15,10019,numpy.random.default_rng,beta_center,300,3,0.018377993156870963,0.1456082968329944,34.9,true,57.52831817862633,1,0.4892120962680099,0.25350658575575347,1
3.8.3,full_model,100,5,0.15,10019,numpy.random.default_rng,beta_extremes,1000,10,0.03819691395958765,0.386916878973706,43.6,true,110.25728934326423,1,0.5056508886898924,0.6136300898956523,1
3.8.3,full_model,100,5,0.15,10019,numpy.random.default_rng,beta_high,100,1,0.029673643570978958,0.05485810435395995,21.2,true,35.15778245929145,1,0.7136483461949265,0.12607627039352468,1
3.8.3,full_model,100,5,0.15,10019,numpy.random.default_rng,bimodal,1144,11.44,0.04996574744994084,0.3709133091879664,49.0,true,85.12147994338748,1,0.49428907080730133,0.516365875494175,1
3.8.3,full_model,100,5,0.2,10000,numpy.random.default_rng,beta_center,200,2,0.0021811391660603,0.10057662119155593,37.9,true,61.04989522957723,1,0.48556897079160494,0.24650575946924436,1
3.8.3,full_model,100,5,0.2,10000,numpy.random.default_rng,beta_extremes,500,5,0.018538643739941994,0.2473998841809722,41.1,true,120.42656379544043,1,0.5087470623995629,0.5925335649832395,1
3.8.3,full_model,100,5,0.2,10000,numpy.random.default_rng,beta_high,100,1,0.009364769950151675,0.05257582634038608,28.7,true,38.66761363603207,1,0.7100459724323563,0.12706598208689712,1
3.8.3,full_model,100,5,0.2,10000,numpy.random.default_rng,bimodal,1147,11.47,0.049659136342187396,0.3642320930538053,51.0,true,87.2461752606539,1,0.5072941594552226,0.5278312940368485,1
3.8.3,full_model,100,5,0.2,10001,numpy.random.default_rng,beta_center,200,2,0.0009016394094733601,0.10414631746970746,40.1,true,60.26759311721863,1,0.511401704504798,0.2423156415749339,1
3.8.3,full_model,100,5,0.2,10001,numpy.random.default_rng,beta_extremes,600,6,0.011835528433739783,0.29632255304986116,40.6,true,126.82366976134671,1,0.4804815515234378,0.6265787784990328,1
3.8.3,full_model,100,5,0.2,10001,numpy.random.default_rng,beta_high,100,1,0.0087401172869266,0.053685252105226074,29.5,true,38.89013898915945,1,0.718741438035148,0.12795423354575017,1
3.8.3,full_model,100,5,0.2,10001,numpy.random.default_rng,bimodal,1177,11.77,0.04967813030351963,0.38671058340224257,49.0,true,82.81718908513761,1,0.5003945927141288,0.5083607533750585,1
3.8.3,full_model,100,5,0.2,10002,numpy.random.default_rng,beta_center,200,2,0.0034605946193569277,0.09815173554726336,36.1,true,60.969636784598876,1,0.5154785573749142,0.24643354312180335,1
3.8.3,full_model,100,5,0.2,10002,numpy.random.default_rng,beta_extremes,800,8,0.04722759737776446,0.36356395948902676,41.2,true,115.36075538910696,1,0.489730104581653,0.6263234909569337,1
3.8.3,full_model,100,5,0.2,10002,numpy.random.default_rng,beta_high,100,1,0.007016072704524556,0.055148436518978675,28.7,true,37.29951856499236,1,0.7250722556526836,0.1178774526386161,1
3.8.3,full_model,100,5,0.2,10002,numpy.random.default_rng,bimodal,1098,10.98,0.049882342786221494,0.3476595738715594,45.2,true,85.88448657534414,1,0.5149858219765542,0.5117916905564102,1
3.8.3,full_model,100,5,0.2,10003,numpy.random.default_rng,beta_center,200,2,0.0007196872964905257,0.09909212612367013,38.1,true,59.344067469256515,1,0.5021161310553548,0.23651487403530352,1
3.8.3,full_model,100,5,0.2,10003,numpy.random.default_rng,beta_extremes,600,6,5.1222032800922925e-30,0.3114460044866038,46.4,true,133.19141365920106,1,0.5171668190287485,0.6495849297971268,1
3.8.3,full_model,100,5,0.2,10003,numpy.random.default_rng,beta_high,100,1,0.007323008514816515,0.05451603049345701,26.8,true,37.22639190931754,1,0.7259842219447746,0.11686859706902757,1
3.8.3,full_model,100,5,0.2,10003,numpy.random.default_rng,bimodal,1179,11.79,0.04990715530141025,0.3764749916040128,51.8,true,87.50088534628598,1,0.5058677184211142,0.5339557389811346,1
3.8.3,full_model,100,5,0.2,10004,numpy.random.default_rng,beta_center,200,2,0.0031417020287614235,0.09354548154717968,42.5,true,62.61080753926335,1,0.5063050105519953,0.25762034693003233,1
3.8.3,full_model,100,5,0.2,10004,numpy.random.default_rng,beta_extremes,600,6,0.008435737129657185,0.30177109209104197,43.7,true,129.3151900086478,1,0.48924068664123754,0.637687262032792,1
3.8.3,full_model,100,5,0.2,10004,numpy.random.default_rng,beta_high,100,1,0.00958295164646155,0.05136980268057752,29.2,true,39.05135890253765,1,0.7123305313957745,0.12945258860981995,1
3.8.3,full_model,100,5,0.2,10004,numpy.random.default_rng,bimodal,1186,11.86,0.04999288551233122,0.3888149663269031,50.3,true,85.07433890871226,1,0.49601843783178307,0.520911839805852,1
3.8.3,full_model,100,5,0.2,10005,numpy.random.default_rng,beta_center,200,2,0.0018121065574065532,0.10228999741141559,44.1,true,61.87467132053107,1,0.4967290004055881,0.2532610356594147,1
3.8.3,full_model,100,5,0.2,10005,numpy.random.default_rng,beta_extremes,500,5,0.024561903021612326,0.2459805484071192,45.9,true,124.34030069681603,1,0.5386664846767876,0.6200249016427944,1
3.8.3,full_model,100,5,0.2,10005,numpy.random.default_rng,beta_high,100,1,0.009654547341574142,0.052553959242354356,26.4,true,39.83937834246291,1,0.7066586644300258,0.13206457754369927,1
3.8.3,full_model,100,5,0.2,10005,numpy.random.default_rng,bimodal,1152,11.52,0.0499195513268591,0.38321963611773957,48.2,true,82.06544448996539,1,0.4988001600974525,0.5018425786857154,1
3.8.3,full_model,100,5,0.2,10006,numpy.random.default_rng,beta_center,200,2,0.0017447772576151548,0.10074387841004143,33.1,true,61.90220837902346,1,0.4970974096292183,0.2478310051223349,1
3.8.3,full_model,100,5,0.2,10006,numpy.random.default_rng,beta_extremes,500,5,0.018165750233903814,0.23568039066434573,46.6,true,123.48214909663872,1,0.4936370730586133,0.6090861303674159,1
3.8.3,full_model,100,5,0.2,10006,numpy.random.default_rng,beta_high,100,1,0.007818610149492863,0.053635731469473556,25.7,true,38.29785518230754,1,0.7149154835151071,0.12217129499389795,1
3.8.3,full_model,100,5,0.2,10006,numpy.random.default_rng,bimodal,1162,11.62,0.04960440030180133,0.3738393431160937,48.9,true,86.24666894908282,1,0.5067024992850522,0.5233812048829939,1
3.8.3,full_model,100,5,0.2,10007,numpy.random.default_rng,beta_center,200,2,0.001461778220863273,0.09985797549463506,45.7,true,58.05023752838622,1,0.5100013088593861,0.23458793035666803,1
3.8.3,full_model,100,5,0.2,10007,numpy.random.default_rng,beta_extremes,600,6,0.007596578162422778,0.29617902395923473,42.8,true,125.34597217916226,1,0.47551283086892115,0.6163004838142241,1
3.8.3,full_model,100,5,0.2,10007,numpy.random.default_rng,beta_high,100,1,0.005621731447585017,0.05295576441519888,29.4,true,36.144832203926164,1,0.7205116689639115,0.11105913140831963,1
3.8.3,full_model,100,5,0.2,10007,numpy.random.default_rng,bimodal,1152,11.52,0.04988886950897854,0.3723019303842052,46.7,true,85.54597688167789,1,0.5075982744587595,0.5184618293999638,1
3.8.3,full_model,100,5,0.2,10008,numpy.random.default_rng,beta_center,200,2,0.001398036378421038,0.10167553041604183,44.8,true,59.49434039629567,1,0.5022572235187859,0.24134515724250333,1
3.8.3,full_model,100,5,0.2,10008,numpy.random.default_rng,beta_extremes,600,6,0.027043901108632994,0.30497511398689103,41.5,true,117.53462350565691,1,0.5224074844011338,0.5960932624154145,1
3.8.3,full_model,100,5,0.2,10008,numpy.random.default_rng,beta_high,100,1,0.009876439147821122,0.054256418846597175,25.8,true,39.47219007171736,1,0.7059843792790986,0.13015095361111953,1
3.8.3,full_model,100,5,0.2,10008,numpy.random.default_rng,bimodal,1156,11.56,0.04969383327428255,0.37332971905474405,50.1,true,86.70098330387108,1,0.5001028749011842,0.5258420822234017,1
3.8.3,full_model,100,5,0.2,10009,numpy.random.default_rng,beta_center,200,2,0.0010499880852719383,0.10462157987226033,35.3,true,60.31051662418079,1,0.49679082054054907,0.2402787266011439,1
3.8.3,full_model,100,5,0.2,10009,numpy.random.default_rng,beta_extremes,500,5,0.048975526818649466,0.2329092881323706,39.5,true,123.65625266786206,1,0.49507648861732134,0.6375657612124771,1
3.8.3,full_model,100,5,0.2,10009,numpy.random.default_rng,beta_high,100,1,0.010179769745630044,0.0557183842797618,26.3,true,39.121911325325286,1,0.7066860767296508,0.1289532559683264,1
3.8.3,full_model,100,5,0.2,10009,numpy.random.default_rng,bimodal,1159,11.59,0.04999640063620453,0.37978341947541544,48.7,true,84.26036839990444,1,0.49944508569753865,0.5140431884905955,1
3.8.3,full_model,100,5,0.2,10010,numpy.random.default_rng,beta_center,200,2,0.0007381670794865783,0.0980030339829122,45.1,true,58.78021471022455,1,0.4966854418447232,0.23726404811063714,1
3.8.3,full_model,100,5,0.2,10010,numpy.random.default_rng,beta_extremes,500,5,0.01287899916578139,0.25320655463806874,44.8,true,133.59289748375036,1,0.5058127564040529,0.6536567882231923,1
3.8.3,full_model,100,5,0.2,10010,numpy.random.default_rng,beta_high,100,1,0.007534299614802597,0.050497270981101,24.6,true,37.89743934928663,1,0.715548449965383,0.11933412067898101,1
3.8.3,full_model,100,5,0.2,10010,numpy.random.default_rng,bimodal,1133,11.33,0.04990500232786757,0.3672106815205014,49.4,true,83.74653037079167,1,0.5115014034595098,0.5067294568522062,1
3.8.3,full_model,100,5,0.2,10011,numpy.random.default_rng,beta_center,200,2,0.00268084127592271,0.10180843752954423,41.7,true,61.8288884660391,1,0.5145738377653424,0.2527007357155006,1
3.8.3,full_model,100,5,0.2,10011,numpy.random.default_rng,beta_extremes,400,4,0.016541023846900295,0.1993054668225834,37.0,true,124.16297437948732,1,0.47685656139951765,0.5960557221110424,1
3.8.3,full_model,100,5,0.2,10011,numpy.random.default_rng,beta_high,100,1,0.007770185598828678,0.054659283015015186,31.5,true,37.424194404116676,1,0.7134290506870921,0.12065482244016579,1
3.8.3,full_model,100,5,0.2,10011,numpy.random.default_rng,bimodal,1111,11.11,0.0497305631299622,0.35489339199100306,44.2,true,84.82138936040074,1,0.5083189200810398,0.5071262362441654,1
3.8.3,full_model,100,5,0.2,10012,numpy.random.default_rng,beta_center,200,2,0.00135316600482814,0.10394038334685383,41.5,true,57.922639707766805,1,0.5161928596077171,0.23174234963949886,1
3.8.3,full_model,100,5,0.2,10012,numpy.random.default_rng,beta_extremes,600,6,0.005297934696690358,0.2891014436019904,45.4,true,125.55075154026872,1,0.4677604022156259,0.6163741004399259,1
3.8.3,full_model,100,5,0.2,10012,numpy.random.default_rng,beta_high,100,1,0.00791253765905022,0.05180490517846108,27.7,true,37.91487600758132,1,0.7079015452795282,0.12134986892325142,1
3.8.3,full_model,100,5,0.2,10012,numpy.random.default_rng,bimodal,1165,11.65,0.049665172320219934,0.38597899258833795,51.3,true,81.38402352279371,1,0.5022532313580098,0.5009317846823356,1
3.8.3,full_model,100,5,0.2,10013,numpy.random.default_rng,beta_center,200,2,0.002430863882065479,0.09914140445399698,39.4,true,60.978554870160806,1,0.5174855858152269,0.247198423583983,1
3.8.3,full_model,100,5,0.2,10013,numpy.random.default_rng,beta_extremes,600,6,0.0482315783474723,0.30080754520965414,44.2,true,116.63935752279411,1,0.48319435820049905,0.6140535678477457,1
3.8.3,full_model,100,5,0.2,10013,numpy.random.default_rng,beta_high,100,1,0.010323774173986144,0.05545286743023811,30.5,true,38.22611780415542,1,0.713502745872458,0.1267182264116208,1
3.8.3,full_model,100,5,0.2,10013,numpy.random.default_rng,bimodal,1139,11.39,0.04995818282390728,0.3733363403628608,48.5,true,82.73863628757498,1,0.5044996339481665,0.5028946983468732,1
3.8.3,full_model,100,5,0.2,10014,numpy.random.default_rng,beta_center,200,2,0.0011145244860587674,0.10363015760754649,45.0,true,59.54170375336018,1,0.5050284876700588,0.24134895079226149,1
3.8.3,full_model,100,5,0.2,10014,numpy.random.default_rng,beta_extremes,500,5,0.020159256093157767,0.23797272529731978,40.0,true,130.29292549707958,1,0.49904492611272183,0.64223337675988,1
3.8.3,full_model,100,5,0.2,10014,numpy.random.default_rng,beta_high,100,1,0.005898691607798689,0.05349212245398239,28.1,true,37.253432048661296,1,0.7171877762194844,0.11622922488171866,1
3.8.3,full_model,100,5,0.2,10014,numpy.random.default_rng,bimodal,1150,11.5,0.04999012821359616,0.37132455236804524,51.7,true,84.9067841022599,1,0.5042489849292005,0.5171168798629879,1
3.8.3,full_model,100,5,0.2,10015,numpy.random.default_rng,beta_center,200,2,0.002812094790584894,0.10375674976840371,41.8,true,60.99940732957147,1,0.49256802245634573,0.24873507062588435,1
3.8.3,full_model,100,5,0.2,10015,numpy.random.default_rng,beta_extremes,500,5,0.027531550209021857,0.2618373014313884,44.0,true,124.90645568508171,1,0.5130658626693255,0.6246292879597884,1
3.8.3,full_model,100,5,0.2,10015,numpy.random.default_rng,beta_high,100,1,0.008661192260397929,0.05413368845979095,27.3,true,36.79423886384721,1,0.7222464147727113,0.11629592000174893,1
3.8.3,full_model,100,5,0.2,10015,numpy.random.default_rng,bimodal,1152,11.52,0.04993399673268011,0.36018514015903774,45.3,true,91.62669144554755,1,0.5005044898456107,0.5460075002454573,1
3.8.3,full_model,100,5,0.2,10016,numpy.random.default_rng,beta_center,200,2,0.0016608728250654004,0.09771403198293295,42.6,true,60.38761876426568,1,0.4905713504233228,0.2449236238871033,1
3.8.3,full_model,100,5,0.2,10016,numpy.random.default_rng,beta_extremes,500,5,0.04308196214186703,0.2573674589827134,48.4,true,125.367714891086,1,0.5227637189510133,0.6445348784620424,1
3.8.3,full_model,100,5,0.2,10016,numpy.random.default_rng,beta_high,100,1,0.0062682718849743765,0.050044150081241516,27.8,true,37.20609255374062,1,0.7045278838696114,0.11621124569119781,1
3.8.3,full_model,100,5,0.2,10016,numpy.random.default_rng,bimodal,1169,11.69,0.04975540366053599,0.37901108114359106,50.8,true,84.12267247964726,1,0.5041648497804158,0.5141635496438842,1
3.8.3,full_model,100,5,0.2,10017,numpy.random.default_rng,beta_center,200,2,0.0010545561509928895,0.09812703083739295,38.9,true,60.08305284492073,1,0.49618918601930595,0.24094455848661225,1
3.8.3,full_model,100,5,0.2,10017,numpy.random.default_rng,beta_extremes,765,7.65,0.049886701477251404,0.3734130826947092,41.1,true,112.72350740864418,1,0.49607184594898196,0.6118975917911461,1
3.8.3,full_model,100,5,0.2,10017,numpy.random.default_rng,beta_high,100,1,0.009078274908840295,0.054883075292691416,26.8,true,38.8729600964912,1,0.7170831243592432,0.12685679616011947,1
3.8.3,full_model,100,5,0.2,10017,numpy.random.default_rng,bimodal,1132,11.32,0.04980552769246482,0.36839745470451135,48.3,true,83.60261002345281,1,0.504400784522886,0.5078106771734057,1
3.8.3,full_model,100,5,0.2,10018,numpy.random.default_rng,beta_center,200,2,0.00252099286777519,0.10437899503709182,37.6,true,62.49521662427681,1,0.5062218417075316,0.25382317073791855,1
3.8.3,full_model,100,5,0.2,10018,numpy.random.default_rng,beta_extremes,400,4,0.025494630109961752,0.18822071068308727,37.7,true,129.01809825422788,1,0.48518893259405044,0.6299826767843518,1
3.8.3,full_model,100,5,0.2,10018,numpy.random.default_rng,beta_high,100,1,0.01532710870650458,0.05508364390834525,28.1,true,40.486611314459346,1,0.7144764406182434,0.14182393618977837,1
3.8.3,full_model,100,5,0.2,10018,numpy.random.default_rng,bimodal,1166,11.66,0.04989580978369296,0.380127105046524,48.8,true,86.46522880163049,1,0.49511274547402306,0.524516985568107,1
3.8.3,full_model,100,5,0.2,10019,numpy.random.default_rng,beta_center,200,2,0.0018337739784864584,0.0957382301373063,34.0,true,62.929634516781675,1,0.4892120962680099,0.25350658575575347,1
3.8.3,full_model,100,5,0.2,10019,numpy.random.default_rng,beta_extremes,500,5,0.036595067411354903,0.2673808759134816,41.4,true,121.23363545306387,1,0.5056508886898924,0.6136300898956523,1
3.8.3,full_model,100,5,0.2,10019,numpy.random.default_rng,beta_high,100,1,0.008953650013709891,0.05400656409514976,31.2,true,38.3018237477582,1,0.7136483461949265,0.12607627039352468,1
3.8.3,full_model,100,5,0.2,10019,numpy.random.default_rng,bimodal,1151,11.51,0.04989139157749278,0.3775361102718337,49.0,true,84.99601997782287,1,0.49428907080730133,0.516365875494175,1
3.8.3,full_model,100,5,0.25,10000,numpy.random.default_rng,beta_center,100,1,0.03356289731198845,0.050017489112018844,17.8,true,58.80607155699558,1,0.48556897079160494,0.24650575946924436,1
3.8.3,full_model,100,5,0.25,10000,numpy.random.default_rng,beta_extremes,300,3,0.0011054298054942947,0.1500199981804377,48.2,true,127.34812603564004,1,0.5087470623995629,0.5925335649832395,1
3.8.3,full_model,100,5,0.25,10000,numpy.random.default_rng,beta_high,100,1,0.002207428079191752,0.05103424594831879,37.5,true,39.21915908924365,1,0.7100459724323563,0.12706598208689712,1
3.8.3,full_model,100,5,0.25,10000,numpy.random.default_rng,bimodal,1100,11,5.011269715295588e-30,0.3530753934108419,52.4,true,97.97860503769925,1,0.5072941594552226,0.5278312940368485,1
3.8.3,full_model,100,5,0.25,10001,numpy.random.default_rng,beta_center,100,1,0.03221667687393301,0.05277257160913325,19.3,true,58.08715431161973,1,0.511401704504798,0.2423156415749339,1
3.8.3,full_model,100,5,0.25,10001,numpy.random.default_rng,beta_extremes,300,3,0.0037409834880109496,0.14946009093061857,42.6,true,134.29008599765774,1,0.4804815515234378,0.6265787784990328,1
3.8.3,full_model,100,5,0.25,10001,numpy.random.default_rng,beta_high,100,1,0.002000232401692593,0.05063925201851462,38.5,true,39.33826826621059,1,0.718741438035148,0.12795423354575017,1
3.8.3,full_model,100,5,0.25,10001,numpy.random.default_rng,bimodal,1100,11,3.303355040612987e-30,0.36857182952267276,48.6,true,94.29372208353558,1,0.5003945927141288,0.5083607533750585,1
3.8.3,full_model,100,5,0.25,10002,numpy.random.default_rng,beta_center,100,1,0.03709530845208075,0.04982973669228982,19.1,true,57.95515544710991,1,0.5154785573749142,0.24643354312180335,1
3.8.3,full_model,100,5,0.25,10002,numpy.random.default_rng,beta_extremes,300,3,0.010302422196073914,0.14341347832931872,41.7,true,132.89700914689774,1,0.489730104581653,0.6263234909569337,1
3.8.3,full_model,100,5,0.25,10002,numpy.random.default_rng,beta_high,100,1,0.0015400868798109404,0.05193843133454139,38.2,true,37.4448762301943,1,0.7250722556526836,0.1178774526386161,1
3.8.3,full_model,100,5,0.25,10002,numpy.random.default_rng,bimodal,1000,10,4.6622912093726206e-30,0.3232477578992357,46.8,true,97.6621757233871,1,0.5149858219765542,0.5117916905564102,1
3.8.3,full_model,100,5,0.25,10003,numpy.random.default_rng,beta_center,100,1,0.027807720541151208,0.049774313696865344,16.1,true,58.128941983145616,1,0.5021161310553548,0.23651487403530352,1
3.8.3,full_model,100,5,0.25,10003,numpy.random.default_rng,beta_extremes,300,3,0.003924834894744516,0.16037118235699893,42.3,true,138.86400042135855,1,0.5171668190287485,0.6495849297971268,1
3.8.3,full_model,100,5,0.25,10003,numpy.random.default_rng,beta_high,100,1,0.0016794502587165424,0.0514317757871343,36.4,true,37.39525777327285,1,0.7259842219447746,0.11686859706902757,1
3.8.3,full_model,100,5,0.25,10003,numpy.random.default_rng,bimodal,1100,11,3.651563174558199e-30,0.3587353974821434,53.8,true,98.86321102635287,1,0.5058677184211142,0.5339557389811346,1
3.8.3,full_model,100,5,0.25,10004,numpy.random.default_rng,beta_center,100,1,0.03844453354696987,0.04492767583548806,16.1,true,60.22270765624598,1,0.5063050105519953,0.25762034693003233,1
3.8.3,full_model,100,5,0.25,10004,numpy.random.default_rng,beta_extremes,300,3,0.0021781555662434343,0.15193527650917368,43.0,true,136.75422452948425,1,0.48924068664123754,0.637687262032792,1
3.8.3,full_model,100,5,0.25,10004,numpy.random.default_rng,beta_high,100,1,0.0022182801219648796,0.050058701291886214,40.2,true,39.42435876250642,1,0.7123305313957745,0.12945258860981995,1
3.8.3,full_model,100,5,0.25,10004,numpy.random.default_rng,bimodal,1100,11,5.75930090569559e-30,0.36806398090914283,51.9,true,96.63396476212493,1,0.49601843783178307,0.520911839805852,1
3.8.3,full_model,100,5,0.25,10005,numpy.random.default_rng,beta_center,100,1,0.03351187830350621,0.05045247126824111,18.8,true,60.067308847618285,1,0.4967290004055881,0.2532610356594147,1
3.8.3,full_model,100,5,0.25,10005,numpy.random.default_rng,beta_extremes,300,3,0.004506729200973149,0.15147618922822084,46.8,true,132.28606067890286,1,0.5386664846767876,0.6200249016427944,1
3.8.3,full_model,100,5,0.25,10005,numpy.random.default_rng,beta_high,100,1,0.0022301410528308614,0.050305390966503084,36.4,true,40.324372028625355,1,0.7066586644300258,0.13206457754369927,1
3.8.3,full_model,100,5,0.25,10005,numpy.random.default_rng,bimodal,1100,11,2.5085237525643747e-30,0.3684364231213992,49.0,true,93.01009391598689,1,0.4988001600974525,0.5018425786857154,1
3.8.3,full_model,100,5,0.25,10006,numpy.random.default_rng,beta_center,100,1,0.033222291346034355,0.05082907545451285,16.6,true,59.25920130148739,1,0.4970974096292183,0.2478310051223349,1
3.8.3,full_model,100,5,0.25,10006,numpy.random.default_rng,beta_extremes,300,3,0.0010572738230980407,0.1348668867764082,46.8,true,130.82868114204678,1,0.4936370730586133,0.6090861303674159,1
3.8.3,full_model,100,5,0.25,10006,numpy.random.default_rng,beta_high,100,1,0.001595832643926194,0.051127328296210896,33.2,true,38.79253610357954,1,0.7149154835151071,0.12217129499389795,1
3.8.3,full_model,100,5,0.25,10006,numpy.random.default_rng,bimodal,1100,11,4.4373425918681914e-30,0.35865846872968693,49.1,true,97.38830805316233,1,0.5067024992850522,0.5233812048829939,1
3.8.3,full_model,100,5,0.25,10007,numpy.random.default_rng,beta_center,100,1,0.028010288006013517,0.05117976320571087,22.7,true,57.042969481970616,1,0.5100013088593861,0.23458793035666803,1
3.8.3,full_model,100,5,0.25,10007,numpy.random.default_rng,beta_extremes,300,3,0.0020833035035403985,0.14304136148317428,44.8,true,132.3062712112861,1,0.47551283086892115,0.6163004838142241,1
3.8.3,full_model,100,5,0.25,10007,numpy.random.default_rng,beta_high,100,1,0.0010438074101478114,0.05047796484879869,40.2,true,35.980540901391926,1,0.7205116689639115,0.11105913140831963,1
3.8.3,full_model,100,5,0.25,10007,numpy.random.default_rng,bimodal,1100,11,5.1591811350245274e-30,0.3589192475931748,46.3,true,96.56441991761307,1,0.5075982744587595,0.5184618293999638,1
3.8.3,full_model,100,5,0.25,10008,numpy.random.default_rng,beta_center,100,1,0.028441875227890136,0.05102986869779771,20.2,true,58.55810490948775,1,0.5022572235187859,0.24134515724250333,1
3.8.3,full_model,100,5,0.25,10008,numpy.random.default_rng,beta_extremes,300,3,0.003888210177820676,0.15425332790682278,41.9,true,128.15329778112346,1,0.5224074844011338,0.5960932624154145,1
3.8.3,full_model,100,5,0.25,10008,numpy.random.default_rng,beta_high,100,1,0.002149407085201773,0.05141198562810441,35.3,true,40.06773870590215,1,0.7059843792790986,0.13015095361111953,1
3.8.3,full_model,100,5,0.25,10008,numpy.random.default_rng,bimodal,1100,11,2.4228198700391427e-30,0.3589540012789571,50.1,true,97.76046874461638,1,0.5001028749011842,0.5258420822234017,1
3.8.3,full_model,100,5,0.25,10009,numpy.random.default_rng,beta_center,100,1,0.030595581382849468,0.05289856409073627,19.3,true,58.00398411545435,1,0.49679082054054907,0.2402787266011439,1
3.8.3,full_model,100,5,0.25,10009,numpy.random.default_rng,beta_extremes,300,3,0.0014028579721389876,0.14796620349954553,43.6,true,136.82518233789258,1,0.49507648861732134,0.6375657612124771,1
3.8.3,full_model,100,5,0.25,10009,numpy.random.default_rng,beta_high,100,1,0.0024522902346015433,0.05283276741658087,34.4,true,39.857551508374144,1,0.7066860767296508,0.1289532559683264,1
3.8.3,full_model,100,5,0.25,10009,numpy.random.default_rng,bimodal,1100,11,2.7147908496082477e-30,0.36389633492103013,47.5,true,95.44044288137306,1,0.49944508569753865,0.5140431884905955,1
3.8.3,full_model,100,5,0.25,10010,numpy.random.default_rng,beta_center,100,1,0.02866413871003142,0.04811611424640693,21.1,true,57.60752680883908,1,0.4966854418447232,0.23726404811063714,1
3.8.3,full_model,100,5,0.25,10010,numpy.random.default_rng,beta_extremes,300,3,0.000845236222842308,0.1530051771595294,45.7,true,139.97466014121198,1,0.5058127564040529,0.6536567882231923,1
3.8.3,full_model,100,5,0.25,10010,numpy.random.default_rng,beta_high,100,1,0.0014087122196092044,0.05037558963902998,34.2,true,38.16256291239241,1,0.715548449965383,0.11933412067898101,1
3.8.3,full_model,100,5,0.25,10010,numpy.random.default_rng,bimodal,1100,11,1.654759008217513e-30,0.35864729189945777,50.0,true,94.32795900584631,1,0.5115014034595098,0.5067294568522062,1
3.8.3,full_model,100,5,0.25,10011,numpy.random.default_rng,beta_center,100,1,0.03860521364066852,0.051445353552738014,18.1,true,59.00653214728878,1,0.5145738377653424,0.2527007357155006,1
3.8.3,full_model,100,5,0.25,10011,numpy.random.default_rng,beta_extremes,300,3,5.63625705252976e-07,0.14877487591544314,48.5,true,128.2935929532717,1,0.47685656139951765,0.5960557221110424,1
3.8.3,full_model,100,5,0.25,10011,numpy.random.default_rng,beta_high,100,1,0.0016325525396502674,0.05197144436497681,39.3,true,37.87185540788485,1,0.7134290506870921,0.12065482244016579,1
3.8.3,full_model,100,5,0.25,10011,numpy.random.default_rng,bimodal,1100,11,7.035229493852134e-30,0.3581497699432848,44.2,true,94.92733976033597,1,0.5083189200810398,0.5071262362441654,1
3.8.3,full_model,100,5,0.25,10012,numpy.random.default_rng,beta_center,100,1,0.029562737233240995,0.051915919828546216,20.5,true,56.383326685260144,1,0.5161928596077171,0.23174234963949886,1
3.8.3,full_model,100,5,0.25,10012,numpy.random.default_rng,beta_extremes,300,3,0.004386289949632182,0.14795862428701287,41.3,true,132.22016416684443,1,0.4677604022156259,0.6163741004399259,1
3.8.3,full_model,100,5,0.25,10012,numpy.random.default_rng,beta_high,100,1,0.0015630955888662449,0.05060647693692641,36.5,true,38.304824343030184,1,0.7079015452795282,0.12134986892325142,1
3.8.3,full_model,100,5,0.25,10012,numpy.random.default_rng,bimodal,1100,11,6.01583477428797e-30,0.3692051674106943,51.7,true,92.57789667809655,1,0.5022532313580098,0.5009317846823356,1
3.8.3,full_model,100,5,0.25,10013,numpy.random.default_rng,beta_center,100,1,0.03354702666513699,0.048734365742852115,17.7,true,58.95783436331939,1,0.5174855858152269,0.247198423583983,1
3.8.3,full_model,100,5,0.25,10013,numpy.random.default_rng,beta_extremes,300,3,0.001488871739446562,0.15484841333995605,45.2,true,131.96519680099283,1,0.48319435820049905,0.6140535678477457,1
3.8.3,full_model,100,5,0.25,10013,numpy.random.default_rng,beta_high,100,1,0.0026859925720410863,0.052798964318836565,37.3,true,39.07380681970001,1,0.713502745872458,0.1267182264116208,1
3.8.3,full_model,100,5,0.25,10013,numpy.random.default_rng,bimodal,1100,11,4.23088290182988e-30,0.3632634626305925,46.7,true,93.51077649624312,1,0.5044996339481665,0.5028946983468732,1
3.8.3,full_model,100,5,0.25,10014,numpy.random.default_rng,beta_center,100,1,0.03092147945954114,0.05248657362676619,19.7,true,58.112869937862726,1,0.5050284876700588,0.24134895079226149,1
3.8.3,full_model,100,5,0.25,10014,numpy.random.default_rng,beta_extremes,300,3,0.0007606049064993749,0.1475720349307857,45.2,true,137.74717576892954,1,0.49904492611272183,0.64223337675988,1
3.8.3,full_model,100,5,0.25,10014,numpy.random.default_rng,beta_high,100,1,0.0010821431218336012,0.05050059401723662,37.6,true,37.26689132227615,1,0.7171877762194844,0.11622922488171866,1
3.8.3,full_model,100,5,0.25,10014,numpy.random.default_rng,bimodal,1100,11,3.0599174956424403e-30,0.3586027683011304,51.5,true,95.90544583418253,1,0.5042489849292005,0.5171168798629879,1
3.8.3,full_model,100,5,0.25,10015,numpy.random.default_rng,beta_center,100,1,0.034502116456291886,0.051849644660875854,20.9,true,58.75399835168544,1,0.49256802245634573,0.24873507062588435,1
3.8.3,full_model,100,5,0.25,10015,numpy.random.default_rng,beta_extremes,300,3,0.00024481060056529425,0.15844994020286174,48.5,true,133.9689729748345,1,0.5130658626693255,0.6246292879597884,1
3.8.3,full_model,100,5,0.25,10015,numpy.random.default_rng,beta_high,100,1,0.001985292328020421,0.05306889451308306,32.9,true,37.56947209002005,1,0.7222464147727113,0.11629592000174893,1
3.8.3,full_model,100,5,0.25,10015,numpy.random.default_rng,bimodal,1100,11,2.675501878742748e-30,0.34791964442347506,46.9,true,102.49410406687026,1,0.5005044898456107,0.5460075002454573,1
3.8.3,full_model,100,5,0.25,10016,numpy.random.default_rng,beta_center,100,1,0.03183196059826657,0.04873008160949158,18.1,true,58.80587257646788,1,0.4905713504233228,0.2449236238871033,1
3.8.3,full_model,100,5,0.25,10016,numpy.random.default_rng,beta_extremes,300,3,0.0029999392354427366,0.1574844202121155,48.1,true,137.4791136243093,1,0.5227637189510133,0.6445348784620424,1
3.8.3,full_model,100,5,0.25,10016,numpy.random.default_rng,beta_high,100,1,0.0011729691207360985,0.04946583245081827,38.3,true,37.1751820224698,1,0.7045278838696114,0.11621124569119781,1
3.8.3,full_model,100,5,0.25,10016,numpy.random.default_rng,bimodal,1100,11,9.257560056680565e-30,0.36326490574484405,51.0,true,95.43454668348953,1,0.5041648497804158,0.5141635496438842,1
3.8.3,full_model,100,5,0.25,10017,numpy.random.default_rng,beta_center,100,1,0.0317680660065049,0.049130581945789724,18.7,true,57.9628334148869,1,0.49618918601930595,0.24094455848661225,1
3.8.3,full_model,100,5,0.25,10017,numpy.random.default_rng,beta_extremes,300,3,0.0019900229533137805,0.1571921817690651,43.2,true,131.62365415847796,1,0.49607184594898196,0.6118975917911461,1
3.8.3,full_model,100,5,0.25,10017,numpy.random.default_rng,beta_high,100,1,0.0019078359218353204,0.051811550179731346,33.3,true,39.65720147014783,1,0.7170831243592432,0.12685679616011947,1
3.8.3,full_model,100,5,0.25,10017,numpy.random.default_rng,bimodal,1100,11,6.901184769722782e-30,0.35945925087077946,48.3,true,94.2041624721376,1,0.504400784522886,0.5078106771734057,1
3.8.3,full_model,100,5,0.25,10018,numpy.random.default_rng,beta_center,100,1,0.038397412624833614,0.05312071846429161,18.8,true,59.20249558669377,1,0.5062218417075316,0.25382317073791855,1
3.8.3,full_model,100,5,0.25,10018,numpy.random.default_rng,beta_extremes,300,3,0.0007820894870772169,0.1433648490080966,44.8,true,135.23294921700443,1,0.48518893259405044,0.6299826767843518,1
3.8.3,full_model,100,5,0.25,10018,numpy.random.default_rng,beta_high,100,1,0.0036772638201181757,0.054067792073856216,37.5,true,41.876631084328345,1,0.7144764406182434,0.14182393618977837,1
3.8.3,full_model,100,5,0.25,10018,numpy.random.default_rng,bimodal,1100,11,6.31165761374585e-30,0.3631218842498187,48.8,true,97.81524101940894,1,0.49511274547402306,0.524516985568107,1
3.8.3,full_model,100,5,0.25,10019,numpy.random.default_rng,beta_center,100,1,0.03805525544495174,0.04617417846830889,17.1,true,59.377810990878274,1,0.4892120962680099,0.25350658575575347,1
3.8.3,full_model,100,5,0.25,10019,numpy.random.default_rng,beta_extremes,300,3,0.001014970266795212,0.161250781295005,44.3,true,132.0749613867066,1,0.5056508886898924,0.6136300898956523,1
3.8.3,full_model,100,5,0.25,10019,numpy.random.default_rng,beta_high,100,1,0.0017760653164428134,0.051505336292892175,40.1,true,38.847465748601735,1,0.7136483461949265,0.12607627039352468,1
3.8.3,full_model,100,5,0.25,10019,numpy.random.default_rng,bimodal,1100,11,8.839440665754096e-30,0.36323483274231316,48.8,true,95.99501335719785,1,0.49428907080730133,0.516365875494175,1
3.8.3,full_model,100,5,0.3,10000,numpy.random.default_rng,beta_center,100,1,0.013205390043472343,0.04960482246257306,23.3,true,62.32759364403127,1,0.48556897079160494,0.24650575946924436,1
3.8.3,full_model,100,5,0.3,10000,numpy.random.default_rng,beta_extremes,200,2,0.007783420313370877,0.09774482010958438,39.4,true,128.94514169296826,1,0.5087470623995629,0.5925335649832395,1
3.8.3,full_model,100,5,0.3,10000,numpy.random.default_rng,beta_high,100,1,0.0004508628644745344,0.04942584640400018,43.7,true,38.95055255216431,1,0.7100459724323563,0.12706598208689712,1
3.8.3,full_model,100,5,0.3,10000,numpy.random.default_rng,bimodal,1000,10,3.8094894299979525e-30,0.3284882931697866,52.4,true,99.97983439271118,1,0.5072941594552226,0.5278312940368485,1
3.8.3,full_model,100,5,0.3,10001,numpy.random.default_rng,beta_center,100,1,0.01169820998892595,0.0518075581108141,24.5,true,61.670895939296045,1,0.511401704504798,0.2423156415749339,1
3.8.3,full_model,100,5,0.3,10001,numpy.random.default_rng,beta_extremes,200,2,0.00993108388006432,0.09738924588653323,36.4,true,135.64466946149938,1,0.4804815515234378,0.6265787784990328,1
3.8.3,full_model,100,5,0.3,10001,numpy.random.default_rng,beta_high,100,1,0.0003399341970694097,0.04932200343558215,44.4,true,39.080393769564374,1,0.718741438035148,0.12795423354575017,1
3.8.3,full_model,100,5,0.3,10001,numpy.random.default_rng,bimodal,1000,10,2.813398462760874e-30,0.3435748826675213,48.6,true,96.27497193087831,1,0.5003945927141288,0.5083607533750585,1
3.8.3,full_model,100,5,0.3,10002,numpy.random.default_rng,beta_center,100,1,0.013796936231629841,0.049916419955714754,25.5,true,61.97482555703693,1,0.5154785573749142,0.24643354312180335,1
3.8.3,full_model,100,5,0.3,10002,numpy.random.default_rng,beta_extremes,200,2,0.014629232562621051,0.09378478662272965,36.4,true,134.64416243953139,1,0.489730104581653,0.6263234909569337,1
3.8.3,full_model,100,5,0.3,10002,numpy.random.default_rng,beta_high,100,1,0.00021648849083078187,0.04965243426293238,44.0,true,37.12971020784392,1,0.7250722556526836,0.1178774526386161,1
3.8.3,full_model,100,5,0.3,10002,numpy.random.default_rng,bimodal,900,9,4.6992690643048555e-30,0.2983007710348733,46.8,true,99.66342307273021,1,0.5149858219765542,0.5117916905564102,1
3.8.3,full_model,100,5,0.3,10003,numpy.random.default_rng,beta_center,100,1,0.009543639790690284,0.050391098621723314,23.9,true,61.001727293991564,1,0.5021161310553548,0.23651487403530352,1
3.8.3,full_model,100,5,0.3,10003,numpy.random.default_rng,beta_extremes,200,2,0.012394844887117215,0.10399602353511551,34.5,true,139.97281718082513,1,0.5171668190287485,0.6495849297971268,1
3.8.3,full_model,100,5,0.3,10003,numpy.random.default_rng,beta_high,100,1,0.00040703012809032124,0.050038190918194364,42.2,true,37.06981147864155,1,0.7259842219447746,0.11686859706902757,1
3.8.3,full_model,100,5,0.3,10003,numpy.random.default_rng,bimodal,1000,10,6.663717607579836e-31,0.33374039312016185,53.8,true,100.86446077657094,1,0.5058677184211142,0.5339557389811346,1
3.8.3,full_model,100,5,0.3,10004,numpy.random.default_rng,beta_center,100,1,0.01568319100811262,0.045640278471795574,23.4,true,64.04497616401743,1,0.5063050105519953,0.25762034693003233,1
3.8.3,full_model,100,5,0.3,10004,numpy.random.default_rng,beta_extremes,200,2,0.010947225398744988,0.09876617059758146,33.8,true,137.91306901827954,1,0.48924068664123754,0.637687262032792,1
3.8.3,full_model,100,5,0.3,10004,numpy.random.default_rng,beta_high,100,1,0.00036345196040022396,0.04888144931456526,45.4,true,39.27538325741822,1,0.7123305313957745,0.12945258860981995,1
3.8.3,full_model,100,5,0.3,10004,numpy.random.default_rng,bimodal,1000,10,2.049189460828019e-30,0.3433364947833992,51.9,true,98.63520113643122,1,0.49601843783178307,0.520911839805852,1
3.8.3,full_model,100,5,0.3,10005,numpy.random.default_rng,beta_center,100,1,0.01378955933901794,0.051271996210715806,27.2,true,63.171731664268826,1,0.4967290004055881,0.2532610356594147,1
3.8.3,full_model,100,5,0.3,10005,numpy.random.default_rng,beta_extremes,200,2,0.007840418463516994,0.10025627841004092,36.0,true,134.80188382193506,1,0.5386664846767876,0.6200249016427944,1
3.8.3,full_model,100,5,0.3,10005,numpy.random.default_rng,beta_high,100,1,0.00023360716566347744,0.04914062652822786,45.3,true,39.833737044280745,1,0.7066586644300258,0.13206457754369927,1
3.8.3,full_model,100,5,0.3,10005,numpy.random.default_rng,bimodal,1000,10,2.8596207814261678e-30,0.3433518899014653,49.0,true,95.01134814264799,1,0.4988001600974525,0.5018425786857154,1
3.8.3,full_model,100,5,0.3,10006,numpy.random.default_rng,beta_center,100,1,0.013275192246523432,0.05053455530740659,21.7,true,62.73863584739692,1,0.4970974096292183,0.2478310051223349,1
3.8.3,full_model,100,5,0.3,10006,numpy.random.default_rng,beta_extremes,200,2,0.008593289283290492,0.08506209394317209,37.4,true,132.29393818957624,1,0.4936370730586133,0.6090861303674159,1
3.8.3,full_model,100,5,0.3,10006,numpy.random.default_rng,beta_high,100,1,0.0002528666118822352,0.04953830766496357,41.9,true,38.191208761019894,1,0.7149154835151071,0.12217129499389795,1
3.8.3,full_model,100,5,0.3,10006,numpy.random.default_rng,bimodal,1000,10,1.4305807626908388e-30,0.33371971115625443,49.1,true,99.38955499104097,1,0.5067024992850522,0.5233812048829939,1
3.8.3,full_model,100,5,0.3,10007,numpy.random.default_rng,beta_center,100,1,0.010737290635926853,0.05001832439843973,31.8,true,59.587627027928306,1,0.5100013088593861,0.23458793035666803,1
3.8.3,full_model,100,5,0.3,10007,numpy.random.default_rng,beta_extremes,200,2,0.010277723222446883,0.0908563645887469,38.8,true,133.26992039377885,1,0.47551283086892115,0.6163004838142241,1
3.8.3,full_model,100,5,0.3,10007,numpy.random.default_rng,beta_high,100,1,0.0001414943784330484,0.04930487984606551,45.8,true,35.60106216198502,1,0.7205116689639115,0.11105913140831963,1
3.8.3,full_model,100,5,0.3,10007,numpy.random.default_rng,bimodal,1000,10,5.0420845944057835e-30,0.33400617254118176,46.3,true,98.5656655713657,1,0.5075982744587595,0.5184618293999638,1
3.8.3,full_model,100,5,0.3,10008,numpy.random.default_rng,beta_center,100,1,0.011330824338546042,0.05086226318194571,25.7,true,61.430323467632356,1,0.5022572235187859,0.24134515724250333,1
3.8.3,full_model,100,5,0.3,10008,numpy.random.default_rng,beta_extremes,200,2,0.011592451453315798,0.10357971093525366,37.1,true,129.13498320687296,1,0.5224074844011338,0.5960932624154145,1
3.8.3,full_model,100,5,0.3,10008,numpy.random.default_rng,beta_high,100,1,0.00031478322809974977,0.04964510432011335,43.2,true,39.64475182138795,1,0.7059843792790986,0.13015095361111953,1
3.8.3,full_model,100,5,0.3,10008,numpy.random.default_rng,bimodal,1000,10,1.2333655363855858e-30,0.3337389670119672,50.1,true,99.7617294963298,1,0.5001028749011842,0.5258420822234017,1
3.8.3,full_model,100,5,0.3,10009,numpy.random.default_rng,beta_center,100,1,0.01187981444300957,0.05204279438356034,24.1,true,61.267180291907685,1,0.49679082054054907,0.2402787266011439,1
3.8.3,full_model,100,5,0.3,10009,numpy.random.default_rng,beta_extremes,200,2,0.011494757161022821,0.09628393094922762,31.5,true,138.02938661374344,1,0.49507648861732134,0.6375657612124771,1
3.8.3,full_model,100,5,0.3,10009,numpy.random.default_rng,beta_high,100,1,0.000366574310532461,0.049993848395914274,43.4,true,39.37483663913899,1,0.7066860767296508,0.1289532559683264,1
3.8.3,full_model,100,5,0.3,10009,numpy.random.default_rng,bimodal,1000,10,1.757218481258914e-30,0.3387442483417068,47.5,true,97.441700485702,1,0.49944508569753865,0.5140431884905955,1
3.8.3,full_model,100,5,0.3,10010,numpy.random.default_rng,beta_center,100,1,0.010382240194381834,0.048627452569405184,30.3,true,60.343906511969,1,0.4966854418447232,0.23726404811063714,1
3.8.3,full_model,100,5,0.3,10010,numpy.random.default_rng,beta_extremes,200,2,0.009886940933459069,0.10334336115139217,36.9,true,141.05880228988903,1,0.5058127564040529,0.6536567882231923,1
3.8.3,full_model,100,5,0.3,10010,numpy.random.default_rng,beta_high,100,1,0.00023847528500800302,0.04929893592628416,44.0,true,37.41666413199828,1,0.715548449965383,0.11933412067898101,1
3.8.3,full_model,100,5,0.3,10010,numpy.random.default_rng,bimodal,1000,10,6.532754371361504e-31,0.33372915665251796,50.0,true,96.3292049126086,1,0.5115014034595098,0.5067294568522062,1
3.8.3,full_model,100,5,0.3,10011,numpy.random.default_rng,beta_center,100,1,0.014762292022021993,0.05080849989681842,26.4,true,62.94514831370087,1,0.5145738377653424,0.2527007357155006,1
3.8.3,full_model,100,5,0.3,10011,numpy.random.default_rng,beta_extremes,200,2,0.003331356938655039,0.09490609274694652,33.8,true,131.1501277298401,1,0.47685656139951765,0.5960557221110424,1
3.8.3,full_model,100,5,0.3,10011,numpy.random.default_rng,beta_high,100,1,0.0002727501060960956,0.04990824423200372,44.4,true,37.633919054602345,1,0.7134290506870921,0.12065482244016579,1
3.8.3,full_model,100,5,0.3,10011,numpy.random.default_rng,bimodal,1000,10,5.4426780228383285e-30,0.3334521573082325,44.2,true,96.92857464096765,1,0.5083189200810398,0.5071262362441654,1
3.8.3,full_model,100,5,0.3,10012,numpy.random.default_rng,beta_center,100,1,0.010628125133605197,0.05161025669243767,30.5,true,59.17026438834411,1,0.5161928596077171,0.23174234963949886,1
3.8.3,full_model,100,5,0.3,10012,numpy.random.default_rng,beta_extremes,200,2,0.011520449926519499,0.09405852203878375,31.7,true,133.7860271765793,1,0.4677604022156259,0.6163741004399259,1
3.8.3,full_model,100,5,0.3,10012,numpy.random.default_rng,beta_high,100,1,0.00022898921479912721,0.04964971176771781,44.1,true,37.81169345610207,1,0.7079015452795282,0.12134986892325142,1
3.8.3,full_model,100,5,0.3,10012,numpy.random.default_rng,bimodal,1000,10,3.143117669239969e-30,0.34412219734926763,51.7,true,94.57915082659959,1,0.5022532313580098,0.5009317846823356,1
3.8.3,full_model,100,5,0.3,10013,numpy.random.default_rng,beta_center,100,1,0.0124818424919853,0.04866659984221477,25.4,true,62.40087119794972,1,0.5174855858152269,0.247198423583983,1
3.8.3,full_model,100,5,0.3,10013,numpy.random.default_rng,beta_extremes,200,2,0.007813259525938311,0.10029605297359588,38.9,true,133.34304686171276,1,0.48319435820049905,0.6140535678477457,1
3.8.3,full_model,100,5,0.3,10013,numpy.random.default_rng,beta_high,100,1,0.0006827813156732425,0.0507323976178384,41.3,true,39.07455239930863,1,0.713502745872458,0.1267182264116208,1
3.8.3,full_model,100,5,0.3,10013,numpy.random.default_rng,bimodal,1000,10,3.069932331353254e-30,0.3382742318687356,46.7,true,95.48202595778116,1,0.5044996339481665,0.5028946983468732,1
3.8.3,full_model,100,5,0.3,10014,numpy.random.default_rng,beta_center,100,1,0.011501574601657693,0.05177350605198359,28.6,true,61.10688656281816,1,0.5050284876700588,0.24134895079226149,1
3.8.3,full_model,100,5,0.3,10014,numpy.random.default_rng,beta_extremes,200,2,0.008776745159697265,0.09613240457404075,38.8,true,138.77651969980792,1,0.49904492611272183,0.64223337675988,1
3.8.3,full_model,100,5,0.3,10014,numpy.random.default_rng,beta_high,100,1,0.00010874201849586819,0.0488723480259029,45.6,true,36.66165295524326,1,0.7171877762194844,0.11622922488171866,1
3.8.3,full_model,100,5,0.3,10014,numpy.random.default_rng,bimodal,1000,10,2.4844496282595343e-30,0.33375582391922476,51.5,true,97.90668818140159,1,0.5042489849292005,0.5171168798629879,1
3.8.3,full_model,100,5,0.3,10015,numpy.random.default_rng,beta_center,100,1,0.013048955259169265,0.05055650216851181,28.3,true,62.30469524823459,1,0.49256802245634573,0.24873507062588435,1
3.8.3,full_model,100,5,0.3,10015,numpy.random.default_rng,beta_extremes,200,2,0.007081759214499031,0.10300277899460739,36.8,true,135.7943556101082,1,0.5130658626693255,0.6246292879597884,1
3.8.3,full_model,100,5,0.3,10015,numpy.random.default_rng,beta_high,100,1,0.00036546199602139354,0.05049504994103926,41.8,true,37.00356684864846,1,0.7222464147727113,0.11629592000174893,1
3.8.3,full_model,100,5,0.3,10015,numpy.random.default_rng,bimodal,1000,10,3.8980822074397654e-30,0.32309404864760577,46.9,true,104.49534534665906,1,0.5005044898456107,0.5460075002454573,1
3.8.3,full_model,100,5,0.3,10016,numpy.random.default_rng,beta_center,100,1,0.012426135509088903,0.04870742340845768,26.4,true,61.85703759430339,1,0.4905713504233228,0.2449236238871033,1
3.8.3,full_model,100,5,0.3,10016,numpy.random.default_rng,beta_extremes,200,2,0.011507811144700585,0.10224600615616143,36.1,true,138.95030116316053,1,0.5227637189510133,0.6445348784620424,1
3.8.3,full_model,100,5,0.3,10016,numpy.random.default_rng,beta_high,100,1,0.000170872184176735,0.04866662380177781,44.5,true,36.75564137021413,1,0.7045278838696114,0.11621124569119781,1
3.8.3,full_model,100,5,0.3,10016,numpy.random.default_rng,bimodal,1000,10,3.6862299135571694e-30,0.33832396561644196,51.0,true,97.43579373049602,1,0.5041648497804158,0.5141635496438842,1
3.8.3,full_model,100,5,0.3,10017,numpy.random.default_rng,beta_center,100,1,0.011113818863931141,0.04929601436126129,25.9,true,61.37368284340165,1,0.49618918601930595,0.24094455848661225,1
3.8.3,full_model,100,5,0.3,10017,numpy.random.default_rng,beta_extremes,200,2,0.007438505904917899,0.1022070417782447,38.9,true,132.96670682515676,1,0.49607184594898196,0.6118975917911461,1
3.8.3,full_model,100,5,0.3,10017,numpy.random.default_rng,beta_high,100,1,0.00020339607977961857,0.049796200220781066,40.4,true,39.28819020605693,1,0.7170831243592432,0.12685679616011947,1
3.8.3,full_model,100,5,0.3,10017,numpy.random.default_rng,bimodal,1000,10,3.4666738998970245e-30,0.3339029758789591,48.3,true,96.20544028588714,1,0.504400784522886,0.5078106771734057,1
3.8.3,full_model,100,5,0.3,10018,numpy.random.default_rng,beta_center,100,1,0.014382114456803981,0.05188609237799369,24.6,true,63.42561695160402,1,0.5062218417075316,0.25382317073791855,1
3.8.3,full_model,100,5,0.3,10018,numpy.random.default_rng,beta_extremes,200,2,0.007549955699454302,0.09168073627822083,38.8,true,136.51196018016563,1,0.48518893259405044,0.6299826767843518,1
3.8.3,full_model,100,5,0.3,10018,numpy.random.default_rng,beta_high,100,1,0.0008121586722134162,0.05114695851750573,43.4,true,41.85979815558712,1,0.7144764406182434,0.14182393618977837,1
3.8.3,full_model,100,5,0.3,10018,numpy.random.default_rng,bimodal,1000,10,1.6670849598615914e-30,0.33804959489596553,48.8,true,99.81649463387657,1,0.49511274547402306,0.524516985568107,1
3.8.3,full_model,100,5,0.3,10019,numpy.random.default_rng,beta_center,100,1,0.013799761437945783,0.04754491528281795,22.9,true,63.648909792279476,1,0.4892120962680099,0.25350658575575347,1
3.8.3,full_model,100,5,0.3,10019,numpy.random.default_rng,beta_extremes,200,2,0.0055624869996787635,0.10492936126359949,32.5,true,134.3582741111315,1,0.5056508886898924,0.6136300898956523,1
3.8.3,full_model,100,5,0.3,10019,numpy.random.default_rng,beta_high,100,1,0.00023493501878993906,0.049524889280029474,45.7,true,38.59579083048295,1,0.7136483461949265,0.12607627039352468,1
3.8.3,full_model,100,5,0.3,10019,numpy.random.default_rng,bimodal,1000,10,4.5305576011765336e-30,0.3381209103264683,48.8,true,97.99626905331868,1,0.49428907080730133,0.516365875494175,1
