section,model,N,M,epsilon,seed,rng,distribution,intervention_steps,equivalent_rounds,final_variance,gravity_shift,final_oprr,joint_success,completed_synchronous_updates,episode_reward,failure_reason,gravity_feasible,initial_state_sha256,lambda_rev,remaining_micro_steps,reversal_count,variance_feasible
3.6,full_model,100,5,0.05,10000,numpy.random.default_rng,uniform,1200,12,0.049206380942286486,0.412332640143657,32.9,true,12,56.92342525656545,,True,cf25c9953adf26f363547dc292902f9dc92de856f0976a8f14771ce6eabc7457,1.0,0,329,True
3.6,full_model,100,5,0.05,10001,numpy.random.default_rng,uniform,1200,12,0.048974775586470606,0.39155165460420766,32.5,true,12,68.70702498739507,,True,1f77bb0d2f9849bf469695836b2ef4df50e72c2e040635d00f29ffe4d8f990e4,1.0,0,325,True
3.6,full_model,100,5,0.05,10002,numpy.random.default_rng,uniform,1210,12.1,0.049937801349561314,0.41628412455770225,39.9,true,12,59.354925910156055,,True,d6b74ec27001d0132e8ec26d83568c6d4ad6b68ebed7f5fcf03c8ba266b34356,1.0,10,399,True
3.6,full_model,100,5,0.05,10003,numpy.random.default_rng,uniform,1200,12,0.04639653698633535,0.3956165570115365,33.4,true,12,68.21247507396595,,True,4cffed5b347198978fecf500a129b996c36a58578d60fadeb1baf4da951e9917,1.0,0,334,True
3.6,full_model,100,5,0.05,10004,numpy.random.default_rng,uniform,1207,12.07,0.049770003745837,0.4205161099459989,33.0,true,12,63.392209964803584,,True,a01a898b7df3e3ea77ce22563a8e81daaa4e730215a35ee48af66dc191c70fe9,1.0,7,330,True
3.6,full_model,100,5,0.05,10005,numpy.random.default_rng,uniform,1236,12.36,0.04922882314040177,0.41580481157705473,37.7,true,12,67.39480690754667,,True,a199e5a8fd66c314b28699c0a8e0b6bb4ba01dc0dcfaecd30862671909621166,1.0,36,377,True
3.6,full_model,100,5,0.05,10006,numpy.random.default_rng,uniform,1225,12.25,0.049854816460365645,0.40983151114211885,36.3,true,12,64.08838925917661,,True,ba2f72cfbd7bb4d350aa9926f4031643abe31ee77bd4919a8535e9782c956261,1.0,25,363,True
3.6,full_model,100,5,0.05,10007,numpy.random.default_rng,uniform,1214,12.14,0.049666299897004114,0.4141112839569063,35.5,true,12,59.23796054414615,,True,600936d91f71f59f33b2dd55ebc1c4c85582d7522e8e7026a15ce5fcbdab7f53,1.0,14,355,True
3.6,full_model,100,5,0.05,10008,numpy.random.default_rng,uniform,1238,12.38,0.04993829009683507,0.42734530004396276,37.9,true,12,59.87365577490347,,True,599419fb950153ea31a8cbd3b639a0ef1f93fc8c8ed5e40ab887eae28c5b19a8,1.0,38,379,True
3.6,full_model,100,5,0.05,10009,numpy.random.default_rng,uniform,1223,12.23,0.04965814874930814,0.41293030866252406,38.5,true,12,59.81882519673806,,True,5a41b2eece5ad56283e1a0730a4033655e6103a915ee2fda87fc726efc9550b7,1.0,23,385,True
3.6,full_model,100,5,0.05,10010,numpy.random.default_rng,uniform,1268,12.68,0.049394224562692615,0.4185305010599343,33.6,true,12,69.15867865509222,,True,0bc6885df922028bc0544a733c2fc7a49e6f6deea4e976cfa65509e026672941,1.0,68,336,True
3.6,full_model,100,5,0.05,10011,numpy.random.default_rng,uniform,1200,12,0.04828384761673944,0.4235408487406511,35.3,true,12,58.876069118978975,,True,27a82b744750c11044598d91a65af2a42a74f626b79c997f06a78ec9c37059d6,1.0,0,353,True
3.6,full_model,100,5,0.05,10012,numpy.random.default_rng,uniform,1200,12,0.04389783976808183,0.3856521347698611,30.5,true,12,66.0961036306791,,True,f8b38cc03a7fee65191fd7ad815ba5ecf32fae9ff4c2cf4468471c830818f0ce,1.0,0,305,True
3.6,full_model,100,5,0.05,10013,numpy.random.default_rng,uniform,1211,12.11,0.049973524744948386,0.41218299504569333,33.8,true,12,70.44118808334372,,True,5bb5f15d40ac4560042fdcc8ab406da1638f80ba62822bc54818aab3642fbe2f,1.0,11,338,True
3.6,full_model,100,5,0.05,10014,numpy.random.default_rng,uniform,1201,12.01,0.04979266917573552,0.3972472640054679,36.6,true,12,66.74627273057885,,True,a424ed65debd98c6e4f5cce1c0755edb44c40232ef609e5049244742918d274d,1.0,1,366,True
3.6,full_model,100,5,0.05,10015,numpy.random.default_rng,uniform,1223,12.23,0.04981250216800222,0.41721109290854,35.8,true,12,63.66422751786081,,True,298843e731d109666cebf540fffa4ef120df21e7cf55e7034d3d7ce046298b37,1.0,23,358,True
3.6,full_model,100,5,0.05,10016,numpy.random.default_rng,uniform,1233,12.33,0.049985463749626584,0.41120287509991843,34.4,true,12,66.85873815688689,,True,af0afe247825f19259f548b7621be62d265cf931216e2938dde2c572e576d4ee,1.0,33,344,True
3.6,full_model,100,5,0.05,10017,numpy.random.default_rng,uniform,1200,12,0.04880827877696815,0.4248991070709967,37.5,true,12,61.44681506313009,,True,02848b0c85ac8a325707be4d783b10621fdbb5bd908ae071b69a605befcf10f1,1.0,0,375,True
3.6,full_model,100,5,0.05,10018,numpy.random.default_rng,uniform,1264,12.64,0.0499131328201809,0.42023633799028925,36.2,true,12,65.35415263865767,,True,99132cb3b6a5470c4341191a7dcf53d2efaff838c0f979eff8127ac883aa9107,1.0,64,362,True
3.6,full_model,100,5,0.05,10019,numpy.random.default_rng,uniform,1200,12,0.04895768154592965,0.39997677267948917,31.8,true,12,62.77157644043842,,True,029ec1af5b1a83ec523292c90ca74b129f525a5c85a6bd5d57db37829ae613e4,1.0,0,318,True
3.6,full_model,100,5,0.15,10000,numpy.random.default_rng,uniform,600,6,0.029255380563278352,0.3017675278287486,43.8,true,6,72.08913619590055,,True,cf25c9953adf26f363547dc292902f9dc92de856f0976a8f14771ce6eabc7457,1.0,0,438,True
3.6,full_model,100,5,0.15,10001,numpy.random.default_rng,uniform,700,7,0.016396647361207838,0.32116072998770007,40.5,true,7,84.7761701786785,,True,1f77bb0d2f9849bf469695836b2ef4df50e72c2e040635d00f29ffe4d8f990e4,1.0,0,405,True
3.6,full_model,100,5,0.15,10002,numpy.random.default_rng,uniform,700,7,0.029492926565400902,0.3509841448727519,42.9,true,7,73.56716586597238,,True,d6b74ec27001d0132e8ec26d83568c6d4ad6b68ebed7f5fcf03c8ba266b34356,1.0,0,429,True
3.6,full_model,100,5,0.15,10003,numpy.random.default_rng,uniform,800,8,0.04001495130924841,0.36064018590408337,41.0,true,8,76.87054102793867,,True,4cffed5b347198978fecf500a129b996c36a58578d60fadeb1baf4da951e9917,1.0,0,410,True
3.6,full_model,100,5,0.15,10004,numpy.random.default_rng,uniform,800,8,0.046390798500445495,0.37000856563339957,45.1,true,8,71.26057639109747,,True,a01a898b7df3e3ea77ce22563a8e81daaa4e730215a35ee48af66dc191c70fe9,1.0,0,451,True
3.6,full_model,100,5,0.15,10005,numpy.random.default_rng,uniform,869,8.69,0.04967779809411765,0.38918009648823976,41.1,true,8,74.326343152558,,True,a199e5a8fd66c314b28699c0a8e0b6bb4ba01dc0dcfaecd30862671909621166,1.0,69,411,True
3.6,full_model,100,5,0.15,10006,numpy.random.default_rng,uniform,801,8.01,0.04948571357294617,0.3650173331114822,46.0,true,8,72.03445054556195,,True,ba2f72cfbd7bb4d350aa9926f4031643abe31ee77bd4919a8535e9782c956261,1.0,1,460,True
3.6,full_model,100,5,0.15,10007,numpy.random.default_rng,uniform,500,5,0.04371333364086637,0.23953258464919605,40.3,true,5,74.98721660712255,,True,600936d91f71f59f33b2dd55ebc1c4c85582d7522e8e7026a15ce5fcbdab7f53,1.0,0,403,True
3.6,full_model,100,5,0.15,10008,numpy.random.default_rng,uniform,600,6,0.03531968630694271,0.28348232122083017,43.2,true,6,75.20449934526751,,True,599419fb950153ea31a8cbd3b639a0ef1f93fc8c8ed5e40ab887eae28c5b19a8,1.0,0,432,True
3.6,full_model,100,5,0.15,10009,numpy.random.default_rng,uniform,731,7.31,0.04998802295723016,0.35982458429251446,39.3,true,7,69.7155056413722,,True,5a41b2eece5ad56283e1a0730a4033655e6103a915ee2fda87fc726efc9550b7,1.0,31,393,True
3.6,full_model,100,5,0.15,10010,numpy.random.default_rng,uniform,900,9,0.0462789598993214,0.40875699384466724,41.3,true,9,76.42222026312724,,True,0bc6885df922028bc0544a733c2fc7a49e6f6deea4e976cfa65509e026672941,1.0,0,413,True
3.6,full_model,100,5,0.15,10011,numpy.random.default_rng,uniform,800,8,0.04746165275770804,0.3828219716880169,43.7,true,8,66.66251455368713,,True,27a82b744750c11044598d91a65af2a42a74f626b79c997f06a78ec9c37059d6,1.0,0,437,True
3.6,full_model,100,5,0.15,10012,numpy.random.default_rng,uniform,800,8,0.045463116334159205,0.3736843811493999,42.6,true,8,72.9336467051447,,True,f8b38cc03a7fee65191fd7ad815ba5ecf32fae9ff4c2cf4468471c830818f0ce,1.0,0,426,True
3.6,full_model,100,5,0.15,10013,numpy.random.default_rng,uniform,800,8,0.021055375662790164,0.3695034065087807,40.2,true,8,84.05690306381732,,True,5bb5f15d40ac4560042fdcc8ab406da1638f80ba62822bc54818aab3642fbe2f,1.0,0,402,True
3.6,full_model,100,5,0.15,10014,numpy.random.default_rng,uniform,800,8,0.007015641524316081,0.359718332114341,47.6,true,8,82.38353420207737,,True,a424ed65debd98c6e4f5cce1c0755edb44c40232ef609e5049244742918d274d,1.0,0,476,True
3.6,full_model,100,5,0.15,10015,numpy.random.default_rng,uniform,795,7.95,0.04993524018134468,0.37232396805925555,39.7,true,7,72.12192427143486,,True,298843e731d109666cebf540fffa4ef120df21e7cf55e7034d3d7ce046298b37,1.0,95,397,True
3.6,full_model,100,5,0.15,10016,numpy.random.default_rng,uniform,700,7,0.026611775365306917,0.3412645989260128,41.9,true,7,81.85697274755958,,True,af0afe247825f19259f548b7621be62d265cf931216e2938dde2c572e576d4ee,1.0,0,419,True
3.6,full_model,100,5,0.15,10017,numpy.random.default_rng,uniform,700,7,0.03514481413614069,0.3225639034260183,43.7,true,7,73.7745012797378,,True,02848b0c85ac8a325707be4d783b10621fdbb5bd908ae071b69a605befcf10f1,1.0,0,437,True
3.6,full_model,100,5,0.15,10018,numpy.random.default_rng,uniform,800,8,0.03952356459419419,0.38297186404793265,47.9,true,8,75.91392950755215,,True,99132cb3b6a5470c4341191a7dcf53d2efaff838c0f979eff8127ac883aa9107,1.0,0,479,True
3.6,full_model,100,5,0.15,10019,numpy.random.default_rng,uniform,800,8,0.025970680163221134,0.38010105838074754,44.9,true,8,74.46997050269513,,True,029ec1af5b1a83ec523292c90ca74b129f525a5c85a6bd5d57db37829ae613e4,1.0,0,449,True
3.6,full_model,100,5,0.25,10000,numpy.random.default_rng,uniform,200,2,0.0013969508501977602,0.10041267127498646,41.6,true,2,85.94090727342677,,True,cf25c9953adf26f363547dc292902f9dc92de856f0976a8f14771ce6eabc7457,1.0,0,416,True
3.6,full_model,100,5,0.25,10001,numpy.random.default_rng,uniform,200,2,0.006416319096242943,0.10431605211678828,34.0,true,2,97.74307806556509,,True,1f77bb0d2f9849bf469695836b2ef4df50e72c2e040635d00f29ffe4d8f990e4,1.0,0,340,True
3.6,full_model,100,5,0.25,10002,numpy.random.default_rng,uniform,200,2,0.0028144320275097947,0.09820352195053524,44.4,true,2,88.89546291084392,,True,d6b74ec27001d0132e8ec26d83568c6d4ad6b68ebed7f5fcf03c8ba266b34356,1.0,0,444,True
3.6,full_model,100,5,0.25,10003,numpy.random.default_rng,uniform,200,2,0.0037880943073815374,0.10249573117351189,37.0,true,2,96.92881965104861,,True,4cffed5b347198978fecf500a129b996c36a58578d60fadeb1baf4da951e9917,1.0,0,370,True
3.6,full_model,100,5,0.25,10004,numpy.random.default_rng,uniform,200,2,0.0018522691202394307,0.09531046892342798,41.1,true,2,92.63193948145782,,True,a01a898b7df3e3ea77ce22563a8e81daaa4e730215a35ee48af66dc191c70fe9,1.0,0,411,True
3.6,full_model,100,5,0.25,10005,numpy.random.default_rng,uniform,200,2,0.009264836057366667,0.10177147941169622,34.5,true,2,96.95330599076192,,True,a199e5a8fd66c314b28699c0a8e0b6bb4ba01dc0dcfaecd30862671909621166,1.0,0,345,True
3.6,full_model,100,5,0.25,10006,numpy.random.default_rng,uniform,200,2,0.007457312337473177,0.10382381147952056,39.1,true,2,93.45319046873826,,True,ba2f72cfbd7bb4d350aa9926f4031643abe31ee77bd4919a8535e9782c956261,1.0,0,391,True
3.6,full_model,100,5,0.25,10007,numpy.random.default_rng,uniform,200,2,0.0019930895625992844,0.09849987793320962,43.0,true,2,89.10838318132829,,True,600936d91f71f59f33b2dd55ebc1c4c85582d7522e8e7026a15ce5fcbdab7f53,1.0,0,430,True
3.6,full_model,100,5,0.25,10008,numpy.random.default_rng,uniform,200,2,0.0031925482734560936,0.09778080263654702,44.6,true,2,89.60928236444965,,True,599419fb950153ea31a8cbd3b639a0ef1f93fc8c8ed5e40ab887eae28c5b19a8,1.0,0,446,True
3.6,full_model,100,5,0.25,10009,numpy.random.default_rng,uniform,200,2,0.006283454329530484,0.10410680362753835,40.2,true,2,89.35920525594538,,True,5a41b2eece5ad56283e1a0730a4033655e6103a915ee2fda87fc726efc9550b7,1.0,0,402,True
3.6,full_model,100,5,0.25,10010,numpy.random.default_rng,uniform,200,2,0.007990880130227435,0.10398378411217835,38.3,true,2,98.87507487743272,,True,0bc6885df922028bc0544a733c2fc7a49e6f6deea4e976cfa65509e026672941,1.0,0,383,True
3.6,full_model,100,5,0.25,10011,numpy.random.default_rng,uniform,200,2,0.0023848972712577528,0.09757849320469933,40.0,true,2,88.10213043943222,,True,27a82b744750c11044598d91a65af2a42a74f626b79c997f06a78ec9c37059d6,1.0,0,400,True
3.6,full_model,100,5,0.25,10012,numpy.random.default_rng,uniform,200,2,0.004243230327699038,0.10563860444712703,35.7,true,2,93.91102619527189,,True,f8b38cc03a7fee65191fd7ad815ba5ecf32fae9ff4c2cf4468471c830818f0ce,1.0,0,357,True
3.6,full_model,100,5,0.25,10013,numpy.random.default_rng,uniform,200,2,0.010081171243014025,0.0988653538576312,35.4,true,2,98.96532466579012,,True,5bb5f15d40ac4560042fdcc8ab406da1638f80ba62822bc54818aab3642fbe2f,1.0,0,354,True
3.6,full_model,100,5,0.25,10014,numpy.random.default_rng,uniform,200,2,0.006354441130506989,0.09974045075411404,37.0,true,2,95.73879368028722,,True,a424ed65debd98c6e4f5cce1c0755edb44c40232ef609e5049244742918d274d,1.0,0,370,True
3.6,full_model,100,5,0.25,10015,numpy.random.default_rng,uniform,200,2,0.007075429794141309,0.09986092709706386,37.5,true,2,92.88750950092364,,True,298843e731d109666cebf540fffa4ef120df21e7cf55e7034d3d7ce046298b37,1.0,0,375,True
3.6,full_model,100,5,0.25,10016,numpy.random.default_rng,uniform,200,2,0.0049181101606245,0.09653413651765659,40.7,true,2,96.48793073789786,,True,af0afe247825f19259f548b7621be62d265cf931216e2938dde2c572e576d4ee,1.0,0,407,True
3.6,full_model,100,5,0.25,10017,numpy.random.default_rng,uniform,200,2,0.0030978559939699567,0.09386568064461344,41.5,true,2,90.67533030491367,,True,02848b0c85ac8a325707be4d783b10621fdbb5bd908ae071b69a605befcf10f1,1.0,0,415,True
3.6,full_model,100,5,0.25,10018,numpy.random.default_rng,uniform,200,2,0.0043277342018582495,0.09954094829013384,34.5,true,2,96.44726713180732,,True,99132cb3b6a5470c4341191a7dcf53d2efaff838c0f979eff8127ac883aa9107,1.0,0,345,True
3.6,full_model,100,5,0.25,10019,numpy.random.default_rng,uniform,200,2,0.0033726503158067974,0.10578457085632587,34.2,true,2,92.24329229655422,,True,029ec1af5b1a83ec523292c90ca74b129f525a5c85a6bd5d57db37829ae613e4,1.0,0,342,True
3.6,lambda_rev_0p5,100,5,0.05,10000,numpy.random.default_rng,uniform,1200,12,0.044272012128421794,0.4070062990186624,41.9,true,12,59.24056533639464,,True,cf25c9953adf26f363547dc292902f9dc92de856f0976a8f14771ce6eabc7457,0.5,0,419,True
3.6,lambda_rev_0p5,100,5,0.05,10001,numpy.random.default_rng,uniform,1282,12.82,0.0498522737954366,0.4306910008075672,44.2,true,12,68.48456837829167,,True,1f77bb0d2f9849bf469695836b2ef4df50e72c2e040635d00f29ffe4d8f990e4,0.5,82,442,True
3.6,lambda_rev_0p5,100,5,0.05,10002,numpy.random.default_rng,uniform,1249,12.49,0.04997107686717543,0.4383496770374757,43.6,true,12,60.57716752900932,,True,d6b74ec27001d0132e8ec26d83568c6d4ad6b68ebed7f5fcf03c8ba266b34356,0.5,49,436,True
3.6,lambda_rev_0p5,100,5,0.05,10003,numpy.random.default_rng,uniform,1243,12.43,0.04982364314489476,0.41611253515333996,42.1,true,12,68.24602904334706,,True,4cffed5b347198978fecf500a129b996c36a58578d60fadeb1baf4da951e9917,0.5,43,421,True
3.6,lambda_rev_0p5,100,5,0.05,10004,numpy.random.default_rng,uniform,1228,12.28,0.04996427257263259,0.4072985838805925,39.5,true,12,64.34401707574779,,True,a01a898b7df3e3ea77ce22563a8e81daaa4e730215a35ee48af66dc191c70fe9,0.5,28,395,True
3.6,lambda_rev_0p5,100,5,0.05,10005,numpy.random.default_rng,uniform,1238,12.38,0.049973037538604076,0.42523226049685003,37.8,true,12,69.45049265546015,,True,a199e5a8fd66c314b28699c0a8e0b6bb4ba01dc0dcfaecd30862671909621166,0.5,38,378,True
3.6,lambda_rev_0p5,100,5,0.05,10006,numpy.random.default_rng,uniform,1212,12.12,0.04993486306729898,0.41620855243612803,40.2,true,12,66.4170610857253,,True,ba2f72cfbd7bb4d350aa9926f4031643abe31ee77bd4919a8535e9782c956261,0.5,12,402,True
3.6,lambda_rev_0p5,100,5,0.05,10007,numpy.random.default_rng,uniform,1200,12,0.048205815344184624,0.41788609603239985,41.3,true,12,61.83986871410623,,True,600936d91f71f59f33b2dd55ebc1c4c85582d7522e8e7026a15ce5fcbdab7f53,0.5,0,413,True
3.6,lambda_rev_0p5,100,5,0.05,10008,numpy.random.default_rng,uniform,1203,12.03,0.04952418932400504,0.4166885950793921,41.1,true,12,62.557008764717665,,True,599419fb950153ea31a8cbd3b639a0ef1f93fc8c8ed5e40ab887eae28c5b19a8,0.5,3,411,True
3.6,lambda_rev_0p5,100,5,0.05,10009,numpy.random.default_rng,uniform,1200,12,0.047037586513983806,0.40081957223247844,40.0,true,12,62.99354318062451,,True,5a41b2eece5ad56283e1a0730a4033655e6103a915ee2fda87fc726efc9550b7,0.5,0,400,True
3.6,lambda_rev_0p5,100,5,0.05,10010,numpy.random.default_rng,uniform,1261,12.61,0.04997860764120965,0.4270223882712926,41.2,true,12,70.86137744502827,,True,0bc6885df922028bc0544a733c2fc7a49e6f6deea4e976cfa65509e026672941,0.5,61,412,True
3.6,lambda_rev_0p5,100,5,0.05,10011,numpy.random.default_rng,uniform,1200,12,0.04849501631275627,0.41516503454528814,41.3,true,12,60.66925417048522,,True,27a82b744750c11044598d91a65af2a42a74f626b79c997f06a78ec9c37059d6,0.5,0,413,True
3.6,lambda_rev_0p5,100,5,0.05,10012,numpy.random.default_rng,uniform,1246,12.46,0.0499745346364256,0.41880095275917273,42.7,true,12,65.10410721611092,,True,f8b38cc03a7fee65191fd7ad815ba5ecf32fae9ff4c2cf4468471c830818f0ce,0.5,46,427,True
3.6,lambda_rev_0p5,100,5,0.05,10013,numpy.random.default_rng,uniform,1261,12.61,0.049861336597292805,0.41876435530255496,40.4,true,12,71.02829664486211,,True,5bb5f15d40ac4560042fdcc8ab406da1638f80ba62822bc54818aab3642fbe2f,0.5,61,404,True
3.6,lambda_rev_0p5,100,5,0.05,10014,numpy.random.default_rng,uniform,1222,12.22,0.04963899248203704,0.40742064099517894,41.3,true,12,68.16149940046898,,True,a424ed65debd98c6e4f5cce1c0755edb44c40232ef609e5049244742918d274d,0.5,22,413,True
3.6,lambda_rev_0p5,100,5,0.05,10015,numpy.random.default_rng,uniform,1225,12.25,0.0495871986116509,0.42009167765573546,40.9,true,12,65.40914419989375,,True,298843e731d109666cebf540fffa4ef120df21e7cf55e7034d3d7ce046298b37,0.5,25,409,True
3.6,lambda_rev_0p5,100,5,0.05,10016,numpy.random.default_rng,uniform,1253,12.53,0.04965771216756375,0.424848073804446,40.7,true,12,68.27860621336423,,True,af0afe247825f19259f548b7621be62d265cf931216e2938dde2c572e576d4ee,0.5,53,407,True
3.6,lambda_rev_0p5,100,5,0.05,10017,numpy.random.default_rng,uniform,1200,12,0.04708324419312079,0.40277305776950223,37.0,true,12,63.927928282364675,,True,02848b0c85ac8a325707be4d783b10621fdbb5bd908ae071b69a605befcf10f1,0.5,0,370,True
3.6,lambda_rev_0p5,100,5,0.05,10018,numpy.random.default_rng,uniform,1222,12.22,0.04978643862238577,0.4077421357361937,39.1,true,12,68.14011618832959,,True,99132cb3b6a5470c4341191a7dcf53d2efaff838c0f979eff8127ac883aa9107,0.5,22,391,True
3.6,lambda_rev_0p5,100,5,0.05,10019,numpy.random.default_rng,uniform,1233,12.33,0.04986834904083495,0.425978369991481,44.5,true,12,63.32314286159191,,True,029ec1af5b1a83ec523292c90ca74b129f525a5c85a6bd5d57db37829ae613e4,0.5,33,445,True
3.6,lambda_rev_0p5,100,5,0.15,10000,numpy.random.default_rng,uniform,600,6,0.013219437739693394,0.2949512693437937,44.6,true,6,77.45158185454504,,True,cf25c9953adf26f363547dc292902f9dc92de856f0976a8f14771ce6eabc7457,0.5,0,446,True
3.6,lambda_rev_0p5,100,5,0.15,10001,numpy.random.default_rng,uniform,800,8,0.04250921600226468,0.362950280814785,43.7,true,8,79.61143045053845,,True,1f77bb0d2f9849bf469695836b2ef4df50e72c2e040635d00f29ffe4d8f990e4,0.5,0,437,True
3.6,lambda_rev_0p5,100,5,0.15,10002,numpy.random.default_rng,uniform,800,8,0.04600245635274046,0.37702189297339433,45.8,true,8,70.38895802109946,,True,d6b74ec27001d0132e8ec26d83568c6d4ad6b68ebed7f5fcf03c8ba266b34356,0.5,0,458,True
3.6,lambda_rev_0p5,100,5,0.15,10003,numpy.random.default_rng,uniform,900,9,0.022180568296826565,0.39537455889342243,50.3,true,9,80.36064385515687,,True,4cffed5b347198978fecf500a129b996c36a58578d60fadeb1baf4da951e9917,0.5,0,503,True
3.6,lambda_rev_0p5,100,5,0.15,10004,numpy.random.default_rng,uniform,800,8,0.027612601960125452,0.358795820566254,47.6,true,8,77.15659714242094,,True,a01a898b7df3e3ea77ce22563a8e81daaa4e730215a35ee48af66dc191c70fe9,0.5,0,476,True
3.6,lambda_rev_0p5,100,5,0.15,10005,numpy.random.default_rng,uniform,844,8.44,0.049387891136454296,0.3779470602200432,41.3,true,8,77.35474257943395,,True,a199e5a8fd66c314b28699c0a8e0b6bb4ba01dc0dcfaecd30862671909621166,0.5,44,413,True
3.6,lambda_rev_0p5,100,5,0.15,10006,numpy.random.default_rng,uniform,700,7,0.03822955659156556,0.32162590271450336,44.0,true,7,78.96783382293344,,True,ba2f72cfbd7bb4d350aa9926f4031643abe31ee77bd4919a8535e9782c956261,0.5,0,440,True
3.6,lambda_rev_0p5,100,5,0.15,10007,numpy.random.default_rng,uniform,600,6,0.0476803851192338,0.29712693855998923,42.5,true,6,74.12593912904558,,True,600936d91f71f59f33b2dd55ebc1c4c85582d7522e8e7026a15ce5fcbdab7f53,0.5,0,425,True
3.6,lambda_rev_0p5,100,5,0.15,10008,numpy.random.default_rng,uniform,700,7,0.038563573264371744,0.34118414739265,43.9,true,7,74.79290588786735,,True,599419fb950153ea31a8cbd3b639a0ef1f93fc8c8ed5e40ab887eae28c5b19a8,0.5,0,439,True
3.6,lambda_rev_0p5,100,5,0.15,10009,numpy.random.default_rng,uniform,778,7.78,0.049310558577225445,0.3726548875642291,42.1,true,7,70.95535700220958,,True,5a41b2eece5ad56283e1a0730a4033655e6103a915ee2fda87fc726efc9550b7,0.5,78,421,True
3.6,lambda_rev_0p5,100,5,0.15,10010,numpy.random.default_rng,uniform,812,8.12,0.04933834725598605,0.37355412325308257,44.7,true,8,79.86195999720792,,True,0bc6885df922028bc0544a733c2fc7a49e6f6deea4e976cfa65509e026672941,0.5,12,447,True
3.6,lambda_rev_0p5,100,5,0.15,10011,numpy.random.default_rng,uniform,800,8,0.04842289178874234,0.3687918035466729,41.3,true,8,68.79586623911692,,True,27a82b744750c11044598d91a65af2a42a74f626b79c997f06a78ec9c37059d6,0.5,0,413,True
3.6,lambda_rev_0p5,100,5,0.15,10012,numpy.random.default_rng,uniform,800,8,0.04310220937593851,0.3785127934533571,46.6,true,8,75.33558667617372,,True,f8b38cc03a7fee65191fd7ad815ba5ecf32fae9ff4c2cf4468471c830818f0ce,0.5,0,466,True
3.6,lambda_rev_0p5,100,5,0.15,10013,numpy.random.default_rng,uniform,900,9,0.03585717236021269,0.4083077480251515,46.0,true,9,80.859652322642,,True,5bb5f15d40ac4560042fdcc8ab406da1638f80ba62822bc54818aab3642fbe2f,0.5,0,460,True
3.6,lambda_rev_0p5,100,5,0.15,10014,numpy.random.default_rng,uniform,890,8.9,0.04999194847273443,0.39482481012972515,44.6,true,8,74.54653799387292,,True,a424ed65debd98c6e4f5cce1c0755edb44c40232ef609e5049244742918d274d,0.5,90,446,True
3.6,lambda_rev_0p5,100,5,0.15,10015,numpy.random.default_rng,uniform,800,8,0.046291739222906775,0.38228284274485347,41.3,true,8,74.69005865965346,,True,298843e731d109666cebf540fffa4ef120df21e7cf55e7034d3d7ce046298b37,0.5,0,413,True
3.6,lambda_rev_0p5,100,5,0.15,10016,numpy.random.default_rng,uniform,700,7,0.03557321717451598,0.3248390906674937,47.8,true,7,81.99023569834144,,True,af0afe247825f19259f548b7621be62d265cf931216e2938dde2c572e576d4ee,0.5,0,478,True
3.6,lambda_rev_0p5,100,5,0.15,10017,numpy.random.default_rng,uniform,700,7,0.04988796912647914,0.3462846796441605,42.6,true,7,73.32480771459932,,True,02848b0c85ac8a325707be4d783b10621fdbb5bd908ae071b69a605befcf10f1,0.5,0,426,True
3.6,lambda_rev_0p5,100,5,0.15,10018,numpy.random.default_rng,uniform,600,6,0.040087289449449406,0.30022040948952794,40.0,true,6,82.6653221092291,,True,99132cb3b6a5470c4341191a7dcf53d2efaff838c0f979eff8127ac883aa9107,0.5,0,400,True
3.6,lambda_rev_0p5,100,5,0.15,10019,numpy.random.default_rng,uniform,700,7,0.0477505998058665,0.3421061087515042,47.9,true,7,74.3358287784913,,True,029ec1af5b1a83ec523292c90ca74b129f525a5c85a6bd5d57db37829ae613e4,0.5,0,479,True
3.6,lambda_rev_0p5,100,5,0.25,10000,numpy.random.default_rng,uniform,200,2,0.001334317113659949,0.10329487419959156,44.8,true,2,87.87828991058805,,True,cf25c9953adf26f363547dc292902f9dc92de856f0976a8f14771ce6eabc7457,0.5,0,448,True
3.6,lambda_rev_0p5,100,5,0.25,10001,numpy.random.default_rng,uniform,200,2,0.007216421115039457,0.09892302976445083,43.7,true,2,98.79332731292332,,True,1f77bb0d2f9849bf469695836b2ef4df50e72c2e040635d00f29ffe4d8f990e4,0.5,0,437,True
3.6,lambda_rev_0p5,100,5,0.25,10002,numpy.random.default_rng,uniform,200,2,0.0037912104329774917,0.09862244380927483,46.2,true,2,90.83012717751026,,True,d6b74ec27001d0132e8ec26d83568c6d4ad6b68ebed7f5fcf03c8ba266b34356,0.5,0,462,True
3.6,lambda_rev_0p5,100,5,0.25,10003,numpy.random.default_rng,uniform,200,2,0.004364019949068484,0.0993829047910714,43.7,true,2,98.31879016403039,,True,4cffed5b347198978fecf500a129b996c36a58578d60fadeb1baf4da951e9917,0.5,0,437,True
3.6,lambda_rev_0p5,100,5,0.25,10004,numpy.random.default_rng,uniform,200,2,0.002100349352115037,0.10331165522160803,40.8,true,2,94.67200106628425,,True,a01a898b7df3e3ea77ce22563a8e81daaa4e730215a35ee48af66dc191c70fe9,0.5,0,408,True
3.6,lambda_rev_0p5,100,5,0.25,10005,numpy.random.default_rng,uniform,200,2,0.008945162645708786,0.09691881331664055,36.7,true,2,98.61748330639827,,True,a199e5a8fd66c314b28699c0a8e0b6bb4ba01dc0dcfaecd30862671909621166,0.5,0,367,True
3.6,lambda_rev_0p5,100,5,0.25,10006,numpy.random.default_rng,uniform,200,2,0.0069982917397565,0.0973427438998998,43.4,true,2,95.30028531132679,,True,ba2f72cfbd7bb4d350aa9926f4031643abe31ee77bd4919a8535e9782c956261,0.5,0,434,True
3.6,lambda_rev_0p5,100,5,0.25,10007,numpy.random.default_rng,uniform,200,2,0.001968180907712248,0.10441085790959943,41.8,true,2,91.32806936330692,,True,600936d91f71f59f33b2dd55ebc1c4c85582d7522e8e7026a15ce5fcbdab7f53,0.5,0,418,True
3.6,lambda_rev_0p5,100,5,0.25,10008,numpy.random.default_rng,uniform,200,2,0.0030402506329682503,0.10083765470065481,44.3,true,2,91.904589049944,,True,599419fb950153ea31a8cbd3b639a0ef1f93fc8c8ed5e40ab887eae28c5b19a8,0.5,0,443,True
3.6,lambda_rev_0p5,100,5,0.25,10009,numpy.random.default_rng,uniform,200,2,0.006103142614176373,0.10662670604153039,39.5,true,2,91.45014160389553,,True,5a41b2eece5ad56283e1a0730a4033655e6103a915ee2fda87fc726efc9550b7,0.5,0,395,True
3.6,lambda_rev_0p5,100,5,0.25,10010,numpy.random.default_rng,uniform,200,2,0.007867383686484547,0.09710586960276835,43.2,true,2,100.5551180619068,,True,0bc6885df922028bc0544a733c2fc7a49e6f6deea4e976cfa65509e026672941,0.5,0,432,True
3.6,lambda_rev_0p5,100,5,0.25,10011,numpy.random.default_rng,uniform,200,2,0.002260536706025486,0.0969359340499652,45.3,true,2,89.86702744105418,,True,27a82b744750c11044598d91a65af2a42a74f626b79c997f06a78ec9c37059d6,0.5,0,453,True
3.6,lambda_rev_0p5,100,5,0.25,10012,numpy.random.default_rng,uniform,200,2,0.005093823051553136,0.10267161458238752,43.4,true,2,95.13605599999434,,True,f8b38cc03a7fee65191fd7ad815ba5ecf32fae9ff4c2cf4468471c830818f0ce,0.5,0,434,True
3.6,lambda_rev_0p5,100,5,0.25,10013,numpy.random.default_rng,uniform,200,2,0.01041971743231882,0.10310264228872078,39.9,true,2,100.44740356350762,,True,5bb5f15d40ac4560042fdcc8ab406da1638f80ba62822bc54818aab3642fbe2f,0.5,0,399,True
3.6,lambda_rev_0p5,100,5,0.25,10014,numpy.random.default_rng,uniform,200,2,0.005926862959016884,0.10162734054519927,42.0,true,2,97.39921497009564,,True,a424ed65debd98c6e4f5cce1c0755edb44c40232ef609e5049244742918d274d,0.5,0,420,True
3.6,lambda_rev_0p5,100,5,0.25,10015,numpy.random.default_rng,uniform,200,2,0.006985252866272959,0.09809696136743289,41.8,true,2,94.55563308478378,,True,298843e731d109666cebf540fffa4ef120df21e7cf55e7034d3d7ce046298b37,0.5,0,418,True
3.6,lambda_rev_0p5,100,5,0.25,10016,numpy.random.default_rng,uniform,200,2,0.0049264693271259315,0.09804092625717065,44.9,true,2,98.3061951388292,,True,af0afe247825f19259f548b7621be62d265cf931216e2938dde2c572e576d4ee,0.5,0,449,True
3.6,lambda_rev_0p5,100,5,0.25,10017,numpy.random.default_rng,uniform,200,2,0.003382552373125625,0.10292282344776606,38.1,true,2,92.89305915807975,,True,02848b0c85ac8a325707be4d783b10621fdbb5bd908ae071b69a605befcf10f1,0.5,0,381,True
3.6,lambda_rev_0p5,100,5,0.25,10018,numpy.random.default_rng,uniform,200,2,0.004496215185165848,0.10189321793088688,37.8,true,2,97.97345332166374,,True,99132cb3b6a5470c4341191a7dcf53d2efaff838c0f979eff8127ac883aa9107,0.5,0,378,True
3.6,lambda_rev_0p5,100,5,0.25,10019,numpy.random.default_rng,uniform,200,2,0.0032369116775476975,0.10221856714270693,43.4,true,2,93.51561832439175,,True,029ec1af5b1a83ec523292c90ca74b129f525a5c85a6bd5d57db37829ae613e4,0.5,0,434,True
3.6,lambda_rev_1p5,100,5,0.05,10000,numpy.random.default_rng,uniform,1200,12,0.049925464307295116,0.4151371642379409,38.9,true,12,53.819468357359085,,True,cf25c9953adf26f363547dc292902f9dc92de856f0976a8f14771ce6eabc7457,1.5,0,389,True
3.6,lambda_rev_1p5,100,5,0.05,10001,numpy.random.default_rng,uniform,1200,12,0.04707281253364013,0.3927993404061812,37.7,true,12,66.6973552136711,,True,1f77bb0d2f9849bf469695836b2ef4df50e72c2e040635d00f29ffe4d8f990e4,1.5,0,377,True
3.6,lambda_rev_1p5,100,5,0.05,10002,numpy.random.default_rng,uniform,1200,12,0.04777591144987336,0.4128124248269742,39.6,true,12,58.01747747508014,,True,d6b74ec27001d0132e8ec26d83568c6d4ad6b68ebed7f5fcf03c8ba266b34356,1.5,0,396,True
3.6,lambda_rev_1p5,100,5,0.05,10003,numpy.random.default_rng,uniform,1221,12.21,0.04983592204095715,0.39685116537553555,41.2,true,12,63.96453633262328,,True,4cffed5b347198978fecf500a129b996c36a58578d60fadeb1baf4da951e9917,1.5,21,412,True
3.6,lambda_rev_1p5,100,5,0.05,10004,numpy.random.default_rng,uniform,1204,12.04,0.04945677599479731,0.40531068688954575,39.6,true,12,60.80061578616433,,True,a01a898b7df3e3ea77ce22563a8e81daaa4e730215a35ee48af66dc191c70fe9,1.5,4,396,True
3.6,lambda_rev_1p5,100,5,0.05,10005,numpy.random.default_rng,uniform,1236,12.36,0.04973587605090728,0.410949285122411,38.6,true,12,65.06363910176827,,True,a199e5a8fd66c314b28699c0a8e0b6bb4ba01dc0dcfaecd30862671909621166,1.5,36,386,True
3.6,lambda_rev_1p5,100,5,0.05,10006,numpy.random.default_rng,uniform,1211,12.11,0.04993321373713281,0.41504345749565297,39.6,true,12,62.39744920650553,,True,ba2f72cfbd7bb4d350aa9926f4031643abe31ee77bd4919a8535e9782c956261,1.5,11,396,True
3.6,lambda_rev_1p5,100,5,0.05,10007,numpy.random.default_rng,uniform,1226,12.26,0.049997744543272604,0.42919733445669034,42.8,true,12,56.12591731236738,,True,600936d91f71f59f33b2dd55ebc1c4c85582d7522e8e7026a15ce5fcbdab7f53,1.5,26,428,True
3.6,lambda_rev_1p5,100,5,0.05,10008,numpy.random.default_rng,uniform,1262,12.62,0.049614076834903945,0.4363628865264113,43.8,true,12,56.34804754796555,,True,599419fb950153ea31a8cbd3b639a0ef1f93fc8c8ed5e40ab887eae28c5b19a8,1.5,62,438,True
3.6,lambda_rev_1p5,100,5,0.05,10009,numpy.random.default_rng,uniform,1184,11.84,0.04941370770404092,0.38849086685911927,37.8,true,11,58.798935377881676,,True,5a41b2eece5ad56283e1a0730a4033655e6103a915ee2fda87fc726efc9550b7,1.5,84,378,True
3.6,lambda_rev_1p5,100,5,0.05,10010,numpy.random.default_rng,uniform,1268,12.68,0.04986001653575786,0.42324014281430156,41.7,true,12,66.05528477839147,,True,0bc6885df922028bc0544a733c2fc7a49e6f6deea4e976cfa65509e026672941,1.5,68,417,True
3.6,lambda_rev_1p5,100,5,0.05,10011,numpy.random.default_rng,uniform,1217,12.17,0.04995719514687618,0.41911123001026707,40.5,true,12,55.47662109388801,,True,27a82b744750c11044598d91a65af2a42a74f626b79c997f06a78ec9c37059d6,1.5,17,405,True
3.6,lambda_rev_1p5,100,5,0.05,10012,numpy.random.default_rng,uniform,1208,12.08,0.049946871836288376,0.3934870098106104,39.7,true,12,61.50590547328587,,True,f8b38cc03a7fee65191fd7ad815ba5ecf32fae9ff4c2cf4468471c830818f0ce,1.5,8,397,True
3.6,lambda_rev_1p5,100,5,0.05,10013,numpy.random.default_rng,uniform,1222,12.22,0.0499838605586568,0.4165809407842015,40.8,true,12,67.58390102331529,,True,5bb5f15d40ac4560042fdcc8ab406da1638f80ba62822bc54818aab3642fbe2f,1.5,22,408,True
3.6,lambda_rev_1p5,100,5,0.05,10014,numpy.random.default_rng,uniform,1224,12.24,0.049852535951125126,0.4089295360853565,43.3,true,12,63.43371526189695,,True,a424ed65debd98c6e4f5cce1c0755edb44c40232ef609e5049244742918d274d,1.5,24,433,True
3.6,lambda_rev_1p5,100,5,0.05,10015,numpy.random.default_rng,uniform,1227,12.27,0.04938788748472574,0.41836295451400235,39.0,true,12,61.35909286143588,,True,298843e731d109666cebf540fffa4ef120df21e7cf55e7034d3d7ce046298b37,1.5,27,390,True
3.6,lambda_rev_1p5,100,5,0.05,10016,numpy.random.default_rng,uniform,1217,12.17,0.049731817995174295,0.41167738097482875,40.7,true,12,64.83444358248363,,True,af0afe247825f19259f548b7621be62d265cf931216e2938dde2c572e576d4ee,1.5,17,407,True
3.6,lambda_rev_1p5,100,5,0.05,10017,numpy.random.default_rng,uniform,1200,12,0.04967124981477282,0.4146835917710357,41.4,true,12,58.63973163133413,,True,02848b0c85ac8a325707be4d783b10621fdbb5bd908ae071b69a605befcf10f1,1.5,0,414,True
3.6,lambda_rev_1p5,100,5,0.05,10018,numpy.random.default_rng,uniform,1249,12.49,0.04976343428305825,0.4206203537246884,41.3,true,12,63.03407314529545,,True,99132cb3b6a5470c4341191a7dcf53d2efaff838c0f979eff8127ac883aa9107,1.5,49,413,True
3.6,lambda_rev_1p5,100,5,0.05,10019,numpy.random.default_rng,uniform,1200,12,0.0459560252157703,0.40546633415914984,39.7,true,12,60.63663322839635,,True,029ec1af5b1a83ec523292c90ca74b129f525a5c85a6bd5d57db37829ae613e4,1.5,0,397,True
3.6,lambda_rev_1p5,100,5,0.15,10000,numpy.random.default_rng,uniform,600,6,0.021725278528929536,0.293102991748705,44.5,true,6,71.19550341552262,,True,cf25c9953adf26f363547dc292902f9dc92de856f0976a8f14771ce6eabc7457,1.5,0,445,True
3.6,lambda_rev_1p5,100,5,0.15,10001,numpy.random.default_rng,uniform,696,6.96,0.0498119340614109,0.328272426296522,36.4,true,6,76.66775725382247,,True,1f77bb0d2f9849bf469695836b2ef4df50e72c2e040635d00f29ffe4d8f990e4,1.5,96,364,True
3.6,lambda_rev_1p5,100,5,0.15,10002,numpy.random.default_rng,uniform,700,7,0.035874063739154714,0.3448390883645829,44.2,true,7,70.01124568404705,,True,d6b74ec27001d0132e8ec26d83568c6d4ad6b68ebed7f5fcf03c8ba266b34356,1.5,0,442,True
3.6,lambda_rev_1p5,100,5,0.15,10003,numpy.random.default_rng,uniform,800,8,0.030758200665057547,0.3499927113022848,42.0,true,8,76.53239972173249,,True,4cffed5b347198978fecf500a129b996c36a58578d60fadeb1baf4da951e9917,1.5,0,420,True
3.6,lambda_rev_1p5,100,5,0.15,10004,numpy.random.default_rng,uniform,800,8,0.04871773132644623,0.36745783042930763,43.7,true,8,68.50530318675024,,True,a01a898b7df3e3ea77ce22563a8e81daaa4e730215a35ee48af66dc191c70fe9,1.5,0,437,True
3.6,lambda_rev_1p5,100,5,0.15,10005,numpy.random.default_rng,uniform,900,9,0.03337525601266198,0.38220480429054005,42.7,true,9,74.60720033345893,,True,a199e5a8fd66c314b28699c0a8e0b6bb4ba01dc0dcfaecd30862671909621166,1.5,0,427,True
3.6,lambda_rev_1p5,100,5,0.15,10006,numpy.random.default_rng,uniform,800,8,0.039112018655032235,0.3650226881711298,47.5,true,8,71.55418865347308,,True,ba2f72cfbd7bb4d350aa9926f4031643abe31ee77bd4919a8535e9782c956261,1.5,0,475,True
3.6,lambda_rev_1p5,100,5,0.15,10007,numpy.random.default_rng,uniform,500,5,0.041102282962913364,0.23477824372487813,43.6,true,5,73.00448168495892,,True,600936d91f71f59f33b2dd55ebc1c4c85582d7522e8e7026a15ce5fcbdab7f53,1.5,0,436,True
3.6,lambda_rev_1p5,100,5,0.15,10008,numpy.random.default_rng,uniform,600,6,0.02913061117197842,0.2808323108621688,48.8,true,6,73.43728949172898,,True,599419fb950153ea31a8cbd3b639a0ef1f93fc8c8ed5e40ab887eae28c5b19a8,1.5,0,488,True
3.6,lambda_rev_1p5,100,5,0.15,10009,numpy.random.default_rng,uniform,760,7.6,0.0497984990790608,0.3725076004152427,42.2,true,7,66.4377762662,,True,5a41b2eece5ad56283e1a0730a4033655e6103a915ee2fda87fc726efc9550b7,1.5,60,422,True
3.6,lambda_rev_1p5,100,5,0.15,10010,numpy.random.default_rng,uniform,700,7,0.024959191014372634,0.32347494068636506,44.8,true,7,82.1153620292173,,True,0bc6885df922028bc0544a733c2fc7a49e6f6deea4e976cfa65509e026672941,1.5,0,448,True
3.6,lambda_rev_1p5,100,5,0.15,10011,numpy.random.default_rng,uniform,800,8,0.04983078107007277,0.37508289195492134,43.9,true,8,63.963849592638795,,True,27a82b744750c11044598d91a65af2a42a74f626b79c997f06a78ec9c37059d6,1.5,0,439,True
3.6,lambda_rev_1p5,100,5,0.15,10012,numpy.random.default_rng,uniform,800,8,0.04303564038683978,0.3783336773144629,43.3,true,8,70.85390942980035,,True,f8b38cc03a7fee65191fd7ad815ba5ecf32fae9ff4c2cf4468471c830818f0ce,1.5,0,433,True
3.6,lambda_rev_1p5,100,5,0.15,10013,numpy.random.default_rng,uniform,800,8,0.04584471235911909,0.3698140881283568,45.5,true,8,76.40406407406189,,True,5bb5f15d40ac4560042fdcc8ab406da1638f80ba62822bc54818aab3642fbe2f,1.5,0,455,True
3.6,lambda_rev_1p5,100,5,0.15,10014,numpy.random.default_rng,uniform,800,8,0.023290735423165555,0.35942519541426404,47.7,true,8,76.47848609014335,,True,a424ed65debd98c6e4f5cce1c0755edb44c40232ef609e5049244742918d274d,1.5,0,477,True
3.6,lambda_rev_1p5,100,5,0.15,10015,numpy.random.default_rng,uniform,763,7.63,0.04969786666747343,0.36127835828612287,40.5,true,7,70.62495125469772,,True,298843e731d109666cebf540fffa4ef120df21e7cf55e7034d3d7ce046298b37,1.5,63,405,True
3.6,lambda_rev_1p5,100,5,0.15,10016,numpy.random.default_rng,uniform,700,7,0.04948255934314284,0.33470915541712615,46.5,true,7,74.26813942045872,,True,af0afe247825f19259f548b7621be62d265cf931216e2938dde2c572e576d4ee,1.5,0,465,True
3.6,lambda_rev_1p5,100,5,0.15,10017,numpy.random.default_rng,uniform,700,7,0.029676186561858255,0.3323640646312477,44.8,true,7,72.56780900970635,,True,02848b0c85ac8a325707be4d783b10621fdbb5bd908ae071b69a605befcf10f1,1.5,0,448,True
3.6,lambda_rev_1p5,100,5,0.15,10018,numpy.random.default_rng,uniform,700,7,0.01931620364730649,0.34326420875094754,47.8,true,7,79.56738707969471,,True,99132cb3b6a5470c4341191a7dcf53d2efaff838c0f979eff8127ac883aa9107,1.5,0,478,True
3.6,lambda_rev_1p5,100,5,0.15,10019,numpy.random.default_rng,uniform,799,7.99,0.04966357304435955,0.3823370530088986,44.1,true,7,67.72120296769134,,True,029ec1af5b1a83ec523292c90ca74b129f525a5c85a6bd5d57db37829ae613e4,1.5,99,441,True
3.6,lambda_rev_1p5,100,5,0.25,10000,numpy.random.default_rng,uniform,200,2,0.001299866523433408,0.10022529770485784,44.1,true,2,83.5003335074581,,True,cf25c9953adf26f363547dc292902f9dc92de856f0976a8f14771ce6eabc7457,1.5,0,441,True
3.6,lambda_rev_1p5,100,5,0.25,10001,numpy.random.default_rng,uniform,200,2,0.006096588929237369,0.10385731871759583,38.6,true,2,95.40204703563609,,True,1f77bb0d2f9849bf469695836b2ef4df50e72c2e040635d00f29ffe4d8f990e4,1.5,0,386,True
3.6,lambda_rev_1p5,100,5,0.25,10002,numpy.random.default_rng,uniform,200,2,0.0031285671553845755,0.09943550115229671,43.7,true,2,86.70761518016168,,True,d6b74ec27001d0132e8ec26d83568c6d4ad6b68ebed7f5fcf03c8ba266b34356,1.5,0,437,True
3.6,lambda_rev_1p5,100,5,0.25,10003,numpy.random.default_rng,uniform,200,2,0.00390071769691023,0.10157420072099692,39.2,true,2,94.6963410496655,,True,4cffed5b347198978fecf500a129b996c36a58578d60fadeb1baf4da951e9917,1.5,0,392,True
3.6,lambda_rev_1p5,100,5,0.25,10004,numpy.random.default_rng,uniform,200,2,0.0017315794104339867,0.0990189161559822,42.5,true,2,90.39596969157375,,True,a01a898b7df3e3ea77ce22563a8e81daaa4e730215a35ee48af66dc191c70fe9,1.5,0,425,True
3.6,lambda_rev_1p5,100,5,0.25,10005,numpy.random.default_rng,uniform,200,2,0.008530850071183572,0.09736089447114404,38.2,true,2,94.80532371724559,,True,a199e5a8fd66c314b28699c0a8e0b6bb4ba01dc0dcfaecd30862671909621166,1.5,0,382,True
3.6,lambda_rev_1p5,100,5,0.25,10006,numpy.random.default_rng,uniform,200,2,0.007289198534254701,0.09876757562947504,42.6,true,2,91.01203404136658,,True,ba2f72cfbd7bb4d350aa9926f4031643abe31ee77bd4919a8535e9782c956261,1.5,0,426,True
3.6,lambda_rev_1p5,100,5,0.25,10007,numpy.random.default_rng,uniform,200,2,0.0020106843198054026,0.09719321062737038,46.6,true,2,86.40992956325232,,True,600936d91f71f59f33b2dd55ebc1c4c85582d7522e8e7026a15ce5fcbdab7f53,1.5,0,466,True
3.6,lambda_rev_1p5,100,5,0.25,10008,numpy.random.default_rng,uniform,200,2,0.0033948835397453773,0.09546037424386614,49.3,true,2,86.6388437171746,,True,599419fb950153ea31a8cbd3b639a0ef1f93fc8c8ed5e40ab887eae28c5b19a8,1.5,0,493,True
3.6,lambda_rev_1p5,100,5,0.25,10009,numpy.random.default_rng,uniform,200,2,0.006152147411701607,0.10777135867377162,41.1,true,2,87.25028341175883,,True,5a41b2eece5ad56283e1a0730a4033655e6103a915ee2fda87fc726efc9550b7,1.5,0,411,True
3.6,lambda_rev_1p5,100,5,0.25,10010,numpy.random.default_rng,uniform,200,2,0.007577763969740395,0.09752970469846844,44.5,true,2,96.11302081350084,,True,0bc6885df922028bc0544a733c2fc7a49e6f6deea4e976cfa65509e026672941,1.5,0,445,True
3.6,lambda_rev_1p5,100,5,0.25,10011,numpy.random.default_rng,uniform,200,2,0.002317438241859804,0.09509344135272621,44.1,true,2,85.46568200865042,,True,27a82b744750c11044598d91a65af2a42a74f626b79c997f06a78ec9c37059d6,1.5,0,441,True
3.6,lambda_rev_1p5,100,5,0.25,10012,numpy.random.default_rng,uniform,200,2,0.004396468047858587,0.10636713056864874,39.7,true,2,91.48034222493389,,True,f8b38cc03a7fee65191fd7ad815ba5ecf32fae9ff4c2cf4468471c830818f0ce,1.5,0,397,True
3.6,lambda_rev_1p5,100,5,0.25,10013,numpy.random.default_rng,uniform,200,2,0.009904678493566545,0.10085560990106718,40.2,true,2,96.49052370287745,,True,5bb5f15d40ac4560042fdcc8ab406da1638f80ba62822bc54818aab3642fbe2f,1.5,0,402,True
3.6,lambda_rev_1p5,100,5,0.25,10014,numpy.random.default_rng,uniform,200,2,0.006470329418626929,0.0999442097044923,42.3,true,2,93.05560583471566,,True,a424ed65debd98c6e4f5cce1c0755edb44c40232ef609e5049244742918d274d,1.5,0,423,True
3.6,lambda_rev_1p5,100,5,0.25,10015,numpy.random.default_rng,uniform,200,2,0.006549200118869412,0.09810789428610693,40.1,true,2,90.66284308761854,,True,298843e731d109666cebf540fffa4ef120df21e7cf55e7034d3d7ce046298b37,1.5,0,401,True
3.6,lambda_rev_1p5,100,5,0.25,10016,numpy.random.default_rng,uniform,200,2,0.0051791929528299885,0.09814748580207681,46.3,true,2,93.54564242328071,,True,af0afe247825f19259f548b7621be62d265cf931216e2938dde2c572e576d4ee,1.5,0,463,True
3.6,lambda_rev_1p5,100,5,0.25,10017,numpy.random.default_rng,uniform,200,2,0.0029200831454912458,0.09541890094900275,45.5,true,2,88.03588512904619,,True,02848b0c85ac8a325707be4d783b10621fdbb5bd908ae071b69a605befcf10f1,1.5,0,455,True
3.6,lambda_rev_1p5,100,5,0.25,10018,numpy.random.default_rng,uniform,200,2,0.004300847449796907,0.09716066759192378,41.3,true,2,93.69272463529191,,True,99132cb3b6a5470c4341191a7dcf53d2efaff838c0f979eff8127ac883aa9107,1.5,0,413,True
3.6,lambda_rev_1p5,100,5,0.25,10019,numpy.random.default_rng,uniform,200,2,0.0032650321390719945,0.10004121464224713,39.7,true,2,89.71510309971191,,True,029ec1af5b1a83ec523292c90ca74b129f525a5c85a6bd5d57db37829ae613e4,1.5,0,397,True
3.6,lambda_rev_2,100,5,0.05,10000,numpy.random.default_rng,uniform,1200,12,0.049925464307295116,0.4151371642379409,38.9,true,12,51.62946835735911,,True,cf25c9953adf26f363547dc292902f9dc92de856f0976a8f14771ce6eabc7457,2.0,0,389,True
3.6,lambda_rev_2,100,5,0.05,10001,numpy.random.default_rng,uniform,1200,12,0.04707281253364013,0.3927993404061812,37.7,true,12,64.5973552136711,,True,1f77bb0d2f9849bf469695836b2ef4df50e72c2e040635d00f29ffe4d8f990e4,2.0,0,377,True
3.6,lambda_rev_2,100,5,0.05,10002,numpy.random.default_rng,uniform,1200,12,0.04777591144987336,0.4128124248269742,39.6,true,12,55.9074774750802,,True,d6b74ec27001d0132e8ec26d83568c6d4ad6b68ebed7f5fcf03c8ba266b34356,2.0,0,396,True
3.6,lambda_rev_2,100,5,0.05,10003,numpy.random.default_rng,uniform,1221,12.21,0.04983592204095715,0.39685116537553555,41.2,true,12,61.62453633262335,,True,4cffed5b347198978fecf500a129b996c36a58578d60fadeb1baf4da951e9917,2.0,21,412,True
3.6,lambda_rev_2,100,5,0.05,10004,numpy.random.default_rng,uniform,1204,12.04,0.04945677599479731,0.40531068688954575,39.6,true,12,58.68561578616437,,True,a01a898b7df3e3ea77ce22563a8e81daaa4e730215a35ee48af66dc191c70fe9,2.0,4,396,True
3.6,lambda_rev_2,100,5,0.05,10005,numpy.random.default_rng,uniform,1236,12.36,0.04973587605090728,0.410949285122411,38.6,true,12,62.893639101768294,,True,a199e5a8fd66c314b28699c0a8e0b6bb4ba01dc0dcfaecd30862671909621166,2.0,36,386,True
3.6,lambda_rev_2,100,5,0.05,10006,numpy.random.default_rng,uniform,1211,12.11,0.04993321373713281,0.41504345749565297,39.6,true,12,60.312449206505505,,True,ba2f72cfbd7bb4d350aa9926f4031643abe31ee77bd4919a8535e9782c956261,2.0,11,396,True
3.6,lambda_rev_2,100,5,0.05,10007,numpy.random.default_rng,uniform,1226,12.26,0.049997744543272604,0.42919733445669034,42.8,true,12,53.74091731236746,,True,600936d91f71f59f33b2dd55ebc1c4c85582d7522e8e7026a15ce5fcbdab7f53,2.0,26,428,True
3.6,lambda_rev_2,100,5,0.05,10008,numpy.random.default_rng,uniform,1262,12.62,0.049614076834903945,0.4363628865264113,43.8,true,12,53.94804754796556,,True,599419fb950153ea31a8cbd3b639a0ef1f93fc8c8ed5e40ab887eae28c5b19a8,2.0,62,438,True
3.6,lambda_rev_2,100,5,0.05,10009,numpy.random.default_rng,uniform,1184,11.84,0.04941370770404092,0.38849086685911927,37.8,true,11,56.70893537788167,,True,5a41b2eece5ad56283e1a0730a4033655e6103a915ee2fda87fc726efc9550b7,2.0,84,378,True
3.6,lambda_rev_2,100,5,0.05,10010,numpy.random.default_rng,uniform,1268,12.68,0.04986001653575786,0.42324014281430156,41.7,true,12,63.75528477839153,,True,0bc6885df922028bc0544a733c2fc7a49e6f6deea4e976cfa65509e026672941,2.0,68,417,True
3.6,lambda_rev_2,100,5,0.05,10011,numpy.random.default_rng,uniform,1217,12.17,0.04995719514687618,0.41911123001026707,40.5,true,12,53.221621093888054,,True,27a82b744750c11044598d91a65af2a42a74f626b79c997f06a78ec9c37059d6,2.0,17,405,True
3.6,lambda_rev_2,100,5,0.05,10012,numpy.random.default_rng,uniform,1208,12.08,0.049946871836288376,0.3934870098106104,39.7,true,12,59.285905473285865,,True,f8b38cc03a7fee65191fd7ad815ba5ecf32fae9ff4c2cf4468471c830818f0ce,2.0,8,397,True
3.6,lambda_rev_2,100,5,0.05,10013,numpy.random.default_rng,uniform,1222,12.22,0.0499838605586568,0.4165809407842015,40.8,true,12,65.4189010233153,,True,5bb5f15d40ac4560042fdcc8ab406da1638f80ba62822bc54818aab3642fbe2f,2.0,22,408,True
3.6,lambda_rev_2,100,5,0.05,10014,numpy.random.default_rng,uniform,1224,12.24,0.049852535951125126,0.4089295360853565,43.3,true,12,61.163715261896925,,True,a424ed65debd98c6e4f5cce1c0755edb44c40232ef609e5049244742918d274d,2.0,24,433,True
3.6,lambda_rev_2,100,5,0.05,10015,numpy.random.default_rng,uniform,1227,12.27,0.04938788748472574,0.41836295451400235,39.0,true,12,59.26909286143591,,True,298843e731d109666cebf540fffa4ef120df21e7cf55e7034d3d7ce046298b37,2.0,27,390,True
3.6,lambda_rev_2,100,5,0.05,10016,numpy.random.default_rng,uniform,1217,12.17,0.049731817995174295,0.41167738097482875,40.7,true,12,62.69944358248358,,True,af0afe247825f19259f548b7621be62d265cf931216e2938dde2c572e576d4ee,2.0,17,407,True
3.6,lambda_rev_2,100,5,0.05,10017,numpy.random.default_rng,uniform,1200,12,0.04967124981477282,0.4146835917710357,41.4,true,12,56.34473163133412,,True,02848b0c85ac8a325707be4d783b10621fdbb5bd908ae071b69a605befcf10f1,2.0,0,414,True
3.6,lambda_rev_2,100,5,0.05,10018,numpy.random.default_rng,uniform,1249,12.49,0.04976343428305825,0.4206203537246884,41.3,true,12,60.774073145295475,,True,99132cb3b6a5470c4341191a7dcf53d2efaff838c0f979eff8127ac883aa9107,2.0,49,413,True
3.6,lambda_rev_2,100,5,0.05,10019,numpy.random.default_rng,uniform,1200,12,0.0459560252157703,0.40546633415914984,39.7,true,12,58.471633228396364,,True,029ec1af5b1a83ec523292c90ca74b129f525a5c85a6bd5d57db37829ae613e4,2.0,0,397,True
3.6,lambda_rev_2,100,5,0.15,10000,numpy.random.default_rng,uniform,600,6,0.021725278528929536,0.293102991748705,44.5,true,6,68.91550341552266,,True,cf25c9953adf26f363547dc292902f9dc92de856f0976a8f14771ce6eabc7457,2.0,0,445,True
3.6,lambda_rev_2,100,5,0.15,10001,numpy.random.default_rng,uniform,696,6.96,0.0498119340614109,0.328272426296522,36.4,true,6,74.71275725382249,,True,1f77bb0d2f9849bf469695836b2ef4df50e72c2e040635d00f29ffe4d8f990e4,2.0,96,364,True
3.6,lambda_rev_2,100,5,0.15,10002,numpy.random.default_rng,uniform,700,7,0.035874063739154714,0.3448390883645829,44.2,true,7,67.77124568404705,,True,d6b74ec27001d0132e8ec26d83568c6d4ad6b68ebed7f5fcf03c8ba266b34356,2.0,0,442,True
3.6,lambda_rev_2,100,5,0.15,10003,numpy.random.default_rng,uniform,800,8,0.030758200665057547,0.3499927113022848,42.0,true,8,74.30239972173247,,True,4cffed5b347198978fecf500a129b996c36a58578d60fadeb1baf4da951e9917,2.0,0,420,True
3.6,lambda_rev_2,100,5,0.15,10004,numpy.random.default_rng,uniform,800,8,0.04871773132644623,0.36745783042930763,43.7,true,8,66.21530318675019,,True,a01a898b7df3e3ea77ce22563a8e81daaa4e730215a35ee48af66dc191c70fe9,2.0,0,437,True
3.6,lambda_rev_2,100,5,0.15,10005,numpy.random.default_rng,uniform,900,9,0.03337525601266198,0.38220480429054005,42.7,true,9,72.28720033345891,,True,a199e5a8fd66c314b28699c0a8e0b6bb4ba01dc0dcfaecd30862671909621166,2.0,0,427,True
3.6,lambda_rev_2,100,5,0.15,10006,numpy.random.default_rng,uniform,800,8,0.039112018655032235,0.3650226881711298,47.5,true,8,69.05918865347302,,True,ba2f72cfbd7bb4d350aa9926f4031643abe31ee77bd4919a8535e9782c956261,2.0,0,475,True
3.6,lambda_rev_2,100,5,0.15,10007,numpy.random.default_rng,uniform,500,5,0.041102282962913364,0.23477824372487813,43.6,true,5,70.80948168495894,,True,600936d91f71f59f33b2dd55ebc1c4c85582d7522e8e7026a15ce5fcbdab7f53,2.0,0,436,True
3.6,lambda_rev_2,100,5,0.15,10008,numpy.random.default_rng,uniform,600,6,0.02913061117197842,0.2808323108621688,48.8,true,6,70.952289491729,,True,599419fb950153ea31a8cbd3b639a0ef1f93fc8c8ed5e40ab887eae28c5b19a8,2.0,0,488,True
3.6,lambda_rev_2,100,5,0.15,10009,numpy.random.default_rng,uniform,760,7.6,0.0497984990790608,0.3725076004152427,42.2,true,7,64.0927762662,,True,5a41b2eece5ad56283e1a0730a4033655e6103a915ee2fda87fc726efc9550b7,2.0,60,422,True
3.6,lambda_rev_2,100,5,0.15,10010,numpy.random.default_rng,uniform,700,7,0.024959191014372634,0.32347494068636506,44.8,true,7,79.7203620292172,,True,0bc6885df922028bc0544a733c2fc7a49e6f6deea4e976cfa65509e026672941,2.0,0,448,True
3.6,lambda_rev_2,100,5,0.15,10011,numpy.random.default_rng,uniform,800,8,0.04983078107007277,0.37508289195492134,43.9,true,8,61.748849592638805,,True,27a82b744750c11044598d91a65af2a42a74f626b79c997f06a78ec9c37059d6,2.0,0,439,True
3.6,lambda_rev_2,100,5,0.15,10012,numpy.random.default_rng,uniform,800,8,0.04303564038683978,0.3783336773144629,43.3,true,8,68.56890942980037,,True,f8b38cc03a7fee65191fd7ad815ba5ecf32fae9ff4c2cf4468471c830818f0ce,2.0,0,433,True
3.6,lambda_rev_2,100,5,0.15,10013,numpy.random.default_rng,uniform,800,8,0.04584471235911909,0.3698140881283568,45.5,true,8,74.08906407406192,,True,5bb5f15d40ac4560042fdcc8ab406da1638f80ba62822bc54818aab3642fbe2f,2.0,0,455,True
3.6,lambda_rev_2,100,5,0.15,10014,numpy.random.default_rng,uniform,800,8,0.023290735423165555,0.35942519541426404,47.7,true,8,73.95848609014334,,True,a424ed65debd98c6e4f5cce1c0755edb44c40232ef609e5049244742918d274d,2.0,0,477,True
3.6,lambda_rev_2,100,5,0.15,10015,numpy.random.default_rng,uniform,763,7.63,0.04969786666747343,0.36127835828612287,40.5,true,7,68.54995125469779,,True,298843e731d109666cebf540fffa4ef120df21e7cf55e7034d3d7ce046298b37,2.0,63,405,True
3.6,lambda_rev_2,100,5,0.15,10016,numpy.random.default_rng,uniform,700,7,0.04948255934314284,0.33470915541712615,46.5,true,7,71.8131394204587,,True,af0afe247825f19259f548b7621be62d265cf931216e2938dde2c572e576d4ee,2.0,0,465,True
3.6,lambda_rev_2,100,5,0.15,10017,numpy.random.default_rng,uniform,700,7,0.029676186561858255,0.3323640646312477,44.8,true,7,70.2478090097063,,True,02848b0c85ac8a325707be4d783b10621fdbb5bd908ae071b69a605befcf10f1,2.0,0,448,True
3.6,lambda_rev_2,100,5,0.15,10018,numpy.random.default_rng,uniform,700,7,0.01931620364730649,0.34326420875094754,47.8,true,7,77.12738707969471,,True,99132cb3b6a5470c4341191a7dcf53d2efaff838c0f979eff8127ac883aa9107,2.0,0,478,True
3.6,lambda_rev_2,100,5,0.15,10019,numpy.random.default_rng,uniform,799,7.99,0.04966357304435955,0.3823370530088986,44.1,true,7,65.49120296769132,,True,029ec1af5b1a83ec523292c90ca74b129f525a5c85a6bd5d57db37829ae613e4,2.0,99,441,True
3.6,lambda_rev_2,100,5,0.25,10000,numpy.random.default_rng,uniform,200,2,0.001299866523433408,0.10022529770485784,44.1,true,2,81.29033350745807,,True,cf25c9953adf26f363547dc292902f9dc92de856f0976a8f14771ce6eabc7457,2.0,0,441,True
3.6,lambda_rev_2,100,5,0.25,10001,numpy.random.default_rng,uniform,200,2,0.006096588929237369,0.10385731871759583,38.6,true,2,93.46704703563611,,True,1f77bb0d2f9849bf469695836b2ef4df50e72c2e040635d00f29ffe4d8f990e4,2.0,0,386,True
3.6,lambda_rev_2,100,5,0.25,10002,numpy.random.default_rng,uniform,200,2,0.0031285671553845755,0.09943550115229671,43.7,true,2,84.5126151801617,,True,d6b74ec27001d0132e8ec26d83568c6d4ad6b68ebed7f5fcf03c8ba266b34356,2.0,0,437,True
3.6,lambda_rev_2,100,5,0.25,10003,numpy.random.default_rng,uniform,200,2,0.00390071769691023,0.10157420072099692,39.2,true,2,92.7263410496655,,True,4cffed5b347198978fecf500a129b996c36a58578d60fadeb1baf4da951e9917,2.0,0,392,True
3.6,lambda_rev_2,100,5,0.25,10004,numpy.random.default_rng,uniform,200,2,0.0017315794104339867,0.0990189161559822,42.5,true,2,88.26596969157373,,True,a01a898b7df3e3ea77ce22563a8e81daaa4e730215a35ee48af66dc191c70fe9,2.0,0,425,True
3.6,lambda_rev_2,100,5,0.25,10005,numpy.random.default_rng,uniform,200,2,0.008530850071183572,0.09736089447114404,38.2,true,2,92.89032371724562,,True,a199e5a8fd66c314b28699c0a8e0b6bb4ba01dc0dcfaecd30862671909621166,2.0,0,382,True
3.6,lambda_rev_2,100,5,0.25,10006,numpy.random.default_rng,uniform,200,2,0.007289198534254701,0.09876757562947504,42.6,true,2,88.87703404136658,,True,ba2f72cfbd7bb4d350aa9926f4031643abe31ee77bd4919a8535e9782c956261,2.0,0,426,True
3.6,lambda_rev_2,100,5,0.25,10007,numpy.random.default_rng,uniform,200,2,0.0020106843198054026,0.09719321062737038,46.6,true,2,84.07492956325237,,True,600936d91f71f59f33b2dd55ebc1c4c85582d7522e8e7026a15ce5fcbdab7f53,2.0,0,466,True
3.6,lambda_rev_2,100,5,0.25,10008,numpy.random.default_rng,uniform,200,2,0.0033948835397453773,0.09546037424386614,49.3,true,2,84.16884371717455,,True,599419fb950153ea31a8cbd3b639a0ef1f93fc8c8ed5e40ab887eae28c5b19a8,2.0,0,493,True
3.6,lambda_rev_2,100,5,0.25,10009,numpy.random.default_rng,uniform,200,2,0.006152147411701607,0.10777135867377162,41.1,true,2,85.19528341175884,,True,5a41b2eece5ad56283e1a0730a4033655e6103a915ee2fda87fc726efc9550b7,2.0,0,411,True
3.6,lambda_rev_2,100,5,0.25,10010,numpy.random.default_rng,uniform,200,2,0.007577763969740395,0.09752970469846844,44.5,true,2,93.88802081350082,,True,0bc6885df922028bc0544a733c2fc7a49e6f6deea4e976cfa65509e026672941,2.0,0,445,True
3.6,lambda_rev_2,100,5,0.25,10011,numpy.random.default_rng,uniform,200,2,0.002317438241859804,0.09509344135272621,44.1,true,2,83.24568200865049,,True,27a82b744750c11044598d91a65af2a42a74f626b79c997f06a78ec9c37059d6,2.0,0,441,True
3.6,lambda_rev_2,100,5,0.25,10012,numpy.random.default_rng,uniform,200,2,0.004396468047858587,0.10636713056864874,39.7,true,2,89.49034222493393,,True,f8b38cc03a7fee65191fd7ad815ba5ecf32fae9ff4c2cf4468471c830818f0ce,2.0,0,397,True
3.6,lambda_rev_2,100,5,0.25,10013,numpy.random.default_rng,uniform,200,2,0.009904678493566545,0.10085560990106718,40.2,true,2,94.47052370287744,,True,5bb5f15d40ac4560042fdcc8ab406da1638f80ba62822bc54818aab3642fbe2f,2.0,0,402,True
3.6,lambda_rev_2,100,5,0.25,10014,numpy.random.default_rng,uniform,200,2,0.006470329418626929,0.0999442097044923,42.3,true,2,90.93560583471564,,True,a424ed65debd98c6e4f5cce1c0755edb44c40232ef609e5049244742918d274d,2.0,0,423,True
3.6,lambda_rev_2,100,5,0.25,10015,numpy.random.default_rng,uniform,200,2,0.006549200118869412,0.09810789428610693,40.1,true,2,88.63284308761854,,True,298843e731d109666cebf540fffa4ef120df21e7cf55e7034d3d7ce046298b37,2.0,0,401,True
3.6,lambda_rev_2,100,5,0.25,10016,numpy.random.default_rng,uniform,200,2,0.0051791929528299885,0.09814748580207681,46.3,true,2,91.22564242328069,,True,af0afe247825f19259f548b7621be62d265cf931216e2938dde2c572e576d4ee,2.0,0,463,True
3.6,lambda_rev_2,100,5,0.25,10017,numpy.random.default_rng,uniform,200,2,0.0029200831454912458,0.09541890094900275,45.5,true,2,85.7508851290462,,True,02848b0c85ac8a325707be4d783b10621fdbb5bd908ae071b69a605befcf10f1,2.0,0,455,True
3.6,lambda_rev_2,100,5,0.25,10018,numpy.random.default_rng,uniform,200,2,0.004300847449796907,0.09716066759192378,41.3,true,2,91.62272463529192,,True,99132cb3b6a5470c4341191a7dcf53d2efaff838c0f979eff8127ac883aa9107,2.0,0,413,True
3.6,lambda_rev_2,100,5,0.25,10019,numpy.random.default_rng,uniform,200,2,0.0032650321390719945,0.10004121464224713,39.7,true,2,87.7251030997119,,True,029ec1af5b1a83ec523292c90ca74b129f525a5c85a6bd5d57db37829ae613e4,2.0,0,397,True
