section,model,N,M,epsilon,seed,rng,distribution,intervention_steps,equivalent_rounds,final_variance,gravity_shift,final_oprr,joint_success,completed_synchronous_updates,failure_reason,gravity_feasible,initial_state_sha256,initial_variance,remaining_micro_steps,reversal_count,valid_pairs,variance_feasible
3.3.3,adaptive_confidence,100,5,0.05,10000,numpy.random.default_rng,uniform,0,200.0,0.37185821422986975,4.965068306494546e-17,0.1,false,200,variance_above_threshold;max_rounds_reached,True,cf25c9953adf26f363547dc292902f9dc92de856f0976a8f14771ce6eabc7457,0.3719765903851501,0,1,1000,False
3.3.3,adaptive_confidence,100,5,0.05,10001,numpy.random.default_rng,uniform,0,200.0,0.43215778843709735,0.0,0.0,false,200,variance_above_threshold;max_rounds_reached,True,1f77bb0d2f9849bf469695836b2ef4df50e72c2e040635d00f29ffe4d8f990e4,0.43215778843709735,0,0,1000,False
3.3.3,adaptive_confidence,100,5,0.05,10002,numpy.random.default_rng,uniform,0,200.0,0.3896165019314812,0.0,0.0,false,200,variance_above_threshold;max_rounds_reached,True,d6b74ec27001d0132e8ec26d83568c6d4ad6b68ebed7f5fcf03c8ba266b34356,0.3896165019314812,0,0,1000,False
3.3.3,adaptive_confidence,100,5,0.05,10003,numpy.random.default_rng,uniform,0,200.0,0.42684631465370637,0.0,0.1,false,200,variance_above_threshold;max_rounds_reached,True,4cffed5b347198978fecf500a129b996c36a58578d60fadeb1baf4da951e9917,0.42695781649541803,0,1,1000,False
3.3.3,adaptive_confidence,100,5,0.05,10004,numpy.random.default_rng,uniform,0,200.0,0.4055539090778142,8.950904182623619e-17,0.0,false,200,variance_above_threshold;max_rounds_reached,True,a01a898b7df3e3ea77ce22563a8e81daaa4e730215a35ee48af66dc191c70fe9,0.4056861825973417,0,0,1000,False
3.3.3,adaptive_confidence,100,5,0.05,10005,numpy.random.default_rng,uniform,0,200.0,0.43121677457400603,2.482534153247273e-17,0.1,false,200,variance_above_threshold;max_rounds_reached,True,a199e5a8fd66c314b28699c0a8e0b6bb4ba01dc0dcfaecd30862671909621166,0.4313068088810294,0,1,1000,False
3.3.3,adaptive_confidence,100,5,0.05,10006,numpy.random.default_rng,uniform,0,200.0,0.4143992206340344,0.0,0.0,false,200,variance_above_threshold;max_rounds_reached,True,ba2f72cfbd7bb4d350aa9926f4031643abe31ee77bd4919a8535e9782c956261,0.4143992206340344,0,0,1000,False
3.3.3,adaptive_confidence,100,5,0.05,10007,numpy.random.default_rng,uniform,0,200.0,0.38910963043872404,0.0,0.0,false,200,variance_above_threshold;max_rounds_reached,True,600936d91f71f59f33b2dd55ebc1c4c85582d7522e8e7026a15ce5fcbdab7f53,0.38910963043872404,0,0,1000,False
3.3.3,adaptive_confidence,100,5,0.05,10008,numpy.random.default_rng,uniform,0,200.0,0.393622210138319,0.0,0.0,false,200,variance_above_threshold;max_rounds_reached,True,599419fb950153ea31a8cbd3b639a0ef1f93fc8c8ed5e40ab887eae28c5b19a8,0.39366340529636346,0,0,1000,False
3.3.3,adaptive_confidence,100,5,0.05,10009,numpy.random.default_rng,uniform,0,200.0,0.39318926534173937,9.930136612989092e-17,0.1,false,200,variance_above_threshold;max_rounds_reached,True,5a41b2eece5ad56283e1a0730a4033655e6103a915ee2fda87fc726efc9550b7,0.3932555073101643,0,1,1000,False
3.3.3,adaptive_confidence,100,5,0.05,10010,numpy.random.default_rng,uniform,0,200.0,0.4415422504634192,0.0,0.0,false,200,variance_above_threshold;max_rounds_reached,True,0bc6885df922028bc0544a733c2fc7a49e6f6deea4e976cfa65509e026672941,0.4415422504634192,0,0,1000,False
3.3.3,adaptive_confidence,100,5,0.05,10011,numpy.random.default_rng,uniform,0,200.0,0.3829306230810942,7.021666937153402e-17,0.0,false,200,variance_above_threshold;max_rounds_reached,True,27a82b744750c11044598d91a65af2a42a74f626b79c997f06a78ec9c37059d6,0.3829700784238191,0,0,1000,False
3.3.3,adaptive_confidence,100,5,0.05,10012,numpy.random.default_rng,uniform,0,200.0,0.41135862846569893,8.599750569898515e-17,0.3,false,200,variance_above_threshold;max_rounds_reached,True,f8b38cc03a7fee65191fd7ad815ba5ecf32fae9ff4c2cf4468471c830818f0ce,0.4116747709551704,0,3,1000,False
3.3.3,adaptive_confidence,100,5,0.05,10013,numpy.random.default_rng,uniform,0,200.0,0.4425658140948733,4.965068306494546e-17,0.0,false,200,variance_above_threshold;max_rounds_reached,True,5bb5f15d40ac4560042fdcc8ab406da1638f80ba62822bc54818aab3642fbe2f,0.44268251091042915,0,0,1000,False
3.3.3,adaptive_confidence,100,5,0.05,10014,numpy.random.default_rng,uniform,0,200.0,0.42344256496419896,0.0,0.3,false,200,variance_above_threshold;max_rounds_reached,True,a424ed65debd98c6e4f5cce1c0755edb44c40232ef609e5049244742918d274d,0.42357334464463153,0,3,1000,False
3.3.3,adaptive_confidence,100,5,0.05,10015,numpy.random.default_rng,uniform,0,200.0,0.4101316076220651,5.551115123125783e-17,0.2,false,200,variance_above_threshold;max_rounds_reached,True,298843e731d109666cebf540fffa4ef120df21e7cf55e7034d3d7ce046298b37,0.4103379425305337,0,2,1000,False
3.3.3,adaptive_confidence,100,5,0.05,10016,numpy.random.default_rng,uniform,0,200.0,0.4277319552528362,0.0,0.0,false,200,variance_above_threshold;max_rounds_reached,True,af0afe247825f19259f548b7621be62d265cf931216e2938dde2c572e576d4ee,0.4277319552528362,0,0,1000,False
3.3.3,adaptive_confidence,100,5,0.05,10017,numpy.random.default_rng,uniform,0,200.0,0.3973985788693863,0.0,0.0,false,200,variance_above_threshold;max_rounds_reached,True,02848b0c85ac8a325707be4d783b10621fdbb5bd908ae071b69a605befcf10f1,0.3973985788693863,0,0,1000,False
3.3.3,adaptive_confidence,100,5,0.05,10018,numpy.random.default_rng,uniform,0,200.0,0.42378230689550545,1.2658490090568384e-16,0.3,false,200,variance_above_threshold;max_rounds_reached,True,99132cb3b6a5470c4341191a7dcf53d2efaff838c0f979eff8127ac883aa9107,0.4238389550979674,0,3,1000,False
3.3.3,adaptive_confidence,100,5,0.05,10019,numpy.random.default_rng,uniform,0,200.0,0.40162275000332026,7.447602459741819e-17,0.0,false,200,variance_above_threshold;max_rounds_reached,True,029ec1af5b1a83ec523292c90ca74b129f525a5c85a6bd5d57db37829ae613e4,0.40171555794129216,0,0,1000,False
3.3.3,adaptive_confidence,100,5,0.15,10000,numpy.random.default_rng,uniform,0,44.0,0.04943389699958037,0.02271845862022782,29.5,true,44,,True,cf25c9953adf26f363547dc292902f9dc92de856f0976a8f14771ce6eabc7457,0.3719765903851501,0,295,1000,True
3.3.3,adaptive_confidence,100,5,0.15,10001,numpy.random.default_rng,uniform,0,200.0,0.06010488747619831,0.051040289682312515,34.3,false,200,variance_above_threshold;max_rounds_reached,True,1f77bb0d2f9849bf469695836b2ef4df50e72c2e040635d00f29ffe4d8f990e4,0.43215778843709735,0,343,1000,False
3.3.3,adaptive_confidence,100,5,0.15,10002,numpy.random.default_rng,uniform,0,56.0,0.0497768928023626,0.01895825754572203,30.1,true,56,,True,d6b74ec27001d0132e8ec26d83568c6d4ad6b68ebed7f5fcf03c8ba266b34356,0.3896165019314812,0,301,1000,True
3.3.3,adaptive_confidence,100,5,0.15,10003,numpy.random.default_rng,uniform,0,200.0,0.17949023467209038,0.012984057359666764,24.9,false,200,variance_above_threshold;max_rounds_reached,True,4cffed5b347198978fecf500a129b996c36a58578d60fadeb1baf4da951e9917,0.42695781649541803,0,249,1000,False
3.3.3,adaptive_confidence,100,5,0.15,10004,numpy.random.default_rng,uniform,0,200.0,0.05539635916706224,0.02576053957868297,37.1,false,200,variance_above_threshold;max_rounds_reached,True,a01a898b7df3e3ea77ce22563a8e81daaa4e730215a35ee48af66dc191c70fe9,0.4056861825973417,0,371,1000,False
3.3.3,adaptive_confidence,100,5,0.15,10005,numpy.random.default_rng,uniform,0,200.0,0.07426817057658067,0.014144447163551831,28.7,false,200,variance_above_threshold;max_rounds_reached,True,a199e5a8fd66c314b28699c0a8e0b6bb4ba01dc0dcfaecd30862671909621166,0.4313068088810294,0,287,1000,False
3.3.3,adaptive_confidence,100,5,0.15,10006,numpy.random.default_rng,uniform,0,200.0,0.09990666465584647,0.027047703614048305,34.0,false,200,variance_above_threshold;max_rounds_reached,True,ba2f72cfbd7bb4d350aa9926f4031643abe31ee77bd4919a8535e9782c956261,0.4143992206340344,0,340,1000,False
3.3.3,adaptive_confidence,100,5,0.15,10007,numpy.random.default_rng,uniform,0,200.0,0.05241165561343977,0.023785253278116408,33.2,false,200,variance_above_threshold;max_rounds_reached,True,600936d91f71f59f33b2dd55ebc1c4c85582d7522e8e7026a15ce5fcbdab7f53,0.38910963043872404,0,332,1000,False
3.3.3,adaptive_confidence,100,5,0.15,10008,numpy.random.default_rng,uniform,0,200.0,0.05955951963183707,0.04457013663964326,42.7,false,200,variance_above_threshold;max_rounds_reached,True,599419fb950153ea31a8cbd3b639a0ef1f93fc8c8ed5e40ab887eae28c5b19a8,0.39366340529636346,0,427,1000,False
3.3.3,adaptive_confidence,100,5,0.15,10009,numpy.random.default_rng,uniform,0,67.0,0.049854802525707405,0.0572145964171563,34.5,true,67,,True,5a41b2eece5ad56283e1a0730a4033655e6103a915ee2fda87fc726efc9550b7,0.3932555073101643,0,345,1000,True
3.3.3,adaptive_confidence,100,5,0.15,10010,numpy.random.default_rng,uniform,0,200.0,0.17373519062541437,0.028347005200459595,29.9,false,200,variance_above_threshold;max_rounds_reached,True,0bc6885df922028bc0544a733c2fc7a49e6f6deea4e976cfa65509e026672941,0.4415422504634192,0,299,1000,False
3.3.3,adaptive_confidence,100,5,0.15,10011,numpy.random.default_rng,uniform,0,200.0,0.06053235157231962,0.03667510060353125,42.1,false,200,variance_above_threshold;max_rounds_reached,True,27a82b744750c11044598d91a65af2a42a74f626b79c997f06a78ec9c37059d6,0.3829700784238191,0,421,1000,False
3.3.3,adaptive_confidence,100,5,0.15,10012,numpy.random.default_rng,uniform,0,200.0,0.15895234505149355,0.021771871146804525,30.3,false,200,variance_above_threshold;max_rounds_reached,True,f8b38cc03a7fee65191fd7ad815ba5ecf32fae9ff4c2cf4468471c830818f0ce,0.4116747709551704,0,303,1000,False
3.3.3,adaptive_confidence,100,5,0.15,10013,numpy.random.default_rng,uniform,0,200.0,0.0816183621970452,0.01759276900217065,31.7,false,200,variance_above_threshold;max_rounds_reached,True,5bb5f15d40ac4560042fdcc8ab406da1638f80ba62822bc54818aab3642fbe2f,0.44268251091042915,0,317,1000,False
3.3.3,adaptive_confidence,100,5,0.15,10014,numpy.random.default_rng,uniform,0,200.0,0.06708010596552182,0.026358728713276523,31.2,false,200,variance_above_threshold;max_rounds_reached,True,a424ed65debd98c6e4f5cce1c0755edb44c40232ef609e5049244742918d274d,0.42357334464463153,0,312,1000,False
3.3.3,adaptive_confidence,100,5,0.15,10015,numpy.random.default_rng,uniform,0,200.0,0.07366863251402887,0.03528133177151091,36.6,false,200,variance_above_threshold;max_rounds_reached,True,298843e731d109666cebf540fffa4ef120df21e7cf55e7034d3d7ce046298b37,0.4103379425305337,0,366,1000,False
3.3.3,adaptive_confidence,100,5,0.15,10016,numpy.random.default_rng,uniform,0,200.0,0.09711199215433815,0.016662149418716358,41.8,false,200,variance_above_threshold;max_rounds_reached,True,af0afe247825f19259f548b7621be62d265cf931216e2938dde2c572e576d4ee,0.4277319552528362,0,418,1000,False
3.3.3,adaptive_confidence,100,5,0.15,10017,numpy.random.default_rng,uniform,0,200.0,0.05872874896382214,0.039375192724335394,40.7,false,200,variance_above_threshold;max_rounds_reached,True,02848b0c85ac8a325707be4d783b10621fdbb5bd908ae071b69a605befcf10f1,0.3973985788693863,0,407,1000,False
3.3.3,adaptive_confidence,100,5,0.15,10018,numpy.random.default_rng,uniform,0,125.0,0.04987152552798035,0.015401736552644943,30.5,true,125,,True,99132cb3b6a5470c4341191a7dcf53d2efaff838c0f979eff8127ac883aa9107,0.4238389550979674,0,305,1000,True
3.3.3,adaptive_confidence,100,5,0.15,10019,numpy.random.default_rng,uniform,0,200.0,0.0648411875826548,0.031027079532579088,36.7,false,200,variance_above_threshold;max_rounds_reached,True,029ec1af5b1a83ec523292c90ca74b129f525a5c85a6bd5d57db37829ae613e4,0.40171555794129216,0,367,1000,False
3.3.3,adaptive_confidence,100,5,0.25,10000,numpy.random.default_rng,uniform,0,2.0,0.004205244094469855,0.008078098316945144,34.9,true,2,,True,cf25c9953adf26f363547dc292902f9dc92de856f0976a8f14771ce6eabc7457,0.3719765903851501,0,349,1000,True
3.3.3,adaptive_confidence,100,5,0.25,10001,numpy.random.default_rng,uniform,0,2.0,0.018116952067694182,0.007544421451543695,25.9,true,2,,True,1f77bb0d2f9849bf469695836b2ef4df50e72c2e040635d00f29ffe4d8f990e4,0.43215778843709735,0,259,1000,True
3.3.3,adaptive_confidence,100,5,0.25,10002,numpy.random.default_rng,uniform,0,2.0,0.010139594258971242,0.00654493457353852,28.4,true,2,,True,d6b74ec27001d0132e8ec26d83568c6d4ad6b68ebed7f5fcf03c8ba266b34356,0.3896165019314812,0,284,1000,True
3.3.3,adaptive_confidence,100,5,0.25,10003,numpy.random.default_rng,uniform,0,2.0,0.012125299563642899,0.004681669851055379,20.7,true,2,,True,4cffed5b347198978fecf500a129b996c36a58578d60fadeb1baf4da951e9917,0.42695781649541803,0,207,1000,True
3.3.3,adaptive_confidence,100,5,0.25,10004,numpy.random.default_rng,uniform,0,2.0,0.006483113610203247,0.011735876901469332,26.8,true,2,,True,a01a898b7df3e3ea77ce22563a8e81daaa4e730215a35ee48af66dc191c70fe9,0.4056861825973417,0,268,1000,True
3.3.3,adaptive_confidence,100,5,0.25,10005,numpy.random.default_rng,uniform,0,2.0,0.023037319556533785,0.006622348129673743,19.7,true,2,,True,a199e5a8fd66c314b28699c0a8e0b6bb4ba01dc0dcfaecd30862671909621166,0.4313068088810294,0,197,1000,True
3.3.3,adaptive_confidence,100,5,0.25,10006,numpy.random.default_rng,uniform,0,2.0,0.01772089211854207,0.011490913122644377,26.3,true,2,,True,ba2f72cfbd7bb4d350aa9926f4031643abe31ee77bd4919a8535e9782c956261,0.4143992206340344,0,263,1000,True
3.3.3,adaptive_confidence,100,5,0.25,10007,numpy.random.default_rng,uniform,0,2.0,0.006213130919848304,0.01067071164593373,28.6,true,2,,True,600936d91f71f59f33b2dd55ebc1c4c85582d7522e8e7026a15ce5fcbdab7f53,0.38910963043872404,0,286,1000,True
3.3.3,adaptive_confidence,100,5,0.25,10008,numpy.random.default_rng,uniform,0,2.0,0.008536527126220767,0.013083489798698342,31.8,true,2,,True,599419fb950153ea31a8cbd3b639a0ef1f93fc8c8ed5e40ab887eae28c5b19a8,0.39366340529636346,0,318,1000,True
3.3.3,adaptive_confidence,100,5,0.25,10009,numpy.random.default_rng,uniform,0,2.0,0.013910331002324978,0.012215143995233777,26.9,true,2,,True,5a41b2eece5ad56283e1a0730a4033655e6103a915ee2fda87fc726efc9550b7,0.3932555073101643,0,269,1000,True
3.3.3,adaptive_confidence,100,5,0.25,10010,numpy.random.default_rng,uniform,0,2.0,0.018927660598576018,0.01124421039785821,23.8,true,2,,True,0bc6885df922028bc0544a733c2fc7a49e6f6deea4e976cfa65509e026672941,0.4415422504634192,0,238,1000,True
3.3.3,adaptive_confidence,100,5,0.25,10011,numpy.random.default_rng,uniform,0,2.0,0.0074713518815100475,0.008172142792580866,26.0,true,2,,True,27a82b744750c11044598d91a65af2a42a74f626b79c997f06a78ec9c37059d6,0.3829700784238191,0,260,1000,True
3.3.3,adaptive_confidence,100,5,0.25,10012,numpy.random.default_rng,uniform,0,2.0,0.011961467410845868,0.011525840605767224,30.0,true,2,,True,f8b38cc03a7fee65191fd7ad815ba5ecf32fae9ff4c2cf4468471c830818f0ce,0.4116747709551704,0,300,1000,True
3.3.3,adaptive_confidence,100,5,0.25,10013,numpy.random.default_rng,uniform,0,2.0,0.025724241478374828,0.010419191736698837,19.1,true,2,,True,5bb5f15d40ac4560042fdcc8ab406da1638f80ba62822bc54818aab3642fbe2f,0.44268251091042915,0,191,1000,True
3.3.3,adaptive_confidence,100,5,0.25,10014,numpy.random.default_rng,uniform,0,2.0,0.019750521007333165,0.0045448163796810515,22.4,true,2,,True,a424ed65debd98c6e4f5cce1c0755edb44c40232ef609e5049244742918d274d,0.42357334464463153,0,224,1000,True
3.3.3,adaptive_confidence,100,5,0.25,10015,numpy.random.default_rng,uniform,0,2.0,0.017158403806138575,0.009609462668160455,25.9,true,2,,True,298843e731d109666cebf540fffa4ef120df21e7cf55e7034d3d7ce046298b37,0.4103379425305337,0,259,1000,True
3.3.3,adaptive_confidence,100,5,0.25,10016,numpy.random.default_rng,uniform,0,2.0,0.01276020694712708,0.006113121355283989,27.2,true,2,,True,af0afe247825f19259f548b7621be62d265cf931216e2938dde2c572e576d4ee,0.4277319552528362,0,272,1000,True
3.3.3,adaptive_confidence,100,5,0.25,10017,numpy.random.default_rng,uniform,0,2.0,0.009484379133717594,0.009489923759850173,29.2,true,2,,True,02848b0c85ac8a325707be4d783b10621fdbb5bd908ae071b69a605befcf10f1,0.3973985788693863,0,292,1000,True
3.3.3,adaptive_confidence,100,5,0.25,10018,numpy.random.default_rng,uniform,0,2.0,0.011592762553439492,0.0062454681712648605,19.2,true,2,,True,99132cb3b6a5470c4341191a7dcf53d2efaff838c0f979eff8127ac883aa9107,0.4238389550979674,0,192,1000,True
3.3.3,adaptive_confidence,100,5,0.25,10019,numpy.random.default_rng,uniform,0,2.0,0.0096580828678856,0.011619478968359933,27.3,true,2,,True,029ec1af5b1a83ec523292c90ca74b129f525a5c85a6bd5d57db37829ae613e4,0.40171555794129216,0,273,1000,True
3.3.3,full_model,100,5,0.05,10000,numpy.random.default_rng,uniform,1200,12.0,0.049206380942286486,0.412332640143657,32.9,true,12,,True,cf25c9953adf26f363547dc292902f9dc92de856f0976a8f14771ce6eabc7457,0.3719765903851501,0,,1000,True
3.3.3,full_model,100,5,0.05,10001,numpy.random.default_rng,uniform,1200,12.0,0.048974775586470606,0.39155165460420766,32.5,true,12,,True,1f77bb0d2f9849bf469695836b2ef4df50e72c2e040635d00f29ffe4d8f990e4,0.43215778843709735,0,,1000,True
3.3.3,full_model,100,5,0.05,10002,numpy.random.default_rng,uniform,1210,12.1,0.049937801349561314,0.41628412455770225,39.9,true,12,,True,d6b74ec27001d0132e8ec26d83568c6d4ad6b68ebed7f5fcf03c8ba266b34356,0.3896165019314812,10,,1000,True
3.3.3,full_model,100,5,0.05,10003,numpy.random.default_rng,uniform,1200,12.0,0.04639653698633535,0.3956165570115365,33.4,true,12,,True,4cffed5b347198978fecf500a129b996c36a58578d60fadeb1baf4da951e9917,0.42695781649541803,0,,1000,True
3.3.3,full_model,100,5,0.05,10004,numpy.random.default_rng,uniform,1207,12.07,0.049770003745837,0.4205161099459989,33.0,true,12,,True,a01a898b7df3e3ea77ce22563a8e81daaa4e730215a35ee48af66dc191c70fe9,0.4056861825973417,7,,1000,True
3.3.3,full_model,100,5,0.05,10005,numpy.random.default_rng,uniform,1236,12.36,0.04922882314040177,0.41580481157705473,37.7,true,12,,True,a199e5a8fd66c314b28699c0a8e0b6bb4ba01dc0dcfaecd30862671909621166,0.4313068088810294,36,,1000,True
3.3.3,full_model,100,5,0.05,10006,numpy.random.default_rng,uniform,1225,12.25,0.049854816460365645,0.40983151114211885,36.3,true,12,,True,ba2f72cfbd7bb4d350aa9926f4031643abe31ee77bd4919a8535e9782c956261,0.4143992206340344,25,,1000,True
3.3.3,full_model,100,5,0.05,10007,numpy.random.default_rng,uniform,1214,12.14,0.049666299897004114,0.4141112839569063,35.5,true,12,,True,600936d91f71f59f33b2dd55ebc1c4c85582d7522e8e7026a15ce5fcbdab7f53,0.38910963043872404,14,,1000,True
3.3.3,full_model,100,5,0.05,10008,numpy.random.default_rng,uniform,1238,12.38,0.04993829009683507,0.42734530004396276,37.9,true,12,,True,599419fb950153ea31a8cbd3b639a0ef1f93fc8c8ed5e40ab887eae28c5b19a8,0.39366340529636346,38,,1000,True
3.3.3,full_model,100,5,0.05,10009,numpy.random.default_rng,uniform,1223,12.23,0.04965814874930814,0.41293030866252406,38.5,true,12,,True,5a41b2eece5ad56283e1a0730a4033655e6103a915ee2fda87fc726efc9550b7,0.3932555073101643,23,,1000,True
3.3.3,full_model,100,5,0.05,10010,numpy.random.default_rng,uniform,1268,12.68,0.049394224562692615,0.4185305010599343,33.6,true,12,,True,0bc6885df922028bc0544a733c2fc7a49e6f6deea4e976cfa65509e026672941,0.4415422504634192,68,,1000,True
3.3.3,full_model,100,5,0.05,10011,numpy.random.default_rng,uniform,1200,12.0,0.04828384761673944,0.4235408487406511,35.3,true,12,,True,27a82b744750c11044598d91a65af2a42a74f626b79c997f06a78ec9c37059d6,0.3829700784238191,0,,1000,True
3.3.3,full_model,100,5,0.05,10012,numpy.random.default_rng,uniform,1200,12.0,0.04389783976808183,0.3856521347698611,30.5,true,12,,True,f8b38cc03a7fee65191fd7ad815ba5ecf32fae9ff4c2cf4468471c830818f0ce,0.4116747709551704,0,,1000,True
3.3.3,full_model,100,5,0.05,10013,numpy.random.default_rng,uniform,1211,12.11,0.049973524744948386,0.41218299504569333,33.8,true,12,,True,5bb5f15d40ac4560042fdcc8ab406da1638f80ba62822bc54818aab3642fbe2f,0.44268251091042915,11,,1000,True
3.3.3,full_model,100,5,0.05,10014,numpy.random.default_rng,uniform,1201,12.01,0.04979266917573552,0.3972472640054679,36.6,true,12,,True,a424ed65debd98c6e4f5cce1c0755edb44c40232ef609e5049244742918d274d,0.42357334464463153,1,,1000,True
3.3.3,full_model,100,5,0.05,10015,numpy.random.default_rng,uniform,1223,12.23,0.04981250216800222,0.41721109290854,35.8,true,12,,True,298843e731d109666cebf540fffa4ef120df21e7cf55e7034d3d7ce046298b37,0.4103379425305337,23,,1000,True
3.3.3,full_model,100,5,0.05,10016,numpy.random.default_rng,uniform,1233,12.33,0.049985463749626584,0.41120287509991843,34.4,true,12,,True,af0afe247825f19259f548b7621be62d265cf931216e2938dde2c572e576d4ee,0.4277319552528362,33,,1000,True
3.3.3,full_model,100,5,0.05,10017,numpy.random.default_rng,uniform,1200,12.0,0.04880827877696815,0.4248991070709967,37.5,true,12,,True,02848b0c85ac8a325707be4d783b10621fdbb5bd908ae071b69a605befcf10f1,0.3973985788693863,0,,1000,True
3.3.3,full_model,100,5,0.05,10018,numpy.random.default_rng,uniform,1264,12.64,0.0499131328201809,0.42023633799028925,36.2,true,12,,True,99132cb3b6a5470c4341191a7dcf53d2efaff838c0f979eff8127ac883aa9107,0.4238389550979674,64,,1000,True
3.3.3,full_model,100,5,0.05,10019,numpy.random.default_rng,uniform,1200,12.0,0.04895768154592965,0.39997677267948917,31.8,true,12,,True,029ec1af5b1a83ec523292c90ca74b129f525a5c85a6bd5d57db37829ae613e4,0.40171555794129216,0,,1000,True
3.3.3,full_model,100,5,0.15,10000,numpy.random.default_rng,uniform,600,6.0,0.029255380563278352,0.3017675278287486,43.8,true,6,,True,cf25c9953adf26f363547dc292902f9dc92de856f0976a8f14771ce6eabc7457,0.3719765903851501,0,,1000,True
3.3.3,full_model,100,5,0.15,10001,numpy.random.default_rng,uniform,700,7.0,0.016396647361207838,0.32116072998770007,40.5,true,7,,True,1f77bb0d2f9849bf469695836b2ef4df50e72c2e040635d00f29ffe4d8f990e4,0.43215778843709735,0,,1000,True
3.3.3,full_model,100,5,0.15,10002,numpy.random.default_rng,uniform,700,7.0,0.029492926565400902,0.3509841448727519,42.9,true,7,,True,d6b74ec27001d0132e8ec26d83568c6d4ad6b68ebed7f5fcf03c8ba266b34356,0.3896165019314812,0,,1000,True
3.3.3,full_model,100,5,0.15,10003,numpy.random.default_rng,uniform,800,8.0,0.04001495130924841,0.36064018590408337,41.0,true,8,,True,4cffed5b347198978fecf500a129b996c36a58578d60fadeb1baf4da951e9917,0.42695781649541803,0,,1000,True
3.3.3,full_model,100,5,0.15,10004,numpy.random.default_rng,uniform,800,8.0,0.046390798500445495,0.37000856563339957,45.1,true,8,,True,a01a898b7df3e3ea77ce22563a8e81daaa4e730215a35ee48af66dc191c70fe9,0.4056861825973417,0,,1000,True
3.3.3,full_model,100,5,0.15,10005,numpy.random.default_rng,uniform,869,8.69,0.04967779809411765,0.38918009648823976,41.1,true,8,,True,a199e5a8fd66c314b28699c0a8e0b6bb4ba01dc0dcfaecd30862671909621166,0.4313068088810294,69,,1000,True
3.3.3,full_model,100,5,0.15,10006,numpy.random.default_rng,uniform,801,8.01,0.04948571357294617,0.3650173331114822,46.0,true,8,,True,ba2f72cfbd7bb4d350aa9926f4031643abe31ee77bd4919a8535e9782c956261,0.4143992206340344,1,,1000,True
3.3.3,full_model,100,5,0.15,10007,numpy.random.default_rng,uniform,500,5.0,0.04371333364086637,0.23953258464919605,40.3,true,5,,True,600936d91f71f59f33b2dd55ebc1c4c85582d7522e8e7026a15ce5fcbdab7f53,0.38910963043872404,0,,1000,True
3.3.3,full_model,100,5,0.15,10008,numpy.random.default_rng,uniform,600,6.0,0.03531968630694271,0.28348232122083017,43.2,true,6,,True,599419fb950153ea31a8cbd3b639a0ef1f93fc8c8ed5e40ab887eae28c5b19a8,0.39366340529636346,0,,1000,True
3.3.3,full_model,100,5,0.15,10009,numpy.random.default_rng,uniform,731,7.31,0.04998802295723016,0.35982458429251446,39.3,true,7,,True,5a41b2eece5ad56283e1a0730a4033655e6103a915ee2fda87fc726efc9550b7,0.3932555073101643,31,,1000,True
3.3.3,full_model,100,5,0.15,10010,numpy.random.default_rng,uniform,900,9.0,0.0462789598993214,0.40875699384466724,41.3,true,9,,True,0bc6885df922028bc0544a733c2fc7a49e6f6deea4e976cfa65509e026672941,0.4415422504634192,0,,1000,True
3.3.3,full_model,100,5,0.15,10011,numpy.random.default_rng,uniform,800,8.0,0.04746165275770804,0.3828219716880169,43.7,true,8,,True,27a82b744750c11044598d91a65af2a42a74f626b79c997f06a78ec9c37059d6,0.3829700784238191,0,,1000,True
3.3.3,full_model,100,5,0.15,10012,numpy.random.default_rng,uniform,800,8.0,0.045463116334159205,0.3736843811493999,42.6,true,8,,True,f8b38cc03a7fee65191fd7ad815ba5ecf32fae9ff4c2cf4468471c830818f0ce,0.4116747709551704,0,,1000,True
3.3.3,full_model,100,5,0.15,10013,numpy.random.default_rng,uniform,800,8.0,0.021055375662790164,0.3695034065087807,40.2,true,8,,True,5bb5f15d40ac4560042fdcc8ab406da1638f80ba62822bc54818aab3642fbe2f,0.44268251091042915,0,,1000,True
3.3.3,full_model,100,5,0.15,10014,numpy.random.default_rng,uniform,800,8.0,0.007015641524316081,0.359718332114341,47.6,true,8,,True,a424ed65debd98c6e4f5cce1c0755edb44c40232ef609e5049244742918d274d,0.42357334464463153,0,,1000,True
3.3.3,full_model,100,5,0.15,10015,numpy.random.default_rng,uniform,795,7.95,0.04993524018134468,0.37232396805925555,39.7,true,7,,True,298843e731d109666cebf540fffa4ef120df21e7cf55e7034d3d7ce046298b37,0.4103379425305337,95,,1000,True
3.3.3,full_model,100,5,0.15,10016,numpy.random.default_rng,uniform,700,7.0,0.026611775365306917,0.3412645989260128,41.9,true,7,,True,af0afe247825f19259f548b7621be62d265cf931216e2938dde2c572e576d4ee,0.4277319552528362,0,,1000,True
3.3.3,full_model,100,5,0.15,10017,numpy.random.default_rng,uniform,700,7.0,0.03514481413614069,0.3225639034260183,43.7,true,7,,True,02848b0c85ac8a325707be4d783b10621fdbb5bd908ae071b69a605befcf10f1,0.3973985788693863,0,,1000,True
3.3.3,full_model,100,5,0.15,10018,numpy.random.default_rng,uniform,800,8.0,0.03952356459419419,0.38297186404793265,47.9,true,8,,True,99132cb3b6a5470c4341191a7dcf53d2efaff838c0f979eff8127ac883aa9107,0.4238389550979674,0,,1000,True
3.3.3,full_model,100,5,0.15,10019,numpy.random.default_rng,uniform,800,8.0,0.025970680163221134,0.38010105838074754,44.9,true,8,,True,029ec1af5b1a83ec523292c90ca74b129f525a5c85a6bd5d57db37829ae613e4,0.40171555794129216,0,,1000,True
3.3.3,full_model,100,5,0.25,10000,numpy.random.default_rng,uniform,200,2.0,0.0013969508501977602,0.10041267127498646,41.6,true,2,,True,cf25c9953adf26f363547dc292902f9dc92de856f0976a8f14771ce6eabc7457,0.3719765903851501,0,,1000,True
3.3.3,full_model,100,5,0.25,10001,numpy.random.default_rng,uniform,200,2.0,0.006416319096242943,0.10431605211678828,34.0,true,2,,True,1f77bb0d2f9849bf469695836b2ef4df50e72c2e040635d00f29ffe4d8f990e4,0.43215778843709735,0,,1000,True
3.3.3,full_model,100,5,0.25,10002,numpy.random.default_rng,uniform,200,2.0,0.0028144320275097947,0.09820352195053524,44.4,true,2,,True,d6b74ec27001d0132e8ec26d83568c6d4ad6b68ebed7f5fcf03c8ba266b34356,0.3896165019314812,0,,1000,True
3.3.3,full_model,100,5,0.25,10003,numpy.random.default_rng,uniform,200,2.0,0.0037880943073815374,0.10249573117351189,37.0,true,2,,True,4cffed5b347198978fecf500a129b996c36a58578d60fadeb1baf4da951e9917,0.42695781649541803,0,,1000,True
3.3.3,full_model,100,5,0.25,10004,numpy.random.default_rng,uniform,200,2.0,0.0018522691202394307,0.09531046892342798,41.1,true,2,,True,a01a898b7df3e3ea77ce22563a8e81daaa4e730215a35ee48af66dc191c70fe9,0.4056861825973417,0,,1000,True
3.3.3,full_model,100,5,0.25,10005,numpy.random.default_rng,uniform,200,2.0,0.009264836057366667,0.10177147941169622,34.5,true,2,,True,a199e5a8fd66c314b28699c0a8e0b6bb4ba01dc0dcfaecd30862671909621166,0.4313068088810294,0,,1000,True
3.3.3,full_model,100,5,0.25,10006,numpy.random.default_rng,uniform,200,2.0,0.007457312337473177,0.10382381147952056,39.1,true,2,,True,ba2f72cfbd7bb4d350aa9926f4031643abe31ee77bd4919a8535e9782c956261,0.4143992206340344,0,,1000,True
3.3.3,full_model,100,5,0.25,10007,numpy.random.default_rng,uniform,200,2.0,0.0019930895625992844,0.09849987793320962,43.0,true,2,,True,600936d91f71f59f33b2dd55ebc1c4c85582d7522e8e7026a15ce5fcbdab7f53,0.38910963043872404,0,,1000,True
3.3.3,full_model,100,5,0.25,10008,numpy.random.default_rng,uniform,200,2.0,0.0031925482734560936,0.09778080263654702,44.6,true,2,,True,599419fb950153ea31a8cbd3b639a0ef1f93fc8c8ed5e40ab887eae28c5b19a8,0.39366340529636346,0,,1000,True
3.3.3,full_model,100,5,0.25,10009,numpy.random.default_rng,uniform,200,2.0,0.006283454329530484,0.10410680362753835,40.2,true,2,,True,5a41b2eece5ad56283e1a0730a4033655e6103a915ee2fda87fc726efc9550b7,0.3932555073101643,0,,1000,True
3.3.3,full_model,100,5,0.25,10010,numpy.random.default_rng,uniform,200,2.0,0.007990880130227435,0.10398378411217835,38.3,true,2,,True,0bc6885df922028bc0544a733c2fc7a49e6f6deea4e976cfa65509e026672941,0.4415422504634192,0,,1000,True
3.3.3,full_model,100,5,0.25,10011,numpy.random.default_rng,uniform,200,2.0,0.0023848972712577528,0.09757849320469933,40.0,true,2,,True,27a82b744750c11044598d91a65af2a42a74f626b79c997f06a78ec9c37059d6,0.3829700784238191,0,,1000,True
3.3.3,full_model,100,5,0.25,10012,numpy.random.default_rng,uniform,200,2.0,0.004243230327699038,0.10563860444712703,35.7,true,2,,True,f8b38cc03a7fee65191fd7ad815ba5ecf32fae9ff4c2cf4468471c830818f0ce,0.4116747709551704,0,,1000,True
3.3.3,full_model,100,5,0.25,10013,numpy.random.default_rng,uniform,200,2.0,0.010081171243014025,0.0988653538576312,35.4,true,2,,True,5bb5f15d40ac4560042fdcc8ab406da1638f80ba62822bc54818aab3642fbe2f,0.44268251091042915,0,,1000,True
3.3.3,full_model,100,5,0.25,10014,numpy.random.default_rng,uniform,200,2.0,0.006354441130506989,0.09974045075411404,37.0,true,2,,True,a424ed65debd98c6e4f5cce1c0755edb44c40232ef609e5049244742918d274d,0.42357334464463153,0,,1000,True
3.3.3,full_model,100,5,0.25,10015,numpy.random.default_rng,uniform,200,2.0,0.007075429794141309,0.09986092709706386,37.5,true,2,,True,298843e731d109666cebf540fffa4ef120df21e7cf55e7034d3d7ce046298b37,0.4103379425305337,0,,1000,True
3.3.3,full_model,100,5,0.25,10016,numpy.random.default_rng,uniform,200,2.0,0.0049181101606245,0.09653413651765659,40.7,true,2,,True,af0afe247825f19259f548b7621be62d265cf931216e2938dde2c572e576d4ee,0.4277319552528362,0,,1000,True
3.3.3,full_model,100,5,0.25,10017,numpy.random.default_rng,uniform,200,2.0,0.0030978559939699567,0.09386568064461344,41.5,true,2,,True,02848b0c85ac8a325707be4d783b10621fdbb5bd908ae071b69a605befcf10f1,0.3973985788693863,0,,1000,True
3.3.3,full_model,100,5,0.25,10018,numpy.random.default_rng,uniform,200,2.0,0.0043277342018582495,0.09954094829013384,34.5,true,2,,True,99132cb3b6a5470c4341191a7dcf53d2efaff838c0f979eff8127ac883aa9107,0.4238389550979674,0,,1000,True
3.3.3,full_model,100,5,0.25,10019,numpy.random.default_rng,uniform,200,2.0,0.0033726503158067974,0.10578457085632587,34.2,true,2,,True,029ec1af5b1a83ec523292c90ca74b129f525a5c85a6bd5d57db37829ae613e4,0.40171555794129216,0,,1000,True
3.3.3,hk,100,5,0.05,10000,numpy.random.default_rng,uniform,0,200.0,0.37185821422986975,4.965068306494546e-17,0.1,false,200,variance_above_threshold;max_rounds_reached,True,cf25c9953adf26f363547dc292902f9dc92de856f0976a8f14771ce6eabc7457,0.3719765903851501,0,1,1000,False
3.3.3,hk,100,5,0.05,10001,numpy.random.default_rng,uniform,0,200.0,0.43215778843709735,0.0,0.0,false,200,variance_above_threshold;max_rounds_reached,True,1f77bb0d2f9849bf469695836b2ef4df50e72c2e040635d00f29ffe4d8f990e4,0.43215778843709735,0,0,1000,False
3.3.3,hk,100,5,0.05,10002,numpy.random.default_rng,uniform,0,200.0,0.3896165019314812,0.0,0.0,false,200,variance_above_threshold;max_rounds_reached,True,d6b74ec27001d0132e8ec26d83568c6d4ad6b68ebed7f5fcf03c8ba266b34356,0.3896165019314812,0,0,1000,False
3.3.3,hk,100,5,0.05,10003,numpy.random.default_rng,uniform,0,200.0,0.42684631465370637,0.0,0.1,false,200,variance_above_threshold;max_rounds_reached,True,4cffed5b347198978fecf500a129b996c36a58578d60fadeb1baf4da951e9917,0.42695781649541803,0,1,1000,False
3.3.3,hk,100,5,0.05,10004,numpy.random.default_rng,uniform,0,200.0,0.4055539090778142,8.950904182623619e-17,0.0,false,200,variance_above_threshold;max_rounds_reached,True,a01a898b7df3e3ea77ce22563a8e81daaa4e730215a35ee48af66dc191c70fe9,0.4056861825973417,0,0,1000,False
3.3.3,hk,100,5,0.05,10005,numpy.random.default_rng,uniform,0,200.0,0.43121677457400603,2.482534153247273e-17,0.1,false,200,variance_above_threshold;max_rounds_reached,True,a199e5a8fd66c314b28699c0a8e0b6bb4ba01dc0dcfaecd30862671909621166,0.4313068088810294,0,1,1000,False
3.3.3,hk,100,5,0.05,10006,numpy.random.default_rng,uniform,0,200.0,0.4143992206340344,0.0,0.0,false,200,variance_above_threshold;max_rounds_reached,True,ba2f72cfbd7bb4d350aa9926f4031643abe31ee77bd4919a8535e9782c956261,0.4143992206340344,0,0,1000,False
3.3.3,hk,100,5,0.05,10007,numpy.random.default_rng,uniform,0,200.0,0.38910963043872404,0.0,0.0,false,200,variance_above_threshold;max_rounds_reached,True,600936d91f71f59f33b2dd55ebc1c4c85582d7522e8e7026a15ce5fcbdab7f53,0.38910963043872404,0,0,1000,False
3.3.3,hk,100,5,0.05,10008,numpy.random.default_rng,uniform,0,200.0,0.393622210138319,0.0,0.0,false,200,variance_above_threshold;max_rounds_reached,True,599419fb950153ea31a8cbd3b639a0ef1f93fc8c8ed5e40ab887eae28c5b19a8,0.39366340529636346,0,0,1000,False
3.3.3,hk,100,5,0.05,10009,numpy.random.default_rng,uniform,0,200.0,0.39318926534173937,9.930136612989092e-17,0.1,false,200,variance_above_threshold;max_rounds_reached,True,5a41b2eece5ad56283e1a0730a4033655e6103a915ee2fda87fc726efc9550b7,0.3932555073101643,0,1,1000,False
3.3.3,hk,100,5,0.05,10010,numpy.random.default_rng,uniform,0,200.0,0.4415422504634192,0.0,0.0,false,200,variance_above_threshold;max_rounds_reached,True,0bc6885df922028bc0544a733c2fc7a49e6f6deea4e976cfa65509e026672941,0.4415422504634192,0,0,1000,False
3.3.3,hk,100,5,0.05,10011,numpy.random.default_rng,uniform,0,200.0,0.3829306230810942,7.021666937153402e-17,0.0,false,200,variance_above_threshold;max_rounds_reached,True,27a82b744750c11044598d91a65af2a42a74f626b79c997f06a78ec9c37059d6,0.3829700784238191,0,0,1000,False
3.3.3,hk,100,5,0.05,10012,numpy.random.default_rng,uniform,0,200.0,0.41135862846569893,8.599750569898515e-17,0.3,false,200,variance_above_threshold;max_rounds_reached,True,f8b38cc03a7fee65191fd7ad815ba5ecf32fae9ff4c2cf4468471c830818f0ce,0.4116747709551704,0,3,1000,False
3.3.3,hk,100,5,0.05,10013,numpy.random.default_rng,uniform,0,200.0,0.44238063997635296,5.551115123125783e-17,0.0,false,200,variance_above_threshold;max_rounds_reached,True,5bb5f15d40ac4560042fdcc8ab406da1638f80ba62822bc54818aab3642fbe2f,0.44268251091042915,0,0,1000,False
3.3.3,hk,100,5,0.05,10014,numpy.random.default_rng,uniform,0,200.0,0.42344256496419896,0.0,0.3,false,200,variance_above_threshold;max_rounds_reached,True,a424ed65debd98c6e4f5cce1c0755edb44c40232ef609e5049244742918d274d,0.42357334464463153,0,3,1000,False
3.3.3,hk,100,5,0.05,10015,numpy.random.default_rng,uniform,0,200.0,0.4101316076220651,5.551115123125783e-17,0.2,false,200,variance_above_threshold;max_rounds_reached,True,298843e731d109666cebf540fffa4ef120df21e7cf55e7034d3d7ce046298b37,0.4103379425305337,0,2,1000,False
3.3.3,hk,100,5,0.05,10016,numpy.random.default_rng,uniform,0,200.0,0.4277319552528362,0.0,0.0,false,200,variance_above_threshold;max_rounds_reached,True,af0afe247825f19259f548b7621be62d265cf931216e2938dde2c572e576d4ee,0.4277319552528362,0,0,1000,False
3.3.3,hk,100,5,0.05,10017,numpy.random.default_rng,uniform,0,200.0,0.3973985788693863,0.0,0.0,false,200,variance_above_threshold;max_rounds_reached,True,02848b0c85ac8a325707be4d783b10621fdbb5bd908ae071b69a605befcf10f1,0.3973985788693863,0,0,1000,False
3.3.3,hk,100,5,0.05,10018,numpy.random.default_rng,uniform,0,200.0,0.42378230689550545,1.2658490090568384e-16,0.3,false,200,variance_above_threshold;max_rounds_reached,True,99132cb3b6a5470c4341191a7dcf53d2efaff838c0f979eff8127ac883aa9107,0.4238389550979674,0,3,1000,False
3.3.3,hk,100,5,0.05,10019,numpy.random.default_rng,uniform,0,200.0,0.40162275000332026,7.447602459741819e-17,0.0,false,200,variance_above_threshold;max_rounds_reached,True,029ec1af5b1a83ec523292c90ca74b129f525a5c85a6bd5d57db37829ae613e4,0.40171555794129216,0,0,1000,False
3.3.3,hk,100,5,0.15,10000,numpy.random.default_rng,uniform,0,6.0,0.0455247370580509,0.017107244330323172,38.6,true,6,,True,cf25c9953adf26f363547dc292902f9dc92de856f0976a8f14771ce6eabc7457,0.3719765903851501,0,386,1000,True
3.3.3,hk,100,5,0.15,10001,numpy.random.default_rng,uniform,0,200.0,0.18603609594320916,0.013363352875954828,27.4,false,200,variance_above_threshold;max_rounds_reached,True,1f77bb0d2f9849bf469695836b2ef4df50e72c2e040635d00f29ffe4d8f990e4,0.43215778843709735,0,274,1000,False
3.3.3,hk,100,5,0.15,10002,numpy.random.default_rng,uniform,0,200.0,0.10439658931461722,0.005047247464122716,33.0,false,200,variance_above_threshold;max_rounds_reached,True,d6b74ec27001d0132e8ec26d83568c6d4ad6b68ebed7f5fcf03c8ba266b34356,0.3896165019314812,0,330,1000,False
3.3.3,hk,100,5,0.15,10003,numpy.random.default_rng,uniform,0,200.0,0.27057580555982536,0.004359319765115376,18.6,false,200,variance_above_threshold;max_rounds_reached,True,4cffed5b347198978fecf500a129b996c36a58578d60fadeb1baf4da951e9917,0.42695781649541803,0,186,1000,False
3.3.3,hk,100,5,0.15,10004,numpy.random.default_rng,uniform,0,200.0,0.10857324562733744,0.006399921454021079,36.5,false,200,variance_above_threshold;max_rounds_reached,True,a01a898b7df3e3ea77ce22563a8e81daaa4e730215a35ee48af66dc191c70fe9,0.4056861825973417,0,365,1000,False
3.3.3,hk,100,5,0.15,10005,numpy.random.default_rng,uniform,0,200.0,0.23860371591335844,0.007619853216437056,21.2,false,200,variance_above_threshold;max_rounds_reached,True,a199e5a8fd66c314b28699c0a8e0b6bb4ba01dc0dcfaecd30862671909621166,0.4313068088810294,0,212,1000,False
3.3.3,hk,100,5,0.15,10006,numpy.random.default_rng,uniform,0,200.0,0.19576555789222586,0.00925285203689562,25.2,false,200,variance_above_threshold;max_rounds_reached,True,ba2f72cfbd7bb4d350aa9926f4031643abe31ee77bd4919a8535e9782c956261,0.4143992206340344,0,252,1000,False
3.3.3,hk,100,5,0.15,10007,numpy.random.default_rng,uniform,0,200.0,0.059977203615130606,0.01617330306061571,38.9,false,200,variance_above_threshold;max_rounds_reached,True,600936d91f71f59f33b2dd55ebc1c4c85582d7522e8e7026a15ce5fcbdab7f53,0.38910963043872404,0,389,1000,False
3.3.3,hk,100,5,0.15,10008,numpy.random.default_rng,uniform,0,200.0,0.06821610177712391,0.017896363102895805,37.9,false,200,variance_above_threshold;max_rounds_reached,True,599419fb950153ea31a8cbd3b639a0ef1f93fc8c8ed5e40ab887eae28c5b19a8,0.39366340529636346,0,379,1000,False
3.3.3,hk,100,5,0.15,10009,numpy.random.default_rng,uniform,0,200.0,0.10323511645888371,0.020705321815368025,28.6,false,200,variance_above_threshold;max_rounds_reached,True,5a41b2eece5ad56283e1a0730a4033655e6103a915ee2fda87fc726efc9550b7,0.3932555073101643,0,286,1000,False
3.3.3,hk,100,5,0.15,10010,numpy.random.default_rng,uniform,0,200.0,0.1924921799686788,0.013308915034601803,27.3,false,200,variance_above_threshold;max_rounds_reached,True,0bc6885df922028bc0544a733c2fc7a49e6f6deea4e976cfa65509e026672941,0.4415422504634192,0,273,1000,False
3.3.3,hk,100,5,0.15,10011,numpy.random.default_rng,uniform,0,200.0,0.051959227379983375,0.011838843331669395,43.7,false,200,variance_above_threshold;max_rounds_reached,True,27a82b744750c11044598d91a65af2a42a74f626b79c997f06a78ec9c37059d6,0.3829700784238191,0,437,1000,False
3.3.3,hk,100,5,0.15,10012,numpy.random.default_rng,uniform,0,200.0,0.14712347219900673,0.01460813184422192,29.8,false,200,variance_above_threshold;max_rounds_reached,True,f8b38cc03a7fee65191fd7ad815ba5ecf32fae9ff4c2cf4468471c830818f0ce,0.4116747709551704,0,298,1000,False
3.3.3,hk,100,5,0.15,10013,numpy.random.default_rng,uniform,0,200.0,0.18345904416394074,0.005710876795072473,26.2,false,200,variance_above_threshold;max_rounds_reached,True,5bb5f15d40ac4560042fdcc8ab406da1638f80ba62822bc54818aab3642fbe2f,0.44268251091042915,0,262,1000,False
3.3.3,hk,100,5,0.15,10014,numpy.random.default_rng,uniform,0,200.0,0.18548003712076638,0.007524899958786839,24.7,false,200,variance_above_threshold;max_rounds_reached,True,a424ed65debd98c6e4f5cce1c0755edb44c40232ef609e5049244742918d274d,0.42357334464463153,0,247,1000,False
3.3.3,hk,100,5,0.15,10015,numpy.random.default_rng,uniform,0,200.0,0.06765849094810097,0.01689435192409383,42.7,false,200,variance_above_threshold;max_rounds_reached,True,298843e731d109666cebf540fffa4ef120df21e7cf55e7034d3d7ce046298b37,0.4103379425305337,0,427,1000,False
3.3.3,hk,100,5,0.15,10016,numpy.random.default_rng,uniform,0,200.0,0.12319125648175772,0.013955052659183632,37.3,false,200,variance_above_threshold;max_rounds_reached,True,af0afe247825f19259f548b7621be62d265cf931216e2938dde2c572e576d4ee,0.4277319552528362,0,373,1000,False
3.3.3,hk,100,5,0.15,10017,numpy.random.default_rng,uniform,0,200.0,0.1342274182206959,0.010026453072804833,32.8,false,200,variance_above_threshold;max_rounds_reached,True,02848b0c85ac8a325707be4d783b10621fdbb5bd908ae071b69a605befcf10f1,0.3973985788693863,0,328,1000,False
3.3.3,hk,100,5,0.15,10018,numpy.random.default_rng,uniform,0,200.0,0.07040717223665965,0.012533763618380033,39.7,false,200,variance_above_threshold;max_rounds_reached,True,99132cb3b6a5470c4341191a7dcf53d2efaff838c0f979eff8127ac883aa9107,0.4238389550979674,0,397,1000,False
3.3.3,hk,100,5,0.15,10019,numpy.random.default_rng,uniform,0,200.0,0.10663570948858149,0.008174814917920095,36.1,false,200,variance_above_threshold;max_rounds_reached,True,029ec1af5b1a83ec523292c90ca74b129f525a5c85a6bd5d57db37829ae613e4,0.40171555794129216,0,361,1000,False
3.3.3,hk,100,5,0.25,10000,numpy.random.default_rng,uniform,0,2.0,0.0017797881700825275,0.006997881846110912,38.7,true,2,,True,cf25c9953adf26f363547dc292902f9dc92de856f0976a8f14771ce6eabc7457,0.3719765903851501,0,387,1000,True
3.3.3,hk,100,5,0.25,10001,numpy.random.default_rng,uniform,0,2.0,0.009276571355056787,0.007274058284973779,30.0,true,2,,True,1f77bb0d2f9849bf469695836b2ef4df50e72c2e040635d00f29ffe4d8f990e4,0.43215778843709735,0,300,1000,True
3.3.3,hk,100,5,0.25,10002,numpy.random.default_rng,uniform,0,2.0,0.004370590361732674,0.0047129877441354886,35.5,true,2,,True,d6b74ec27001d0132e8ec26d83568c6d4ad6b68ebed7f5fcf03c8ba266b34356,0.3896165019314812,0,355,1000,True
3.3.3,hk,100,5,0.25,10003,numpy.random.default_rng,uniform,0,2.0,0.005760796658758474,0.0038930284972659972,28.4,true,2,,True,4cffed5b347198978fecf500a129b996c36a58578d60fadeb1baf4da951e9917,0.42695781649541803,0,284,1000,True
3.3.3,hk,100,5,0.25,10004,numpy.random.default_rng,uniform,0,2.0,0.0028148690694796198,0.010073752293723204,32.7,true,2,,True,a01a898b7df3e3ea77ce22563a8e81daaa4e730215a35ee48af66dc191c70fe9,0.4056861825973417,0,327,1000,True
3.3.3,hk,100,5,0.25,10005,numpy.random.default_rng,uniform,0,2.0,0.012567532761552612,0.006273127340859553,22.6,true,2,,True,a199e5a8fd66c314b28699c0a8e0b6bb4ba01dc0dcfaecd30862671909621166,0.4313068088810294,0,226,1000,True
3.3.3,hk,100,5,0.25,10006,numpy.random.default_rng,uniform,0,2.0,0.009129287370539588,0.009729059965791655,29.5,true,2,,True,ba2f72cfbd7bb4d350aa9926f4031643abe31ee77bd4919a8535e9782c956261,0.4143992206340344,0,295,1000,True
3.3.3,hk,100,5,0.25,10007,numpy.random.default_rng,uniform,0,2.0,0.002824529764415297,0.00902086600683684,32.6,true,2,,True,600936d91f71f59f33b2dd55ebc1c4c85582d7522e8e7026a15ce5fcbdab7f53,0.38910963043872404,0,326,1000,True
3.3.3,hk,100,5,0.25,10008,numpy.random.default_rng,uniform,0,2.0,0.004422933205761163,0.011117207475229799,36.7,true,2,,True,599419fb950153ea31a8cbd3b639a0ef1f93fc8c8ed5e40ab887eae28c5b19a8,0.39366340529636346,0,367,1000,True
3.3.3,hk,100,5,0.25,10009,numpy.random.default_rng,uniform,0,2.0,0.007039492095227024,0.01042437416874089,31.3,true,2,,True,5a41b2eece5ad56283e1a0730a4033655e6103a915ee2fda87fc726efc9550b7,0.3932555073101643,0,313,1000,True
3.3.3,hk,100,5,0.25,10010,numpy.random.default_rng,uniform,0,2.0,0.01005744018105542,0.010203668195767063,27.5,true,2,,True,0bc6885df922028bc0544a733c2fc7a49e6f6deea4e976cfa65509e026672941,0.4415422504634192,0,275,1000,True
3.3.3,hk,100,5,0.25,10011,numpy.random.default_rng,uniform,0,2.0,0.0031524093987071967,0.006953600605666457,32.5,true,2,,True,27a82b744750c11044598d91a65af2a42a74f626b79c997f06a78ec9c37059d6,0.3829700784238191,0,325,1000,True
3.3.3,hk,100,5,0.25,10012,numpy.random.default_rng,uniform,0,2.0,0.006189508681903513,0.010643767596964981,33.5,true,2,,True,f8b38cc03a7fee65191fd7ad815ba5ecf32fae9ff4c2cf4468471c830818f0ce,0.4116747709551704,0,335,1000,True
3.3.3,hk,100,5,0.25,10013,numpy.random.default_rng,uniform,0,2.0,0.01312209457701983,0.008819856474939079,22.2,true,2,,True,5bb5f15d40ac4560042fdcc8ab406da1638f80ba62822bc54818aab3642fbe2f,0.44268251091042915,0,222,1000,True
3.3.3,hk,100,5,0.25,10014,numpy.random.default_rng,uniform,0,2.0,0.008806967221056379,0.004015494964586484,27.0,true,2,,True,a424ed65debd98c6e4f5cce1c0755edb44c40232ef609e5049244742918d274d,0.42357334464463153,0,270,1000,True
3.3.3,hk,100,5,0.25,10015,numpy.random.default_rng,uniform,0,2.0,0.008450345449611218,0.009100447826552128,28.2,true,2,,True,298843e731d109666cebf540fffa4ef120df21e7cf55e7034d3d7ce046298b37,0.4103379425305337,0,282,1000,True
3.3.3,hk,100,5,0.25,10016,numpy.random.default_rng,uniform,0,2.0,0.006105890466532617,0.0059297702773561676,33.5,true,2,,True,af0afe247825f19259f548b7621be62d265cf931216e2938dde2c572e576d4ee,0.4277319552528362,0,335,1000,True
3.3.3,hk,100,5,0.25,10017,numpy.random.default_rng,uniform,0,2.0,0.00461455006725602,0.008422665296379436,31.6,true,2,,True,02848b0c85ac8a325707be4d783b10621fdbb5bd908ae071b69a605befcf10f1,0.3973985788693863,0,316,1000,True
3.3.3,hk,100,5,0.25,10018,numpy.random.default_rng,uniform,0,2.0,0.0053930433299763545,0.005602642637452753,24.6,true,2,,True,99132cb3b6a5470c4341191a7dcf53d2efaff838c0f979eff8127ac883aa9107,0.4238389550979674,0,246,1000,True
3.3.3,hk,100,5,0.25,10019,numpy.random.default_rng,uniform,0,2.0,0.0048680838086603145,0.009750966960065374,29.2,true,2,,True,029ec1af5b1a83ec523292c90ca74b129f525a5c85a6bd5d57db37829ae613e4,0.40171555794129216,0,292,1000,True
3.3.3,inertial,100,5,0.05,10000,numpy.random.default_rng,uniform,0,200.0,0.37185821422986975,4.965068306494546e-17,0.1,false,200,variance_above_threshold;max_rounds_reached,True,cf25c9953adf26f363547dc292902f9dc92de856f0976a8f14771ce6eabc7457,0.3719765903851501,0,1,1000,False
3.3.3,inertial,100,5,0.05,10001,numpy.random.default_rng,uniform,0,200.0,0.43215778843709735,0.0,0.0,false,200,variance_above_threshold;max_rounds_reached,True,1f77bb0d2f9849bf469695836b2ef4df50e72c2e040635d00f29ffe4d8f990e4,0.43215778843709735,0,0,1000,False
3.3.3,inertial,100,5,0.05,10002,numpy.random.default_rng,uniform,0,200.0,0.3896165019314812,0.0,0.0,false,200,variance_above_threshold;max_rounds_reached,True,d6b74ec27001d0132e8ec26d83568c6d4ad6b68ebed7f5fcf03c8ba266b34356,0.3896165019314812,0,0,1000,False
3.3.3,inertial,100,5,0.05,10003,numpy.random.default_rng,uniform,0,200.0,0.42684631465370637,0.0,0.1,false,200,variance_above_threshold;max_rounds_reached,True,4cffed5b347198978fecf500a129b996c36a58578d60fadeb1baf4da951e9917,0.42695781649541803,0,1,1000,False
3.3.3,inertial,100,5,0.05,10004,numpy.random.default_rng,uniform,0,200.0,0.4055539090778142,8.950904182623619e-17,0.0,false,200,variance_above_threshold;max_rounds_reached,True,a01a898b7df3e3ea77ce22563a8e81daaa4e730215a35ee48af66dc191c70fe9,0.4056861825973417,0,0,1000,False
3.3.3,inertial,100,5,0.05,10005,numpy.random.default_rng,uniform,0,200.0,0.43121677457400603,2.482534153247273e-17,0.1,false,200,variance_above_threshold;max_rounds_reached,True,a199e5a8fd66c314b28699c0a8e0b6bb4ba01dc0dcfaecd30862671909621166,0.4313068088810294,0,1,1000,False
3.3.3,inertial,100,5,0.05,10006,numpy.random.default_rng,uniform,0,200.0,0.4143992206340344,0.0,0.0,false,200,variance_above_threshold;max_rounds_reached,True,ba2f72cfbd7bb4d350aa9926f4031643abe31ee77bd4919a8535e9782c956261,0.4143992206340344,0,0,1000,False
3.3.3,inertial,100,5,0.05,10007,numpy.random.default_rng,uniform,0,200.0,0.38910963043872404,0.0,0.0,false,200,variance_above_threshold;max_rounds_reached,True,600936d91f71f59f33b2dd55ebc1c4c85582d7522e8e7026a15ce5fcbdab7f53,0.38910963043872404,0,0,1000,False
3.3.3,inertial,100,5,0.05,10008,numpy.random.default_rng,uniform,0,200.0,0.393622210138319,0.0,0.0,false,200,variance_above_threshold;max_rounds_reached,True,599419fb950153ea31a8cbd3b639a0ef1f93fc8c8ed5e40ab887eae28c5b19a8,0.39366340529636346,0,0,1000,False
3.3.3,inertial,100,5,0.05,10009,numpy.random.default_rng,uniform,0,200.0,0.39318926534173937,9.930136612989092e-17,0.1,false,200,variance_above_threshold;max_rounds_reached,True,5a41b2eece5ad56283e1a0730a4033655e6103a915ee2fda87fc726efc9550b7,0.3932555073101643,0,1,1000,False
3.3.3,inertial,100,5,0.05,10010,numpy.random.default_rng,uniform,0,200.0,0.4415422504634192,0.0,0.0,false,200,variance_above_threshold;max_rounds_reached,True,0bc6885df922028bc0544a733c2fc7a49e6f6deea4e976cfa65509e026672941,0.4415422504634192,0,0,1000,False
3.3.3,inertial,100,5,0.05,10011,numpy.random.default_rng,uniform,0,200.0,0.3829306230810942,7.021666937153402e-17,0.0,false,200,variance_above_threshold;max_rounds_reached,True,27a82b744750c11044598d91a65af2a42a74f626b79c997f06a78ec9c37059d6,0.3829700784238191,0,0,1000,False
3.3.3,inertial,100,5,0.05,10012,numpy.random.default_rng,uniform,0,200.0,0.41135862846569893,8.599750569898515e-17,0.3,false,200,variance_above_threshold;max_rounds_reached,True,f8b38cc03a7fee65191fd7ad815ba5ecf32fae9ff4c2cf4468471c830818f0ce,0.4116747709551704,0,3,1000,False
3.3.3,inertial,100,5,0.05,10013,numpy.random.default_rng,uniform,0,200.0,0.4422768127787584,7.178705261196598e-05,0.0,false,200,variance_above_threshold;max_rounds_reached,True,5bb5f15d40ac4560042fdcc8ab406da1638f80ba62822bc54818aab3642fbe2f,0.44268251091042915,0,0,1000,False
3.3.3,inertial,100,5,0.05,10014,numpy.random.default_rng,uniform,0,200.0,0.42344256496419896,0.0,0.3,false,200,variance_above_threshold;max_rounds_reached,True,a424ed65debd98c6e4f5cce1c0755edb44c40232ef609e5049244742918d274d,0.42357334464463153,0,3,1000,False
3.3.3,inertial,100,5,0.05,10015,numpy.random.default_rng,uniform,0,200.0,0.4101316076220651,5.551115123125783e-17,0.2,false,200,variance_above_threshold;max_rounds_reached,True,298843e731d109666cebf540fffa4ef120df21e7cf55e7034d3d7ce046298b37,0.4103379425305337,0,2,1000,False
3.3.3,inertial,100,5,0.05,10016,numpy.random.default_rng,uniform,0,200.0,0.4277319552528362,0.0,0.0,false,200,variance_above_threshold;max_rounds_reached,True,af0afe247825f19259f548b7621be62d265cf931216e2938dde2c572e576d4ee,0.4277319552528362,0,0,1000,False
3.3.3,inertial,100,5,0.05,10017,numpy.random.default_rng,uniform,0,200.0,0.3973985788693863,0.0,0.0,false,200,variance_above_threshold;max_rounds_reached,True,02848b0c85ac8a325707be4d783b10621fdbb5bd908ae071b69a605befcf10f1,0.3973985788693863,0,0,1000,False
3.3.3,inertial,100,5,0.05,10018,numpy.random.default_rng,uniform,0,200.0,0.42378230689550545,1.2658490090568384e-16,0.3,false,200,variance_above_threshold;max_rounds_reached,True,99132cb3b6a5470c4341191a7dcf53d2efaff838c0f979eff8127ac883aa9107,0.4238389550979674,0,3,1000,False
3.3.3,inertial,100,5,0.05,10019,numpy.random.default_rng,uniform,0,200.0,0.40162275000332026,7.447602459741819e-17,0.0,false,200,variance_above_threshold;max_rounds_reached,True,029ec1af5b1a83ec523292c90ca74b129f525a5c85a6bd5d57db37829ae613e4,0.40171555794129216,0,0,1000,False
3.3.3,inertial,100,5,0.15,10000,numpy.random.default_rng,uniform,0,12.0,0.04585170442019942,0.01724119512816935,37.0,true,12,,True,cf25c9953adf26f363547dc292902f9dc92de856f0976a8f14771ce6eabc7457,0.3719765903851501,0,370,1000,True
3.3.3,inertial,100,5,0.15,10001,numpy.random.default_rng,uniform,0,200.0,0.11974514434274315,0.010472957479252127,29.5,false,200,variance_above_threshold;max_rounds_reached,True,1f77bb0d2f9849bf469695836b2ef4df50e72c2e040635d00f29ffe4d8f990e4,0.43215778843709735,0,295,1000,False
3.3.3,inertial,100,5,0.15,10002,numpy.random.default_rng,uniform,0,200.0,0.12867950362839875,0.00606321398624431,29.0,false,200,variance_above_threshold;max_rounds_reached,True,d6b74ec27001d0132e8ec26d83568c6d4ad6b68ebed7f5fcf03c8ba266b34356,0.3896165019314812,0,290,1000,False
3.3.3,inertial,100,5,0.15,10003,numpy.random.default_rng,uniform,0,200.0,0.26976068203943576,0.003409793529249935,19.9,false,200,variance_above_threshold;max_rounds_reached,True,4cffed5b347198978fecf500a129b996c36a58578d60fadeb1baf4da951e9917,0.42695781649541803,0,199,1000,False
3.3.3,inertial,100,5,0.15,10004,numpy.random.default_rng,uniform,0,200.0,0.1052310165676818,0.0053869859214173,36.9,false,200,variance_above_threshold;max_rounds_reached,True,a01a898b7df3e3ea77ce22563a8e81daaa4e730215a35ee48af66dc191c70fe9,0.4056861825973417,0,369,1000,False
3.3.3,inertial,100,5,0.15,10005,numpy.random.default_rng,uniform,0,200.0,0.22651581211159913,0.009246826954264396,23.9,false,200,variance_above_threshold;max_rounds_reached,True,a199e5a8fd66c314b28699c0a8e0b6bb4ba01dc0dcfaecd30862671909621166,0.4313068088810294,0,239,1000,False
3.3.3,inertial,100,5,0.15,10006,numpy.random.default_rng,uniform,0,200.0,0.1227378710947111,0.013362567666414917,33.5,false,200,variance_above_threshold;max_rounds_reached,True,ba2f72cfbd7bb4d350aa9926f4031643abe31ee77bd4919a8535e9782c956261,0.4143992206340344,0,335,1000,False
3.3.3,inertial,100,5,0.15,10007,numpy.random.default_rng,uniform,0,13.0,0.047515729961456185,0.01725768092987513,37.8,true,13,,True,600936d91f71f59f33b2dd55ebc1c4c85582d7522e8e7026a15ce5fcbdab7f53,0.38910963043872404,0,378,1000,True
3.3.3,inertial,100,5,0.15,10008,numpy.random.default_rng,uniform,0,200.0,0.06534083413246358,0.01631630535122947,38.1,false,200,variance_above_threshold;max_rounds_reached,True,599419fb950153ea31a8cbd3b639a0ef1f93fc8c8ed5e40ab887eae28c5b19a8,0.39366340529636346,0,381,1000,False
3.3.3,inertial,100,5,0.15,10009,numpy.random.default_rng,uniform,0,18.0,0.047984776783313754,0.018621477664970156,34.1,true,18,,True,5a41b2eece5ad56283e1a0730a4033655e6103a915ee2fda87fc726efc9550b7,0.3932555073101643,0,341,1000,True
3.3.3,inertial,100,5,0.15,10010,numpy.random.default_rng,uniform,0,200.0,0.14108847794206192,0.015432406172350852,34.0,false,200,variance_above_threshold;max_rounds_reached,True,0bc6885df922028bc0544a733c2fc7a49e6f6deea4e976cfa65509e026672941,0.4415422504634192,0,340,1000,False
3.3.3,inertial,100,5,0.15,10011,numpy.random.default_rng,uniform,0,200.0,0.11857571051449187,0.006933114411777679,31.5,false,200,variance_above_threshold;max_rounds_reached,True,27a82b744750c11044598d91a65af2a42a74f626b79c997f06a78ec9c37059d6,0.3829700784238191,0,315,1000,False
3.3.3,inertial,100,5,0.15,10012,numpy.random.default_rng,uniform,0,200.0,0.16651562140616843,0.013367418756580873,28.8,false,200,variance_above_threshold;max_rounds_reached,True,f8b38cc03a7fee65191fd7ad815ba5ecf32fae9ff4c2cf4468471c830818f0ce,0.4116747709551704,0,288,1000,False
3.3.3,inertial,100,5,0.15,10013,numpy.random.default_rng,uniform,0,200.0,0.2194200068310896,0.004277778321430376,21.5,false,200,variance_above_threshold;max_rounds_reached,True,5bb5f15d40ac4560042fdcc8ab406da1638f80ba62822bc54818aab3642fbe2f,0.44268251091042915,0,215,1000,False
3.3.3,inertial,100,5,0.15,10014,numpy.random.default_rng,uniform,0,200.0,0.19530291480858,0.004404817626532806,22.1,false,200,variance_above_threshold;max_rounds_reached,True,a424ed65debd98c6e4f5cce1c0755edb44c40232ef609e5049244742918d274d,0.42357334464463153,0,221,1000,False
3.3.3,inertial,100,5,0.15,10015,numpy.random.default_rng,uniform,0,200.0,0.14407990470188747,0.015427925635879754,28.3,false,200,variance_above_threshold;max_rounds_reached,True,298843e731d109666cebf540fffa4ef120df21e7cf55e7034d3d7ce046298b37,0.4103379425305337,0,283,1000,False
3.3.3,inertial,100,5,0.15,10016,numpy.random.default_rng,uniform,0,200.0,0.0902065990074147,0.01210686228774641,41.1,false,200,variance_above_threshold;max_rounds_reached,True,af0afe247825f19259f548b7621be62d265cf931216e2938dde2c572e576d4ee,0.4277319552528362,0,411,1000,False
3.3.3,inertial,100,5,0.15,10017,numpy.random.default_rng,uniform,0,200.0,0.13564369279024618,0.00847145368251536,33.9,false,200,variance_above_threshold;max_rounds_reached,True,02848b0c85ac8a325707be4d783b10621fdbb5bd908ae071b69a605befcf10f1,0.3973985788693863,0,339,1000,False
3.3.3,inertial,100,5,0.15,10018,numpy.random.default_rng,uniform,0,200.0,0.06906505801826421,0.013442686451279526,40.4,false,200,variance_above_threshold;max_rounds_reached,True,99132cb3b6a5470c4341191a7dcf53d2efaff838c0f979eff8127ac883aa9107,0.4238389550979674,0,404,1000,False
3.3.3,inertial,100,5,0.15,10019,numpy.random.default_rng,uniform,0,200.0,0.09944245208043345,0.01113715635012278,38.4,false,200,variance_above_threshold;max_rounds_reached,True,029ec1af5b1a83ec523292c90ca74b129f525a5c85a6bd5d57db37829ae613e4,0.40171555794129216,0,384,1000,False
3.3.3,inertial,100,5,0.25,10000,numpy.random.default_rng,uniform,0,3.0,0.02804711944682093,0.005230953765234761,13.0,true,3,,True,cf25c9953adf26f363547dc292902f9dc92de856f0976a8f14771ce6eabc7457,0.3719765903851501,0,130,1000,True
3.3.3,inertial,100,5,0.25,10001,numpy.random.default_rng,uniform,0,3.0,0.04866936877768288,0.005194470944419177,11.9,true,3,,True,1f77bb0d2f9849bf469695836b2ef4df50e72c2e040635d00f29ffe4d8f990e4,0.43215778843709735,0,119,1000,True
3.3.3,inertial,100,5,0.25,10002,numpy.random.default_rng,uniform,0,3.0,0.03564158891226169,0.0038225357485815997,11.0,true,3,,True,d6b74ec27001d0132e8ec26d83568c6d4ad6b68ebed7f5fcf03c8ba266b34356,0.3896165019314812,0,110,1000,True
3.3.3,inertial,100,5,0.25,10003,numpy.random.default_rng,uniform,0,3.0,0.04353627789522134,0.0038644591118718362,7.6,true,3,,True,4cffed5b347198978fecf500a129b996c36a58578d60fadeb1baf4da951e9917,0.42695781649541803,0,76,1000,True
3.3.3,inertial,100,5,0.25,10004,numpy.random.default_rng,uniform,0,3.0,0.03479716219085002,0.007569783875942348,10.7,true,3,,True,a01a898b7df3e3ea77ce22563a8e81daaa4e730215a35ee48af66dc191c70fe9,0.4056861825973417,0,107,1000,True
3.3.3,inertial,100,5,0.25,10005,numpy.random.default_rng,uniform,0,4.0,0.013714392222419037,0.004837976297591199,12.4,true,4,,True,a199e5a8fd66c314b28699c0a8e0b6bb4ba01dc0dcfaecd30862671909621166,0.4313068088810294,0,124,1000,True
3.3.3,inertial,100,5,0.25,10006,numpy.random.default_rng,uniform,0,3.0,0.04587514120922521,0.007488889107485454,11.8,true,3,,True,ba2f72cfbd7bb4d350aa9926f4031643abe31ee77bd4919a8535e9782c956261,0.4143992206340344,0,118,1000,True
3.3.3,inertial,100,5,0.25,10007,numpy.random.default_rng,uniform,0,3.0,0.03221513718560031,0.00688657571236401,10.3,true,3,,True,600936d91f71f59f33b2dd55ebc1c4c85582d7522e8e7026a15ce5fcbdab7f53,0.38910963043872404,0,103,1000,True
3.3.3,inertial,100,5,0.25,10008,numpy.random.default_rng,uniform,0,3.0,0.03506849057645461,0.009158259843427939,13.3,true,3,,True,599419fb950153ea31a8cbd3b639a0ef1f93fc8c8ed5e40ab887eae28c5b19a8,0.39366340529636346,0,133,1000,True
3.3.3,inertial,100,5,0.25,10009,numpy.random.default_rng,uniform,0,3.0,0.03890364415142464,0.008665787365628229,13.0,true,3,,True,5a41b2eece5ad56283e1a0730a4033655e6103a915ee2fda87fc726efc9550b7,0.3932555073101643,0,130,1000,True
3.3.3,inertial,100,5,0.25,10010,numpy.random.default_rng,uniform,0,4.0,0.01291753526933714,0.0077545252238647175,21.5,true,4,,True,0bc6885df922028bc0544a733c2fc7a49e6f6deea4e976cfa65509e026672941,0.4415422504634192,0,215,1000,True
3.3.3,inertial,100,5,0.25,10011,numpy.random.default_rng,uniform,0,3.0,0.03273908339932015,0.005350841607154842,9.2,true,3,,True,27a82b744750c11044598d91a65af2a42a74f626b79c997f06a78ec9c37059d6,0.3829700784238191,0,92,1000,True
3.3.3,inertial,100,5,0.25,10012,numpy.random.default_rng,uniform,0,3.0,0.03900037797274929,0.008072059316679073,15.5,true,3,,True,f8b38cc03a7fee65191fd7ad815ba5ecf32fae9ff4c2cf4468471c830818f0ce,0.4116747709551704,0,155,1000,True
3.3.3,inertial,100,5,0.25,10013,numpy.random.default_rng,uniform,0,4.0,0.014247210365272855,0.0065722317498756845,14.5,true,4,,True,5bb5f15d40ac4560042fdcc8ab406da1638f80ba62822bc54818aab3642fbe2f,0.44268251091042915,0,145,1000,True
3.3.3,inertial,100,5,0.25,10014,numpy.random.default_rng,uniform,0,3.0,0.04706176747353669,0.0036728596013259327,10.7,true,3,,True,a424ed65debd98c6e4f5cce1c0755edb44c40232ef609e5049244742918d274d,0.42357334464463153,0,107,1000,True
3.3.3,inertial,100,5,0.25,10015,numpy.random.default_rng,uniform,0,3.0,0.04273799032391505,0.007094569862614027,11.0,true,3,,True,298843e731d109666cebf540fffa4ef120df21e7cf55e7034d3d7ce046298b37,0.4103379425305337,0,110,1000,True
3.3.3,inertial,100,5,0.25,10016,numpy.random.default_rng,uniform,0,3.0,0.04431802460553979,0.004717016578311575,10.1,true,3,,True,af0afe247825f19259f548b7621be62d265cf931216e2938dde2c572e576d4ee,0.4277319552528362,0,101,1000,True
3.3.3,inertial,100,5,0.25,10017,numpy.random.default_rng,uniform,0,3.0,0.03540312059353905,0.006141816364432142,11.1,true,3,,True,02848b0c85ac8a325707be4d783b10621fdbb5bd908ae071b69a605befcf10f1,0.3973985788693863,0,111,1000,True
3.3.3,inertial,100,5,0.25,10018,numpy.random.default_rng,uniform,0,3.0,0.04313884671586267,0.004345578403337132,7.3,true,3,,True,99132cb3b6a5470c4341191a7dcf53d2efaff838c0f979eff8127ac883aa9107,0.4238389550979674,0,73,1000,True
3.3.3,inertial,100,5,0.25,10019,numpy.random.default_rng,uniform,0,3.0,0.036329222386575814,0.007768103042297518,9.3,true,3,,True,029ec1af5b1a83ec523292c90ca74b129f525a5c85a6bd5d57db37829ae613e4,0.40171555794129216,0,93,1000,True
3.3.3,noise_hk,100,5,0.05,10000,numpy.random.default_rng,uniform,0,200.0,0.3889872437848205,0.007737114458746841,11.4,false,200,variance_above_threshold;max_rounds_reached,True,cf25c9953adf26f363547dc292902f9dc92de856f0976a8f14771ce6eabc7457,0.3719765903851501,0,114,1000,False
3.3.3,noise_hk,100,5,0.05,10001,numpy.random.default_rng,uniform,0,200.0,0.4285878838287588,0.008836837397626073,10.7,false,200,variance_above_threshold;max_rounds_reached,True,1f77bb0d2f9849bf469695836b2ef4df50e72c2e040635d00f29ffe4d8f990e4,0.43215778843709735,0,107,1000,False
3.3.3,noise_hk,100,5,0.05,10002,numpy.random.default_rng,uniform,0,200.0,0.3834981208058342,0.008198192828658801,11.4,false,200,variance_above_threshold;max_rounds_reached,True,d6b74ec27001d0132e8ec26d83568c6d4ad6b68ebed7f5fcf03c8ba266b34356,0.3896165019314812,0,114,1000,False
3.3.3,noise_hk,100,5,0.05,10003,numpy.random.default_rng,uniform,0,200.0,0.4198669805158852,0.009699106194790743,11.5,false,200,variance_above_threshold;max_rounds_reached,True,4cffed5b347198978fecf500a129b996c36a58578d60fadeb1baf4da951e9917,0.42695781649541803,0,115,1000,False
3.3.3,noise_hk,100,5,0.05,10004,numpy.random.default_rng,uniform,0,200.0,0.420173238290123,0.00797893953047927,11.0,false,200,variance_above_threshold;max_rounds_reached,True,a01a898b7df3e3ea77ce22563a8e81daaa4e730215a35ee48af66dc191c70fe9,0.4056861825973417,0,110,1000,False
3.3.3,noise_hk,100,5,0.05,10005,numpy.random.default_rng,uniform,0,200.0,0.422821861742725,0.007058772727928229,11.0,false,200,variance_above_threshold;max_rounds_reached,True,a199e5a8fd66c314b28699c0a8e0b6bb4ba01dc0dcfaecd30862671909621166,0.4313068088810294,0,110,1000,False
3.3.3,noise_hk,100,5,0.05,10006,numpy.random.default_rng,uniform,0,200.0,0.4206664557476014,0.007781305900320801,9.4,false,200,variance_above_threshold;max_rounds_reached,True,ba2f72cfbd7bb4d350aa9926f4031643abe31ee77bd4919a8535e9782c956261,0.4143992206340344,0,94,1000,False
3.3.3,noise_hk,100,5,0.05,10007,numpy.random.default_rng,uniform,0,200.0,0.4098218169239449,0.004318632741165674,9.8,false,200,variance_above_threshold;max_rounds_reached,True,600936d91f71f59f33b2dd55ebc1c4c85582d7522e8e7026a15ce5fcbdab7f53,0.38910963043872404,0,98,1000,False
3.3.3,noise_hk,100,5,0.05,10008,numpy.random.default_rng,uniform,0,200.0,0.39048622815829925,0.0035699800054052374,12.7,false,200,variance_above_threshold;max_rounds_reached,True,599419fb950153ea31a8cbd3b639a0ef1f93fc8c8ed5e40ab887eae28c5b19a8,0.39366340529636346,0,127,1000,False
3.3.3,noise_hk,100,5,0.05,10009,numpy.random.default_rng,uniform,0,200.0,0.4049243289907585,0.010129496520287275,11.9,false,200,variance_above_threshold;max_rounds_reached,True,5a41b2eece5ad56283e1a0730a4033655e6103a915ee2fda87fc726efc9550b7,0.3932555073101643,0,119,1000,False
3.3.3,noise_hk,100,5,0.05,10010,numpy.random.default_rng,uniform,0,200.0,0.43850759045721177,0.01202977624871616,10.9,false,200,variance_above_threshold;max_rounds_reached,True,0bc6885df922028bc0544a733c2fc7a49e6f6deea4e976cfa65509e026672941,0.4415422504634192,0,109,1000,False
3.3.3,noise_hk,100,5,0.05,10011,numpy.random.default_rng,uniform,0,200.0,0.3908497065362657,0.006222963008826141,9.7,false,200,variance_above_threshold;max_rounds_reached,True,27a82b744750c11044598d91a65af2a42a74f626b79c997f06a78ec9c37059d6,0.3829700784238191,0,97,1000,False
3.3.3,noise_hk,100,5,0.05,10012,numpy.random.default_rng,uniform,0,200.0,0.3964175552303015,0.008130375655757907,9.3,false,200,variance_above_threshold;max_rounds_reached,True,f8b38cc03a7fee65191fd7ad815ba5ecf32fae9ff4c2cf4468471c830818f0ce,0.4116747709551704,0,93,1000,False
3.3.3,noise_hk,100,5,0.05,10013,numpy.random.default_rng,uniform,0,200.0,0.45205232990967115,0.011009564159060611,8.9,false,200,variance_above_threshold;max_rounds_reached,True,5bb5f15d40ac4560042fdcc8ab406da1638f80ba62822bc54818aab3642fbe2f,0.44268251091042915,0,89,1000,False
3.3.3,noise_hk,100,5,0.05,10014,numpy.random.default_rng,uniform,0,200.0,0.43492050457017106,0.008177684751553017,9.5,false,200,variance_above_threshold;max_rounds_reached,True,a424ed65debd98c6e4f5cce1c0755edb44c40232ef609e5049244742918d274d,0.42357334464463153,0,95,1000,False
3.3.3,noise_hk,100,5,0.05,10015,numpy.random.default_rng,uniform,0,200.0,0.40502903216085795,0.014053923573919679,9.0,false,200,variance_above_threshold;max_rounds_reached,True,298843e731d109666cebf540fffa4ef120df21e7cf55e7034d3d7ce046298b37,0.4103379425305337,0,90,1000,False
3.3.3,noise_hk,100,5,0.05,10016,numpy.random.default_rng,uniform,0,200.0,0.4162273753882438,0.006357698230136766,13.1,false,200,variance_above_threshold;max_rounds_reached,True,af0afe247825f19259f548b7621be62d265cf931216e2938dde2c572e576d4ee,0.4277319552528362,0,131,1000,False
3.3.3,noise_hk,100,5,0.05,10017,numpy.random.default_rng,uniform,0,200.0,0.3908436535118647,0.0156932590106073,11.2,false,200,variance_above_threshold;max_rounds_reached,True,02848b0c85ac8a325707be4d783b10621fdbb5bd908ae071b69a605befcf10f1,0.3973985788693863,0,112,1000,False
3.3.3,noise_hk,100,5,0.05,10018,numpy.random.default_rng,uniform,0,200.0,0.4165911054595738,0.007107660094894809,10.8,false,200,variance_above_threshold;max_rounds_reached,True,99132cb3b6a5470c4341191a7dcf53d2efaff838c0f979eff8127ac883aa9107,0.4238389550979674,0,108,1000,False
3.3.3,noise_hk,100,5,0.05,10019,numpy.random.default_rng,uniform,0,200.0,0.40567597152594925,0.011891746345792258,9.9,false,200,variance_above_threshold;max_rounds_reached,True,029ec1af5b1a83ec523292c90ca74b129f525a5c85a6bd5d57db37829ae613e4,0.40171555794129216,0,99,1000,False
3.3.3,noise_hk,100,5,0.15,10000,numpy.random.default_rng,uniform,0,7.0,0.04465685472323384,0.01864953300952085,40.6,true,7,,True,cf25c9953adf26f363547dc292902f9dc92de856f0976a8f14771ce6eabc7457,0.3719765903851501,0,406,1000,True
3.3.3,noise_hk,100,5,0.15,10001,numpy.random.default_rng,uniform,0,200.0,0.057526892340957314,0.029493010212562915,38.9,false,200,variance_above_threshold;max_rounds_reached,True,1f77bb0d2f9849bf469695836b2ef4df50e72c2e040635d00f29ffe4d8f990e4,0.43215778843709735,0,389,1000,False
3.3.3,noise_hk,100,5,0.15,10002,numpy.random.default_rng,uniform,0,200.0,0.09084313460915476,0.020540742737284647,34.9,false,200,variance_above_threshold;max_rounds_reached,True,d6b74ec27001d0132e8ec26d83568c6d4ad6b68ebed7f5fcf03c8ba266b34356,0.3896165019314812,0,349,1000,False
3.3.3,noise_hk,100,5,0.15,10003,numpy.random.default_rng,uniform,0,200.0,0.23037089466801827,0.03893414174760065,27.4,false,200,variance_above_threshold;max_rounds_reached,True,4cffed5b347198978fecf500a129b996c36a58578d60fadeb1baf4da951e9917,0.42695781649541803,0,274,1000,False
3.3.3,noise_hk,100,5,0.15,10004,numpy.random.default_rng,uniform,0,200.0,0.11345991221216944,0.02923448023877473,38.5,false,200,variance_above_threshold;max_rounds_reached,True,a01a898b7df3e3ea77ce22563a8e81daaa4e730215a35ee48af66dc191c70fe9,0.4056861825973417,0,385,1000,False
3.3.3,noise_hk,100,5,0.15,10005,numpy.random.default_rng,uniform,0,200.0,0.1415010253321124,0.024734153259243497,40.9,false,200,variance_above_threshold;max_rounds_reached,True,a199e5a8fd66c314b28699c0a8e0b6bb4ba01dc0dcfaecd30862671909621166,0.4313068088810294,0,409,1000,False
3.3.3,noise_hk,100,5,0.15,10006,numpy.random.default_rng,uniform,0,200.0,0.20477415918023828,0.027518887102578125,30.5,false,200,variance_above_threshold;max_rounds_reached,True,ba2f72cfbd7bb4d350aa9926f4031643abe31ee77bd4919a8535e9782c956261,0.4143992206340344,0,305,1000,False
3.3.3,noise_hk,100,5,0.15,10007,numpy.random.default_rng,uniform,0,185.0,0.046236648173599154,0.035197748654022636,39.6,true,185,,True,600936d91f71f59f33b2dd55ebc1c4c85582d7522e8e7026a15ce5fcbdab7f53,0.38910963043872404,0,396,1000,True
3.3.3,noise_hk,100,5,0.15,10008,numpy.random.default_rng,uniform,0,39.0,0.024229430273289877,0.023226697932898523,43.0,true,39,,True,599419fb950153ea31a8cbd3b639a0ef1f93fc8c8ed5e40ab887eae28c5b19a8,0.39366340529636346,0,430,1000,True
3.3.3,noise_hk,100,5,0.15,10009,numpy.random.default_rng,uniform,0,200.0,0.08784889040165925,0.04438528732360403,35.9,false,200,variance_above_threshold;max_rounds_reached,True,5a41b2eece5ad56283e1a0730a4033655e6103a915ee2fda87fc726efc9550b7,0.3932555073101643,0,359,1000,False
3.3.3,noise_hk,100,5,0.15,10010,numpy.random.default_rng,uniform,0,200.0,0.16767417554368555,0.03374772281455661,32.8,false,200,variance_above_threshold;max_rounds_reached,True,0bc6885df922028bc0544a733c2fc7a49e6f6deea4e976cfa65509e026672941,0.4415422504634192,0,328,1000,False
3.3.3,noise_hk,100,5,0.15,10011,numpy.random.default_rng,uniform,0,77.0,0.04750986208646934,0.02158254255843189,44.9,true,77,,True,27a82b744750c11044598d91a65af2a42a74f626b79c997f06a78ec9c37059d6,0.3829700784238191,0,449,1000,True
3.3.3,noise_hk,100,5,0.15,10012,numpy.random.default_rng,uniform,0,200.0,0.12327679500460562,0.04052081480854965,33.5,false,200,variance_above_threshold;max_rounds_reached,True,f8b38cc03a7fee65191fd7ad815ba5ecf32fae9ff4c2cf4468471c830818f0ce,0.4116747709551704,0,335,1000,False
3.3.3,noise_hk,100,5,0.15,10013,numpy.random.default_rng,uniform,0,200.0,0.06481307154186908,0.027207938495835537,43.6,false,200,variance_above_threshold;max_rounds_reached,True,5bb5f15d40ac4560042fdcc8ab406da1638f80ba62822bc54818aab3642fbe2f,0.44268251091042915,0,436,1000,False
3.3.3,noise_hk,100,5,0.15,10014,numpy.random.default_rng,uniform,0,200.0,0.18023466238163685,0.026922941857305573,30.5,false,200,variance_above_threshold;max_rounds_reached,True,a424ed65debd98c6e4f5cce1c0755edb44c40232ef609e5049244742918d274d,0.42357334464463153,0,305,1000,False
3.3.3,noise_hk,100,5,0.15,10015,numpy.random.default_rng,uniform,0,200.0,0.10983244007154112,0.04227751248683873,33.9,false,200,variance_above_threshold;max_rounds_reached,True,298843e731d109666cebf540fffa4ef120df21e7cf55e7034d3d7ce046298b37,0.4103379425305337,0,339,1000,False
3.3.3,noise_hk,100,5,0.15,10016,numpy.random.default_rng,uniform,0,138.0,0.04857096483369597,0.031251509711333496,45.0,true,138,,True,af0afe247825f19259f548b7621be62d265cf931216e2938dde2c572e576d4ee,0.4277319552528362,0,450,1000,True
3.3.3,noise_hk,100,5,0.15,10017,numpy.random.default_rng,uniform,0,200.0,0.09282785859853376,0.04610177634476943,38.9,false,200,variance_above_threshold;max_rounds_reached,True,02848b0c85ac8a325707be4d783b10621fdbb5bd908ae071b69a605befcf10f1,0.3973985788693863,0,389,1000,False
3.3.3,noise_hk,100,5,0.15,10018,numpy.random.default_rng,uniform,0,28.0,0.049560214715914014,0.014972683254701746,43.7,true,28,,True,99132cb3b6a5470c4341191a7dcf53d2efaff838c0f979eff8127ac883aa9107,0.4238389550979674,0,437,1000,True
3.3.3,noise_hk,100,5,0.15,10019,numpy.random.default_rng,uniform,0,200.0,0.08040983785813671,0.03624681083275403,40.5,false,200,variance_above_threshold;max_rounds_reached,True,029ec1af5b1a83ec523292c90ca74b129f525a5c85a6bd5d57db37829ae613e4,0.40171555794129216,0,405,1000,False
3.3.3,noise_hk,100,5,0.25,10000,numpy.random.default_rng,uniform,0,2.0,0.008645945596338994,0.008142813488103974,38.6,true,2,,True,cf25c9953adf26f363547dc292902f9dc92de856f0976a8f14771ce6eabc7457,0.3719765903851501,0,386,1000,True
3.3.3,noise_hk,100,5,0.25,10001,numpy.random.default_rng,uniform,0,2.0,0.0174628794892443,0.008468680700824596,32.2,true,2,,True,1f77bb0d2f9849bf469695836b2ef4df50e72c2e040635d00f29ffe4d8f990e4,0.43215778843709735,0,322,1000,True
3.3.3,noise_hk,100,5,0.25,10002,numpy.random.default_rng,uniform,0,2.0,0.012506110899543675,0.008713776018460167,37.9,true,2,,True,d6b74ec27001d0132e8ec26d83568c6d4ad6b68ebed7f5fcf03c8ba266b34356,0.3896165019314812,0,379,1000,True
3.3.3,noise_hk,100,5,0.25,10003,numpy.random.default_rng,uniform,0,2.0,0.01248102295450631,0.006360421358032163,34.1,true,2,,True,4cffed5b347198978fecf500a129b996c36a58578d60fadeb1baf4da951e9917,0.42695781649541803,0,341,1000,True
3.3.3,noise_hk,100,5,0.25,10004,numpy.random.default_rng,uniform,0,2.0,0.009987434961219298,0.00865449753209211,37.2,true,2,,True,a01a898b7df3e3ea77ce22563a8e81daaa4e730215a35ee48af66dc191c70fe9,0.4056861825973417,0,372,1000,True
3.3.3,noise_hk,100,5,0.25,10005,numpy.random.default_rng,uniform,0,2.0,0.02121281867821882,0.007503444084202469,30.6,true,2,,True,a199e5a8fd66c314b28699c0a8e0b6bb4ba01dc0dcfaecd30862671909621166,0.4313068088810294,0,306,1000,True
3.3.3,noise_hk,100,5,0.25,10006,numpy.random.default_rng,uniform,0,2.0,0.017052761992533118,0.01555949306128015,34.5,true,2,,True,ba2f72cfbd7bb4d350aa9926f4031643abe31ee77bd4919a8535e9782c956261,0.4143992206340344,0,345,1000,True
3.3.3,noise_hk,100,5,0.25,10007,numpy.random.default_rng,uniform,0,2.0,0.009557876432477677,0.010055079586659755,34.7,true,2,,True,600936d91f71f59f33b2dd55ebc1c4c85582d7522e8e7026a15ce5fcbdab7f53,0.38910963043872404,0,347,1000,True
3.3.3,noise_hk,100,5,0.25,10008,numpy.random.default_rng,uniform,0,2.0,0.014339901794666071,0.010106082820859322,39.0,true,2,,True,599419fb950153ea31a8cbd3b639a0ef1f93fc8c8ed5e40ab887eae28c5b19a8,0.39366340529636346,0,390,1000,True
3.3.3,noise_hk,100,5,0.25,10009,numpy.random.default_rng,uniform,0,2.0,0.015347053738902997,0.011564534330843304,32.6,true,2,,True,5a41b2eece5ad56283e1a0730a4033655e6103a915ee2fda87fc726efc9550b7,0.3932555073101643,0,326,1000,True
3.3.3,noise_hk,100,5,0.25,10010,numpy.random.default_rng,uniform,0,2.0,0.018605479565747495,0.012316390590431834,29.3,true,2,,True,0bc6885df922028bc0544a733c2fc7a49e6f6deea4e976cfa65509e026672941,0.4415422504634192,0,293,1000,True
3.3.3,noise_hk,100,5,0.25,10011,numpy.random.default_rng,uniform,0,2.0,0.010340161496443886,0.01000115275156834,35.8,true,2,,True,27a82b744750c11044598d91a65af2a42a74f626b79c997f06a78ec9c37059d6,0.3829700784238191,0,358,1000,True
3.3.3,noise_hk,100,5,0.25,10012,numpy.random.default_rng,uniform,0,2.0,0.012892118585906857,0.01225589277472407,35.5,true,2,,True,f8b38cc03a7fee65191fd7ad815ba5ecf32fae9ff4c2cf4468471c830818f0ce,0.4116747709551704,0,355,1000,True
3.3.3,noise_hk,100,5,0.25,10013,numpy.random.default_rng,uniform,0,2.0,0.021257383155285976,0.009519092181080017,28.4,true,2,,True,5bb5f15d40ac4560042fdcc8ab406da1638f80ba62822bc54818aab3642fbe2f,0.44268251091042915,0,284,1000,True
3.3.3,noise_hk,100,5,0.25,10014,numpy.random.default_rng,uniform,0,2.0,0.0177229717878614,0.00370791833012433,32.7,true,2,,True,a424ed65debd98c6e4f5cce1c0755edb44c40232ef609e5049244742918d274d,0.42357334464463153,0,327,1000,True
3.3.3,noise_hk,100,5,0.25,10015,numpy.random.default_rng,uniform,0,2.0,0.014005027637315636,0.007479139510651299,32.3,true,2,,True,298843e731d109666cebf540fffa4ef120df21e7cf55e7034d3d7ce046298b37,0.4103379425305337,0,323,1000,True
3.3.3,noise_hk,100,5,0.25,10016,numpy.random.default_rng,uniform,0,2.0,0.014123532848079538,0.007806259829953023,34.3,true,2,,True,af0afe247825f19259f548b7621be62d265cf931216e2938dde2c572e576d4ee,0.4277319552528362,0,343,1000,True
3.3.3,noise_hk,100,5,0.25,10017,numpy.random.default_rng,uniform,0,2.0,0.012558521615534859,0.006701732351552259,33.5,true,2,,True,02848b0c85ac8a325707be4d783b10621fdbb5bd908ae071b69a605befcf10f1,0.3973985788693863,0,335,1000,True
3.3.3,noise_hk,100,5,0.25,10018,numpy.random.default_rng,uniform,0,2.0,0.012348786840143653,0.007910400997517164,31.6,true,2,,True,99132cb3b6a5470c4341191a7dcf53d2efaff838c0f979eff8127ac883aa9107,0.4238389550979674,0,316,1000,True
3.3.3,noise_hk,100,5,0.25,10019,numpy.random.default_rng,uniform,0,2.0,0.012131454337813782,0.007668238793495676,37.5,true,2,,True,029ec1af5b1a83ec523292c90ca74b129f525a5c85a6bd5d57db37829ae613e4,0.40171555794129216,0,375,1000,True
3.3.3,scod,100,5,0.05,10000,numpy.random.default_rng,uniform,0,1.0,0.016399528717220016,0.008110071768535064,24.9,true,1,,True,cf25c9953adf26f363547dc292902f9dc92de856f0976a8f14771ce6eabc7457,0.3719765903851501,0,249,1000,True
3.3.3,scod,100,5,0.05,10001,numpy.random.default_rng,uniform,0,1.0,0.0177721109267935,0.0056233520017382145,23.9,true,1,,True,1f77bb0d2f9849bf469695836b2ef4df50e72c2e040635d00f29ffe4d8f990e4,0.43215778843709735,0,239,1000,True
3.3.3,scod,100,5,0.05,10002,numpy.random.default_rng,uniform,0,1.0,0.01619610963277925,0.0036457966194308787,24.7,true,1,,True,d6b74ec27001d0132e8ec26d83568c6d4ad6b68ebed7f5fcf03c8ba266b34356,0.3896165019314812,0,247,1000,True
3.3.3,scod,100,5,0.05,10003,numpy.random.default_rng,uniform,0,1.0,0.01790433614757631,0.0025691335949209627,20.1,true,1,,True,4cffed5b347198978fecf500a129b996c36a58578d60fadeb1baf4da951e9917,0.42695781649541803,0,201,1000,True
3.3.3,scod,100,5,0.05,10004,numpy.random.default_rng,uniform,0,1.0,0.015216187503147634,0.005013563943002547,23.7,true,1,,True,a01a898b7df3e3ea77ce22563a8e81daaa4e730215a35ee48af66dc191c70fe9,0.4056861825973417,0,237,1000,True
3.3.3,scod,100,5,0.05,10005,numpy.random.default_rng,uniform,0,1.0,0.019837067421841364,0.0026287472865685977,19.1,true,1,,True,a199e5a8fd66c314b28699c0a8e0b6bb4ba01dc0dcfaecd30862671909621166,0.4313068088810294,0,191,1000,True
3.3.3,scod,100,5,0.05,10006,numpy.random.default_rng,uniform,0,1.0,0.01816956257340573,0.004142400089553497,20.9,true,1,,True,ba2f72cfbd7bb4d350aa9926f4031643abe31ee77bd4919a8535e9782c956261,0.4143992206340344,0,209,1000,True
3.3.3,scod,100,5,0.05,10007,numpy.random.default_rng,uniform,0,1.0,0.017216887824996613,0.005660071944887515,22.8,true,1,,True,600936d91f71f59f33b2dd55ebc1c4c85582d7522e8e7026a15ce5fcbdab7f53,0.38910963043872404,0,228,1000,True
3.3.3,scod,100,5,0.05,10008,numpy.random.default_rng,uniform,0,1.0,0.017227595663407962,0.004250266858539367,23.2,true,1,,True,599419fb950153ea31a8cbd3b639a0ef1f93fc8c8ed5e40ab887eae28c5b19a8,0.39366340529636346,0,232,1000,True
3.3.3,scod,100,5,0.05,10009,numpy.random.default_rng,uniform,0,1.0,0.018054686456734824,0.004886065146068965,23.1,true,1,,True,5a41b2eece5ad56283e1a0730a4033655e6103a915ee2fda87fc726efc9550b7,0.3932555073101643,0,231,1000,True
3.3.3,scod,100,5,0.05,10010,numpy.random.default_rng,uniform,0,1.0,0.018713148027391463,0.004895787444186276,22.8,true,1,,True,0bc6885df922028bc0544a733c2fc7a49e6f6deea4e976cfa65509e026672941,0.4415422504634192,0,228,1000,True
3.3.3,scod,100,5,0.05,10011,numpy.random.default_rng,uniform,0,1.0,0.016228676517181396,0.002440224816597773,22.1,true,1,,True,27a82b744750c11044598d91a65af2a42a74f626b79c997f06a78ec9c37059d6,0.3829700784238191,0,221,1000,True
3.3.3,scod,100,5,0.05,10012,numpy.random.default_rng,uniform,0,1.0,0.01853685726746247,0.004776643503991256,23.0,true,1,,True,f8b38cc03a7fee65191fd7ad815ba5ecf32fae9ff4c2cf4468471c830818f0ce,0.4116747709551704,0,230,1000,True
3.3.3,scod,100,5,0.05,10013,numpy.random.default_rng,uniform,0,1.0,0.018519206151196115,0.0035842412790224086,21.1,true,1,,True,5bb5f15d40ac4560042fdcc8ab406da1638f80ba62822bc54818aab3642fbe2f,0.44268251091042915,0,211,1000,True
3.3.3,scod,100,5,0.05,10014,numpy.random.default_rng,uniform,0,1.0,0.018920257789180713,0.004295890452538679,21.0,true,1,,True,a424ed65debd98c6e4f5cce1c0755edb44c40232ef609e5049244742918d274d,0.42357334464463153,0,210,1000,True
3.3.3,scod,100,5,0.05,10015,numpy.random.default_rng,uniform,0,1.0,0.016238865727457617,0.004658842380356785,20.5,true,1,,True,298843e731d109666cebf540fffa4ef120df21e7cf55e7034d3d7ce046298b37,0.4103379425305337,0,205,1000,True
3.3.3,scod,100,5,0.05,10016,numpy.random.default_rng,uniform,0,1.0,0.015085294869554195,0.0055197741933297765,26.4,true,1,,True,af0afe247825f19259f548b7621be62d265cf931216e2938dde2c572e576d4ee,0.4277319552528362,0,264,1000,True
3.3.3,scod,100,5,0.05,10017,numpy.random.default_rng,uniform,0,1.0,0.01684746094992838,0.0033339214739050963,19.0,true,1,,True,02848b0c85ac8a325707be4d783b10621fdbb5bd908ae071b69a605befcf10f1,0.3973985788693863,0,190,1000,True
3.3.3,scod,100,5,0.05,10018,numpy.random.default_rng,uniform,0,1.0,0.017694057069206088,0.003129926240347999,20.9,true,1,,True,99132cb3b6a5470c4341191a7dcf53d2efaff838c0f979eff8127ac883aa9107,0.4238389550979674,0,209,1000,True
3.3.3,scod,100,5,0.05,10019,numpy.random.default_rng,uniform,0,1.0,0.019433509334519337,0.001773554000265582,21.8,true,1,,True,029ec1af5b1a83ec523292c90ca74b129f525a5c85a6bd5d57db37829ae613e4,0.40171555794129216,0,218,1000,True
3.3.3,scod,100,5,0.15,10000,numpy.random.default_rng,uniform,0,1.0,0.0036164564623502714,0.004122332837307542,33.7,true,1,,True,cf25c9953adf26f363547dc292902f9dc92de856f0976a8f14771ce6eabc7457,0.3719765903851501,0,337,1000,True
3.3.3,scod,100,5,0.15,10001,numpy.random.default_rng,uniform,0,1.0,0.0044684010802783815,0.0021082913349034387,30.6,true,1,,True,1f77bb0d2f9849bf469695836b2ef4df50e72c2e040635d00f29ffe4d8f990e4,0.43215778843709735,0,306,1000,True
3.3.3,scod,100,5,0.15,10002,numpy.random.default_rng,uniform,0,1.0,0.0038567895969001116,0.0007680406105166004,33.0,true,1,,True,d6b74ec27001d0132e8ec26d83568c6d4ad6b68ebed7f5fcf03c8ba266b34356,0.3896165019314812,0,330,1000,True
3.3.3,scod,100,5,0.15,10003,numpy.random.default_rng,uniform,0,1.0,0.004051620080963986,0.0020052301200515405,25.6,true,1,,True,4cffed5b347198978fecf500a129b996c36a58578d60fadeb1baf4da951e9917,0.42695781649541803,0,256,1000,True
3.3.3,scod,100,5,0.15,10004,numpy.random.default_rng,uniform,0,1.0,0.0034648358471136296,0.002325447367189623,28.7,true,1,,True,a01a898b7df3e3ea77ce22563a8e81daaa4e730215a35ee48af66dc191c70fe9,0.4056861825973417,0,287,1000,True
3.3.3,scod,100,5,0.15,10005,numpy.random.default_rng,uniform,0,1.0,0.004679041536899158,0.0016110414946421806,25.3,true,1,,True,a199e5a8fd66c314b28699c0a8e0b6bb4ba01dc0dcfaecd30862671909621166,0.4313068088810294,0,253,1000,True
3.3.3,scod,100,5,0.15,10006,numpy.random.default_rng,uniform,0,1.0,0.0039330087505372105,0.0018292938415644736,30.3,true,1,,True,ba2f72cfbd7bb4d350aa9926f4031643abe31ee77bd4919a8535e9782c956261,0.4143992206340344,0,303,1000,True
3.3.3,scod,100,5,0.15,10007,numpy.random.default_rng,uniform,0,1.0,0.0033585341779926534,0.00223569419714485,27.7,true,1,,True,600936d91f71f59f33b2dd55ebc1c4c85582d7522e8e7026a15ce5fcbdab7f53,0.38910963043872404,0,277,1000,True
3.3.3,scod,100,5,0.15,10008,numpy.random.default_rng,uniform,0,1.0,0.0044799884898371325,0.0029858815154298053,29.8,true,1,,True,599419fb950153ea31a8cbd3b639a0ef1f93fc8c8ed5e40ab887eae28c5b19a8,0.39366340529636346,0,298,1000,True
3.3.3,scod,100,5,0.15,10009,numpy.random.default_rng,uniform,0,1.0,0.004366694131072189,0.002850700660904676,30.9,true,1,,True,5a41b2eece5ad56283e1a0730a4033655e6103a915ee2fda87fc726efc9550b7,0.3932555073101643,0,309,1000,True
3.3.3,scod,100,5,0.15,10010,numpy.random.default_rng,uniform,0,1.0,0.004381190014837114,0.003103274021991795,29.5,true,1,,True,0bc6885df922028bc0544a733c2fc7a49e6f6deea4e976cfa65509e026672941,0.4415422504634192,0,295,1000,True
3.3.3,scod,100,5,0.15,10011,numpy.random.default_rng,uniform,0,1.0,0.003295290861718354,0.0012341678141138425,29.4,true,1,,True,27a82b744750c11044598d91a65af2a42a74f626b79c997f06a78ec9c37059d6,0.3829700784238191,0,294,1000,True
3.3.3,scod,100,5,0.15,10012,numpy.random.default_rng,uniform,0,1.0,0.003795896671360573,0.0031401108956550672,30.5,true,1,,True,f8b38cc03a7fee65191fd7ad815ba5ecf32fae9ff4c2cf4468471c830818f0ce,0.4116747709551704,0,305,1000,True
3.3.3,scod,100,5,0.15,10013,numpy.random.default_rng,uniform,0,1.0,0.004345611793179121,0.0024191784006557934,24.8,true,1,,True,5bb5f15d40ac4560042fdcc8ab406da1638f80ba62822bc54818aab3642fbe2f,0.44268251091042915,0,248,1000,True
3.3.3,scod,100,5,0.15,10014,numpy.random.default_rng,uniform,0,1.0,0.004301061703063697,0.002245812009377297,28.7,true,1,,True,a424ed65debd98c6e4f5cce1c0755edb44c40232ef609e5049244742918d274d,0.42357334464463153,0,287,1000,True
3.3.3,scod,100,5,0.15,10015,numpy.random.default_rng,uniform,0,1.0,0.0042769174843481665,0.0022908548729865296,25.3,true,1,,True,298843e731d109666cebf540fffa4ef120df21e7cf55e7034d3d7ce046298b37,0.4103379425305337,0,253,1000,True
3.3.3,scod,100,5,0.15,10016,numpy.random.default_rng,uniform,0,1.0,0.0042048160287649836,0.0024052997469047356,32.2,true,1,,True,af0afe247825f19259f548b7621be62d265cf931216e2938dde2c572e576d4ee,0.4277319552528362,0,322,1000,True
3.3.3,scod,100,5,0.15,10017,numpy.random.default_rng,uniform,0,1.0,0.0037156857367140186,0.0016149086805822897,25.5,true,1,,True,02848b0c85ac8a325707be4d783b10621fdbb5bd908ae071b69a605befcf10f1,0.3973985788693863,0,255,1000,True
3.3.3,scod,100,5,0.15,10018,numpy.random.default_rng,uniform,0,1.0,0.0037904297802343126,0.001917243824712468,22.6,true,1,,True,99132cb3b6a5470c4341191a7dcf53d2efaff838c0f979eff8127ac883aa9107,0.4238389550979674,0,226,1000,True
3.3.3,scod,100,5,0.15,10019,numpy.random.default_rng,uniform,0,1.0,0.003764133670753121,0.002152893810066268,26.9,true,1,,True,029ec1af5b1a83ec523292c90ca74b129f525a5c85a6bd5d57db37829ae613e4,0.40171555794129216,0,269,1000,True
3.3.3,scod,100,5,0.25,10000,numpy.random.default_rng,uniform,0,1.0,0.0005873821193653479,0.0010246365922632885,42.7,true,1,,True,cf25c9953adf26f363547dc292902f9dc92de856f0976a8f14771ce6eabc7457,0.3719765903851501,0,427,1000,True
3.3.3,scod,100,5,0.25,10001,numpy.random.default_rng,uniform,0,1.0,0.001038103167855073,0.0014670768276845696,38.8,true,1,,True,1f77bb0d2f9849bf469695836b2ef4df50e72c2e040635d00f29ffe4d8f990e4,0.43215778843709735,0,388,1000,True
3.3.3,scod,100,5,0.25,10002,numpy.random.default_rng,uniform,0,1.0,0.0006247764189125533,0.0004310042722600851,42.1,true,1,,True,d6b74ec27001d0132e8ec26d83568c6d4ad6b68ebed7f5fcf03c8ba266b34356,0.3896165019314812,0,421,1000,True
3.3.3,scod,100,5,0.25,10003,numpy.random.default_rng,uniform,0,1.0,0.0008247111313543833,0.0003814018286859713,38.3,true,1,,True,4cffed5b347198978fecf500a129b996c36a58578d60fadeb1baf4da951e9917,0.42695781649541803,0,383,1000,True
3.3.3,scod,100,5,0.25,10004,numpy.random.default_rng,uniform,0,1.0,0.0007112285798954554,0.0010582007535286048,40.5,true,1,,True,a01a898b7df3e3ea77ce22563a8e81daaa4e730215a35ee48af66dc191c70fe9,0.4056861825973417,0,405,1000,True
3.3.3,scod,100,5,0.25,10005,numpy.random.default_rng,uniform,0,1.0,0.001166585762243971,0.0008458204755886328,32.7,true,1,,True,a199e5a8fd66c314b28699c0a8e0b6bb4ba01dc0dcfaecd30862671909621166,0.4313068088810294,0,327,1000,True
3.3.3,scod,100,5,0.25,10006,numpy.random.default_rng,uniform,0,1.0,0.0007772044262807348,0.0007547788082985724,37.8,true,1,,True,ba2f72cfbd7bb4d350aa9926f4031643abe31ee77bd4919a8535e9782c956261,0.4143992206340344,0,378,1000,True
3.3.3,scod,100,5,0.25,10007,numpy.random.default_rng,uniform,0,1.0,0.0005994921453815428,0.000799707497733011,37.7,true,1,,True,600936d91f71f59f33b2dd55ebc1c4c85582d7522e8e7026a15ce5fcbdab7f53,0.38910963043872404,0,377,1000,True
3.3.3,scod,100,5,0.25,10008,numpy.random.default_rng,uniform,0,1.0,0.0009668160362777396,0.0012720702688377432,36.2,true,1,,True,599419fb950153ea31a8cbd3b639a0ef1f93fc8c8ed5e40ab887eae28c5b19a8,0.39366340529636346,0,362,1000,True
3.3.3,scod,100,5,0.25,10009,numpy.random.default_rng,uniform,0,1.0,0.0009539018980824346,0.001089741319739994,37.4,true,1,,True,5a41b2eece5ad56283e1a0730a4033655e6103a915ee2fda87fc726efc9550b7,0.3932555073101643,0,374,1000,True
3.3.3,scod,100,5,0.25,10010,numpy.random.default_rng,uniform,0,1.0,0.0009708041408393566,0.0009974602474412796,37.3,true,1,,True,0bc6885df922028bc0544a733c2fc7a49e6f6deea4e976cfa65509e026672941,0.4415422504634192,0,373,1000,True
3.3.3,scod,100,5,0.25,10011,numpy.random.default_rng,uniform,0,1.0,0.0006261824092736849,0.0004287525479940694,39.5,true,1,,True,27a82b744750c11044598d91a65af2a42a74f626b79c997f06a78ec9c37059d6,0.3829700784238191,0,395,1000,True
3.3.3,scod,100,5,0.25,10012,numpy.random.default_rng,uniform,0,1.0,0.0008827410644084293,0.0015034975275397698,39.0,true,1,,True,f8b38cc03a7fee65191fd7ad815ba5ecf32fae9ff4c2cf4468471c830818f0ce,0.4116747709551704,0,390,1000,True
3.3.3,scod,100,5,0.25,10013,numpy.random.default_rng,uniform,0,1.0,0.0009060131312940257,0.0010076795759538612,36.3,true,1,,True,5bb5f15d40ac4560042fdcc8ab406da1638f80ba62822bc54818aab3642fbe2f,0.44268251091042915,0,363,1000,True
3.3.3,scod,100,5,0.25,10014,numpy.random.default_rng,uniform,0,1.0,0.0009462626035845202,0.00111371009957648,36.8,true,1,,True,a424ed65debd98c6e4f5cce1c0755edb44c40232ef609e5049244742918d274d,0.42357334464463153,0,368,1000,True
3.3.3,scod,100,5,0.25,10015,numpy.random.default_rng,uniform,0,1.0,0.0008679505774131146,0.0012210711619885675,35.5,true,1,,True,298843e731d109666cebf540fffa4ef120df21e7cf55e7034d3d7ce046298b37,0.4103379425305337,0,355,1000,True
3.3.3,scod,100,5,0.25,10016,numpy.random.default_rng,uniform,0,1.0,0.0010089711598023614,0.0010789047604496894,41.1,true,1,,True,af0afe247825f19259f548b7621be62d265cf931216e2938dde2c572e576d4ee,0.4277319552528362,0,411,1000,True
3.3.3,scod,100,5,0.25,10017,numpy.random.default_rng,uniform,0,1.0,0.000733413042511916,0.0005485771500540352,37.3,true,1,,True,02848b0c85ac8a325707be4d783b10621fdbb5bd908ae071b69a605befcf10f1,0.3973985788693863,0,373,1000,True
3.3.3,scod,100,5,0.25,10018,numpy.random.default_rng,uniform,0,1.0,0.0007163378088121378,0.0007525032904036146,33.3,true,1,,True,99132cb3b6a5470c4341191a7dcf53d2efaff838c0f979eff8127ac883aa9107,0.4238389550979674,0,333,1000,True
3.3.3,scod,100,5,0.25,10019,numpy.random.default_rng,uniform,0,1.0,0.0007267772391617272,0.0009340909359618282,37.3,true,1,,True,029ec1af5b1a83ec523292c90ca74b129f525a5c85a6bd5d57db37829ae613e4,0.40171555794129216,0,373,1000,True
